county,sub_county,constituency,ward,community_unit_name,community_unit_code,chu_status,linked_facility_name,date_established_excel,source
LAMU,Lamu West,Lamu West,Witu,Didewaride Community Unit,703395,Fully-functional,Didewaride Dispensary,43529,KMHFR via openAFRICA (2020 extract)
LAMU,Lamu West,Lamu West,Hongwe,Bomani Community Unit,703393,Fully-functional,Sinambio Disp,42618,KMHFR via openAFRICA (2020 extract)
LAMU,Lamu West,Lamu West,Hongwe,Hongwe Community Unit,703394,Fully-functional,Hongwe Catholic Dispensary,41519,KMHFR via openAFRICA (2020 extract)
TANA RIVER,Garsen,Garsen,Kipini West,Mandingo Community Health Unit,703376,semi-functional,Mandingo Dispensary,42888,KMHFR via openAFRICA (2020 extract)
TANA RIVER,Garsen,Garsen,Garsen South,Danisa Community Health Unit,703377,semi-functional,Idsowe Dispensary,43831,KMHFR via openAFRICA (2020 extract)
LAMU,Lamu West,Lamu West,Mkunumbi,Muhamarani Community Unit,703336,semi-functional,Muhamarani Dispensary,41742,KMHFR via openAFRICA (2020 extract)
LAMU,Lamu West,Lamu West,Hindi,Bargoni Community Unit,703335,semi-functional,Bargoni Nys Dispensary,43405,KMHFR via openAFRICA (2020 extract)
MARSABIT,North Horr,North Horr,Turbi,BUBISA COMMUNITY UNIT 2,703292,Fully-functional,Bubisa Dispensary,43801,KMHFR via openAFRICA (2020 extract)
MANDERA,Mandera South,Mandera South,Wargudud,Wargadud Community Test Unit,703278,Fully-functional,Wargadud Medical Centre,43739,KMHFR via openAFRICA (2020 extract)
ISIOLO,Merti,Isiolo North,Chari,Biliqo Marara Community Health Unit,703275,non-functinoal,Biliqo Marara Dispensary,43608,KMHFR via openAFRICA (2020 extract)
ISIOLO,Garbatulla,Isiolo South,Kinna,Duse Community Health Unit,703256,non-functinoal,Duse Dispensary,42167,KMHFR via openAFRICA (2020 extract)
ISIOLO,Garbatulla,Isiolo South,Garba Tulla,Garbatulla South Community Health Unit,703255,semi-functional,Garbatulla District Hospital,41044,KMHFR via openAFRICA (2020 extract)
ISIOLO,Isiolo,Isiolo North,Wabera,Tuluroba Community Health Unit,703254,Fully-functional,Isiolo District Hospital,41379,KMHFR via openAFRICA (2020 extract)
ISIOLO,Garbatulla,Isiolo South,Garba Tulla,Boji Community Health Unit,703253,non-functinoal,Boji Dispensary,41105,KMHFR via openAFRICA (2020 extract)
SAMBURU,Samburu East,Samburu East,Wamba West,Nkutuk Emulget Community Health Unit,702965,Fully-functional,Nkutuk Elmuget Dispensary,43435,KMHFR via openAFRICA (2020 extract)
SAMBURU,Samburu East,Samburu East,Wamba West,Kiltamany Community Health Unit,702963,Fully-functional,Kiltamany Dispensary,43406,KMHFR via openAFRICA (2020 extract)
SAMBURU,Samburu Central,Samburu Central,Maralal,Mlimani Community Health Unit,702962,Fully-functional,Maralal District Hospital,43437,KMHFR via openAFRICA (2020 extract)
SAMBURU,Samburu Central,Samburu Central,Maralal,Lpartuk Community Health Unit,702961,Fully-functional,Lpartuk Dispensary,43466,KMHFR via openAFRICA (2020 extract)
KILIFI,Kilifi North,Kilifi North,Dabaso,Mida Community Health Unit,702780,Fully-functional,Gede Health Centre,41792,KMHFR via openAFRICA (2020 extract)
KILIFI,Kilifi North,Kilifi North,Sokoni,Sokoni Community Health Unit,702779,Fully-functional,Kilifi County Hospital,41792,KMHFR via openAFRICA (2020 extract)
KILIFI,Kilifi North,Kilifi North,Sokoni,Kiwandani Community Health Unit,702778,Fully-functional,Kiwandani Dispensary,41760,KMHFR via openAFRICA (2020 extract)
KILIFI,Kilifi North,Kilifi North,Sokoni,Hospital Community Health Unit,702777,Fully-functional,Kilifi County Hospital,41821,KMHFR via openAFRICA (2020 extract)
TURKANA,Turkana Central,Turkana Central,Kalokol,Kalimapus Community Health Unit,702764,Fully-functional,Kalimapus Dispensary,43580,KMHFR via openAFRICA (2020 extract)
TURKANA,Turkana Central,Turkana Central,Kerio Delta,Nakoret Community Health Unit,702763,Fully-functional,Kosikiria Dispensary,43580,KMHFR via openAFRICA (2020 extract)
TURKANA,Turkana West,Turkana West,Lokichoggio,Loteteleit Community Health Unit,702762,Fully-functional,Nakururum Dispensary,42475,KMHFR via openAFRICA (2020 extract)
TURKANA,Turkana West,Turkana West,Letea,Lortit Community Health Unit,702761,non-functinoal,Letea Dispensary,42475,KMHFR via openAFRICA (2020 extract)
TURKANA,Turkana West,Turkana West,Letea,Namorkirionok Community Health Unit,702760,Fully-functional,Loreng Dispensary,42576,KMHFR via openAFRICA (2020 extract)
TURKANA,Turkana West,Turkana West,Kalobeyei,Lonyuduk Community Health Unit,702759,non-functinoal,Kalobeyei Dispensary,42475,KMHFR via openAFRICA (2020 extract)
TURKANA,Turkana West,Turkana West,Letea,Katelemot Community Health Unit,702758,non-functinoal,Lokipoto Dispensary,42475,KMHFR via openAFRICA (2020 extract)
TURKANA,Turkana West,Turkana West,Kakuma,Nalapatui Community Health Unit,702756,non-functinoal,Lochorangierengo Dispensary,42475,KMHFR via openAFRICA (2020 extract)
TURKANA,Turkana West,Turkana West,Kakuma,Tulabalany Community Health Unit,702755,non-functinoal,Lochorangierengo Dispensary,42475,KMHFR via openAFRICA (2020 extract)
TURKANA,Turkana West,Turkana West,Nanaam,Lotikipi Community Health Unit,702754,non-functinoal,Nasinyono Dispensary,42475,KMHFR via openAFRICA (2020 extract)
KWALE,Msambweni,Msambweni,Kinondo,Diani Scheme Community Health Unit,702732,Fully-functional,Mvindeni,42961,KMHFR via openAFRICA (2020 extract)
KWALE,Msambweni,Msambweni,Kinondo,Kinondo Community Health Unit,702731,Fully-functional,Kinondo Kwetu Community Clinic,42961,KMHFR via openAFRICA (2020 extract)
KWALE,Msambweni,Msambweni,Kinondo,Mvumoni Community Health Unit,702730,Fully-functional,Muhaka Dispensary,43269,KMHFR via openAFRICA (2020 extract)
KWALE,Msambweni,Msambweni,Kinondo,Mwabungo Community Health Unit,702729,Fully-functional,Ganja La Simba,43004,KMHFR via openAFRICA (2020 extract)
KWALE,Msambweni,Msambweni,Kinondo,Biga Community Health Unit,702728,Fully-functional,Ganja La Simba,43269,KMHFR via openAFRICA (2020 extract)
KWALE,Msambweni,Msambweni,Kinondo,Gazi Community Health Unit,702727,Fully-functional,Gazi Dispensary,42464,KMHFR via openAFRICA (2020 extract)
KWALE,Msambweni,Msambweni,Ramisi,Bomani Community Health Unit,702726,Fully-functional,Msambweni County Referral Hospital,43269,KMHFR via openAFRICA (2020 extract)
KWALE,Msambweni,Msambweni,Ramisi,Bodo Community Health Unit,702725,Fully-functional,Shiraz Dispensary,43004,KMHFR via openAFRICA (2020 extract)
KWALE,Msambweni,Msambweni,Kinondo,Ukunda Scheme Community Health Unit,702724,Fully-functional,Mvindeni,43269,KMHFR via openAFRICA (2020 extract)
KILIFI,Ganze,Ganze,Ganze,Kachororoni Community Health Unit,702562,semi-functional,Kachororoni Dispensary,42372,KMHFR via openAFRICA (2020 extract)
KILIFI,Ganze,Ganze,Jaribuni,Vyambani Community Health Unit,702561,Fully-functional,Jaribuni Dispensary,41642,KMHFR via openAFRICA (2020 extract)
KILIFI,Ganze,Ganze,Ganze,Mwambani Community Health Unit,702560,Fully-functional,Jila Model Health Centre,43468,KMHFR via openAFRICA (2020 extract)
KILIFI,Ganze,Ganze,Bamba,Mtsa Wa Tsatsu Community Health Unit,702559,Fully-functional,Bamba Sub-County Hospital,43468,KMHFR via openAFRICA (2020 extract)
KILIFI,Ganze,Ganze,Bamba,Bandari Community Health Unit,702558,Fully-functional,Bamba Sub-County Hospital,43468,KMHFR via openAFRICA (2020 extract)
KILIFI,Ganze,Ganze,Sokoke,Vitengeni Community Health Unit,702557,Fully-functional,Vitengeni Health Centre,43220,KMHFR via openAFRICA (2020 extract)
KILIFI,Ganze,Ganze,Sokoke,Kaembeni Community Health Unit,702555,Fully-functional,Dzikunze Dispensary,43281,KMHFR via openAFRICA (2020 extract)
TANA RIVER,Garsen,Garsen,Garsen North,Wema Community Health Unit,702425,semi-functional,Wema Catholic Dispensary,42887,KMHFR via openAFRICA (2020 extract)
TANA RIVER,Garsen,Garsen,Garsen Central,Kipao Community Health Unit,702424,semi-functional,Kipao Dispensary,42887,KMHFR via openAFRICA (2020 extract)
TURKANA,Turkana South,Turkana South,Lokichar,Kasuroi Community Health Unit,702307,Fully-functional,Kasuroi Dispensary,42105,KMHFR via openAFRICA (2020 extract)
TURKANA,Turkana South,Turkana South,Lokichar,Lokaburu Community Health Unit,702306,Fully-functional,Lokaburu Dispensary,42200,KMHFR via openAFRICA (2020 extract)
MARSABIT,North Horr,North Horr,Dukana,Balesa Community Health Unit,702305,Fully-functional,Balesa Dispensary,41731,KMHFR via openAFRICA (2020 extract)
MARSABIT,North Horr,North Horr,Maikona,Maikona 2 Community Health Unit,702304,Fully-functional,Maikona Health Centre,42662,KMHFR via openAFRICA (2020 extract)
MARSABIT,North Horr,North Horr,Maikona,Maikona 1 Community Health Unit,702303,Fully-functional,Maikona Health Centre,41184,KMHFR via openAFRICA (2020 extract)
MARSABIT,North Horr,North Horr,Maikona,Kalacha 2 Community Health Unit,702302,semi-functional,Kalacha Sub County Referral Hospital (Chalbi),41918,KMHFR via openAFRICA (2020 extract)
MARSABIT,North Horr,North Horr,Maikona,Rage/Kutur Community Health Unit,702301,semi-functional,Kalacha Sub County Referral Hospital (Chalbi),41310,KMHFR via openAFRICA (2020 extract)
MARSABIT,North Horr,North Horr,Maikona,El-gage Community Health Unit,702300,Fully-functional,Elgade Dispensary,42614,KMHFR via openAFRICA (2020 extract)
MARSABIT,North Horr,North Horr,North Horr,Malabot Community Health Unit,702299,Fully-functional,Malabot Dispensary (North Horr),42654,KMHFR via openAFRICA (2020 extract)
MARSABIT,North Horr,North Horr,North Horr,Gus Community Health Unit,702297,Fully-functional,Gus Dispensary,42095,KMHFR via openAFRICA (2020 extract)
MARSABIT,North Horr,North Horr,Illeret,Illeret 1 Community Health Unit,702296,Fully-functional,Illeret Health Centre (North Horr),41187,KMHFR via openAFRICA (2020 extract)
MARSABIT,North Horr,North Horr,Turbi,Burgabo Community Health Unit,702295,Fully-functional,Burgabo Dispensary,41948,KMHFR via openAFRICA (2020 extract)
TURKANA,Turkana North,Turkana North,Lakezone,Narengewoi Community Health Unit,702277,Fully-functional,Narengewoi Dispensary,43089,KMHFR via openAFRICA (2020 extract)
KILIFI,Rabai,Rabai,Ruruma,Kombeni Community Health Unit,701793,Fully-functional,Kombeni Dispensary,43074,KMHFR via openAFRICA (2020 extract)
KILIFI,Rabai,Rabai,Ruruma,Jimba Community Health Unit,701792,Fully-functional,Chilodi CrossFit Health Centre,43104,KMHFR via openAFRICA (2020 extract)
KILIFI,Kaloleni,Kaloleni,Kayafungo,Mrimani Community Health Unity,701713,Fully-functional,Gotani Dispensary,43015,KMHFR via openAFRICA (2020 extract)
KILIFI,Kaloleni,Kaloleni,Kayafungo,Gotani Community Health Unit,701712,Fully-functional,Gotani Dispensary,43028,KMHFR via openAFRICA (2020 extract)
TANA RIVER,Galole,Galole,Wayu,Daba Community Health Unit,701709,semi-functional,Daba (AIC) Dispensary,42795,KMHFR via openAFRICA (2020 extract)
TANA RIVER,Galole,Galole,Wayu,Hakoka Community Health Unit,701708,semi-functional,Chifiri Dispensary (LATIF),42795,KMHFR via openAFRICA (2020 extract)
TANA RIVER,Galole,Galole,Wayu,Chifiri Community Health Unit,701707,semi-functional,Chifiri Dispensary (LATIF),42795,KMHFR via openAFRICA (2020 extract)
TANA RIVER,Galole,Galole,Wayu,Waldena Community Health Unit,701706,semi-functional,Waldena Dispensary,42795,KMHFR via openAFRICA (2020 extract)
TANA RIVER,Galole,Galole,Wayu,Wayu Community Health Unit,701705,semi-functional,Wayu Boru,42767,KMHFR via openAFRICA (2020 extract)
TANA RIVER,Galole,Galole,Wayu,Kalkacha Community Health Unit,701704,semi-functional,Bura Nomadic,42795,KMHFR via openAFRICA (2020 extract)
TANA RIVER,Galole,Galole,Kinakomba,Jamhuri Community Health Unit,701703,semi-functional,Majengo Dispensary (Tana River),42795,KMHFR via openAFRICA (2020 extract)
TANA RIVER,Galole,Galole,Chewani,Makere Community Health Unit,701702,semi-functional,Makere Dispensary,42795,KMHFR via openAFRICA (2020 extract)
MARSABIT,Laisamis,Laisamis,Laisamis,Lontolio Community Health Unit,701602,non-functinoal,Lontolio Dispensary,40557,KMHFR via openAFRICA (2020 extract)
MARSABIT,Laisamis,Laisamis,Kargi/South Horr,Kargi Community Health Unit,701601,non-functinoal,Kargi Health Centre,40184,KMHFR via openAFRICA (2020 extract)
MARSABIT,Laisamis,Laisamis,Laisamis,Koya Community Health Unit,701600,semi-functional,Laisamis Sub county Referral Hospital(Marsabit South),40549,KMHFR via openAFRICA (2020 extract)
MARSABIT,North Horr,North Horr,Maikona,Kalacha Community Health Unit,701576,Fully-functional,Kalacha Sub County Referral Hospital (Chalbi),40463,KMHFR via openAFRICA (2020 extract)
MARSABIT,North Horr,North Horr,Turbi,Turbi Community Health Unit,701575,semi-functional,Turbi Dispensary (Marsabit North),41896,KMHFR via openAFRICA (2020 extract)
MARSABIT,North Horr,North Horr,Maikona,Hurri Hills Community Health Unit,701574,semi-functional,Hurri-Hills Dispensary,40463,KMHFR via openAFRICA (2020 extract)
MARSABIT,North Horr,North Horr,North Horr,North Horr Community Health Unit,701573,semi-functional,North Horr Health Centre,40467,KMHFR via openAFRICA (2020 extract)
MARSABIT,Laisamis,Laisamis,Loiyangalani,Gatab Community Health Unit,701572,Fully-functional,Gatab Health Centre,43084,KMHFR via openAFRICA (2020 extract)
MARSABIT,Laisamis,Laisamis,Korr/Ngurunit,Namarei Community Health Unit,701571,non-functinoal,Namarei Dispensary (Marsabit South),41977,KMHFR via openAFRICA (2020 extract)
MARSABIT,Laisamis,Laisamis,Loiyangalani,Loiyangalani Community Health Unit,701570,Fully-functional,Loiyangalani Gok Health centre,41628,KMHFR via openAFRICA (2020 extract)
MARSABIT,Laisamis,Laisamis,Korr/Ngurunit,Korr Community Health Unit,701569,semi-functional,Korr Dispensary,42348,KMHFR via openAFRICA (2020 extract)
MARSABIT,Laisamis,Laisamis,Korr/Ngurunit,Ngurunit Community Health Unit,701568,semi-functional,Ngurunit Health centre,41626,KMHFR via openAFRICA (2020 extract)
MARSABIT,Laisamis,Laisamis,Loglogo,Logologo Community Health Unit,701567,Fully-functional,Logologo AIC Dispensary,41166,KMHFR via openAFRICA (2020 extract)
MARSABIT,Laisamis,Laisamis,Laisamis,Laisamis Community Health Unit,701566,Fully-functional,Catholic Hospital Laisamis,41438,KMHFR via openAFRICA (2020 extract)
WAJIR,Wajir North,Wajir North,Danaba,Danaba Community Health Unit,701559,Fully-functional,Danaba Health Centre,40460,KMHFR via openAFRICA (2020 extract)
MARSABIT,North Horr,North Horr,Dukana,Dukana Community Health Unit,701558,semi-functional,Dukana Health Centre (North Horr),40474,KMHFR via openAFRICA (2020 extract)
MARSABIT,North Horr,North Horr,Turbi,Bubisa Community Health Unit,701557,Fully-functional,Bubisa Dispensary,40463,KMHFR via openAFRICA (2020 extract)
GARISSA,Balambala,Balambala,Balambala,Balambala Community Health Unit,701548,Fully-functional,Balambala Sub-District Hospital,41946,KMHFR via openAFRICA (2020 extract)
GARISSA,Balambala,Balambala,Jarajara,Jarajara Community Health Unit,701547,Fully-functional,Jarajara Dispensary,41946,KMHFR via openAFRICA (2020 extract)
GARISSA,Balambala,Balambala,Balambala,Dujis Community Health Unit,701546,Fully-functional,Dujis Health Centre,41946,KMHFR via openAFRICA (2020 extract)
GARISSA,Balambala,Balambala,Saka,Daley Community Health Unit,701545,Fully-functional,Daley Dispensary,41948,KMHFR via openAFRICA (2020 extract)
GARISSA,Balambala,Balambala,Balambala,Kuno Community Health Unit,701544,Fully-functional,Kuno Dispensary,41883,KMHFR via openAFRICA (2020 extract)
GARISSA,Hulugho,Ijara,Sangailu,Wakabharey Community Health Unit,701535,Fully-functional,Handaro Dispensary,40634,KMHFR via openAFRICA (2020 extract)
GARISSA,Hulugho,Ijara,Sangailu,Kordoi Community Health Unit,701534,Fully-functional,Handaro Dispensary,41794,KMHFR via openAFRICA (2020 extract)
GARISSA,Hulugho,Ijara,Sangailu,Bultohama Community Health Unit,701533,semi-functional,Bultohama Dispensary,41806,KMHFR via openAFRICA (2020 extract)
GARISSA,Hulugho,Ijara,Sangailu,Jalish Community Health Unit,701532,semi-functional,Jalish Dispensary,42536,KMHFR via openAFRICA (2020 extract)
GARISSA,Hulugho,Ijara,Sangailu,Handaro Community Health Unit,701529,Fully-functional,Handaro Dispensary,42536,KMHFR via openAFRICA (2020 extract)
GARISSA,Hulugho,Ijara,Hulugho,Lafageri Community Health Unit,701528,Fully-functional,Hulugho Sub County Hospital,41808,KMHFR via openAFRICA (2020 extract)
GARISSA,Hulugho,Ijara,Hulugho,Shora Community Health Unit,701527,Fully-functional,Hulugho Sub County Hospital,41800,KMHFR via openAFRICA (2020 extract)
GARISSA,Hulugho,Ijara,Hulugho,Gesireb Community Health Unit,701526,Fully-functional,Hulugho Sub County Hospital,40676,KMHFR via openAFRICA (2020 extract)
TANA RIVER,Bura,Bura,Bangale,Boka Wells Community Health Unit,701512,Fully-functional,Bangali Dispensary,42823,KMHFR via openAFRICA (2020 extract)
TANA RIVER,Bura,Bura,Bangale,Bangali Community Health Unit,701511,Fully-functional,Bangali Dispensary,41318,KMHFR via openAFRICA (2020 extract)
TANA RIVER,Bura,Bura,Sala,Sala Community Health Unit,701510,Fully-functional,Sombo Dispensary,42809,KMHFR via openAFRICA (2020 extract)
TANA RIVER,Bura,Bura,Sala,Sombo Community Health Unit,701509,Fully-functional,Sombo Dispensary,42768,KMHFR via openAFRICA (2020 extract)
TANA RIVER,Bura,Bura,Sala,Mororo Community Health Unit,701508,Fully-functional,Sombo Dispensary,41325,KMHFR via openAFRICA (2020 extract)
TANA RIVER,Bura,Bura,Madogo,Konoramadha Community Health Unit,701507,Fully-functional,Mlanjo Dispensary,42745,KMHFR via openAFRICA (2020 extract)
TANA RIVER,Bura,Bura,Madogo,Mlanjo Community Health Unit,701506,Fully-functional,Madogo Health Centre,41402,KMHFR via openAFRICA (2020 extract)
TANA RIVER,Bura,Bura,Madogo,Maramtu Community Health Unit,701505,Fully-functional,Madogo Health Centre,41402,KMHFR via openAFRICA (2020 extract)
TANA RIVER,Bura,Bura,Madogo,Madogo A. Community Health Unit,701504,Fully-functional,Madogo Health Centre,41408,KMHFR via openAFRICA (2020 extract)
TANA RIVER,Bura,Bura,Madogo,Madogo B. Community Health Unit,701503,Fully-functional,Madogo Health Centre,41402,KMHFR via openAFRICA (2020 extract)
TANA RIVER,Bura,Bura,Chewele,Dukanotu Community Health Unit,701502,Fully-functional,Charidende Dispensary (CDF),41339,KMHFR via openAFRICA (2020 extract)
TANA RIVER,Bura,Bura,Bura,Bilbil Community Health Unit,701501,Fully-functional,Bura Sub county Hospital,42804,KMHFR via openAFRICA (2020 extract)
TANA RIVER,Bura,Bura,Chewele,Nanighi Community Health Unit,701500,Fully-functional,Nanighi Dispensary (Tana River),42774,KMHFR via openAFRICA (2020 extract)
TANA RIVER,Bura,Bura,Chewele,Chewele Community Health Unit,701499,Fully-functional,Chewele Dispensary,41528,KMHFR via openAFRICA (2020 extract)
TANA RIVER,Bura,Bura,Bura,Sabukia Community Health Unit,701498,Fully-functional,Bura Sub county Hospital,42740,KMHFR via openAFRICA (2020 extract)
TANA RIVER,Bura,Bura,Bura,Meti Community Health Unit,701497,Fully-functional,Meti Dispensary,41654,KMHFR via openAFRICA (2020 extract)
TANA RIVER,Bura,Bura,Bura,Biskidera Community Health Unit,701496,Fully-functional,Bura Sub county Hospital,41522,KMHFR via openAFRICA (2020 extract)
TANA RIVER,Bura,Bura,Bura,Bura Community Health Unit,701495,Fully-functional,Bura Sub county Hospital,41886,KMHFR via openAFRICA (2020 extract)
NAROK,Narok West,Narok West,Naikarra,Naikara Community Health Unit,701488,Fully-functional,Naikara Health Centre,40219,KMHFR via openAFRICA (2020 extract)
NAROK,Narok West,Narok West,Mara,Talek Community Health Unit,701487,Fully-functional,Talek Health Centre,41654,KMHFR via openAFRICA (2020 extract)
NAROK,Narok West,Narok West,Naikarra,Oderkesi Community Health Unit,701486,Fully-functional,Olderkesi Dispensary,41920,KMHFR via openAFRICA (2020 extract)
NAROK,Narok West,Narok West,Mara,Salabwek Community Health Unit,701485,Fully-functional,Salabwek Dispensary,40918,KMHFR via openAFRICA (2020 extract)
NAROK,Narok West,Narok West,Mara,Baraka Community Health Unit,701484,Fully-functional,Baraka Hospital,40954,KMHFR via openAFRICA (2020 extract)
SAMBURU,Samburu East,Samburu East,Waso,Lderkesi Community Health Unit,701483,Fully-functional,Archers Post Health Centre,41030,KMHFR via openAFRICA (2020 extract)
SAMBURU,Samburu East,Samburu East,Wamba East,Lpashie Community Health Unit,701482,Fully-functional,Wamba Health Centre,41456,KMHFR via openAFRICA (2020 extract)
TANA RIVER,Galole,Galole,Chewani,Kiarakungu Community Health Unit,701454,Fully-functional,Chewani Dispensary,42736,KMHFR via openAFRICA (2020 extract)
MARSABIT,Saku,Saku,Sagante/Jaldesa,Sagante Community Health Unit,701447,Fully-functional,Sagante Dispensary,41409,KMHFR via openAFRICA (2020 extract)
MARSABIT,Saku,Saku,Sagante/Jaldesa,Manyatta Jillo Community Health Unit,701446,Fully-functional,Manyatta Jillo Health Centre,42077,KMHFR via openAFRICA (2020 extract)
MARSABIT,Saku,Saku,Karare,Songa Community Health Unit,701445,Fully-functional,Songa Health Centre,42210,KMHFR via openAFRICA (2020 extract)
MARSABIT,Saku,Saku,Karare,Kituruni Community Health Unit,701444,semi-functional,Kituruni Dispensary,42199,KMHFR via openAFRICA (2020 extract)
MARSABIT,Saku,Saku,Karare,Karare Community Health Unit,701443,semi-functional,Karare Dispensary,41746,KMHFR via openAFRICA (2020 extract)
MARSABIT,Saku,Saku,Karare,Hulahula Community Health Unit,701442,Fully-functional,Hulahula Dispensary,42290,KMHFR via openAFRICA (2020 extract)
MARSABIT,Saku,Saku,Sagante/Jaldesa,Dirib Gombo Community Health Unit,701441,Fully-functional,Dirib Gombo Dispensary,42716,KMHFR via openAFRICA (2020 extract)
MARSABIT,Saku,Saku,Marsabit Central,Dakabaricha Community Health Unit,701440,Fully-functional,Dakabaricha Dispensary,41753,KMHFR via openAFRICA (2020 extract)
MARSABIT,Saku,Saku,Sagante/Jaldesa,Boru Haro Community Health Unit,701439,Fully-functional,Boru Haro Model Health Centre,41409,KMHFR via openAFRICA (2020 extract)
MARSABIT,Saku,Saku,Sagante/Jaldesa,Badassa Community Health Unit,701437,Fully-functional,Badassa Dispensary,41753,KMHFR via openAFRICA (2020 extract)
KILIFI,Malindi,Malindi,Kakuyuni,Malimo Community Health Unit,701391,Fully-functional,Mmangani Dispensary,41766,KMHFR via openAFRICA (2020 extract)
KILIFI,Malindi,Malindi,Kakuyuni,Kakuyuni Community Health Unit,701390,Fully-functional,Kakuyuni Dispensary (Malindi),41859,KMHFR via openAFRICA (2020 extract)
KILIFI,Malindi,Malindi,Shella,Central Community Health Unit,701389,Fully-functional,Muyeye Health Centre (Municipal),42285,KMHFR via openAFRICA (2020 extract)
KILIFI,Malindi,Malindi,Shella,Shella Community Health Unit,701388,Fully-functional,Muyeye Health Centre (Municipal),42191,KMHFR via openAFRICA (2020 extract)
KILIFI,Malindi,Malindi,Shella,Barani Community Health Unit,701386,Fully-functional,Muyeye Health Centre (Municipal),42278,KMHFR via openAFRICA (2020 extract)
KILIFI,Magarini,Magarini,Marafa,Dakacha Community Health Unit,701382,Fully-functional,Mulunguni Dispensary,42549,KMHFR via openAFRICA (2020 extract)
KILIFI,Magarini,Magarini,Garashi,Gandini Community Health Unit,701381,Fully-functional,Gandini Dispensary,40181,KMHFR via openAFRICA (2020 extract)
KILIFI,Magarini,Magarini,Adu,Kadzandani Community Health Unit,701380,Fully-functional,Adu Dispensary,41136,KMHFR via openAFRICA (2020 extract)
MANDERA,Banissa,Banissa,Malkamari,Guba Community Health Unit,701232,Fully-functional,Malkamari Health Centre (Malkamari),42644,KMHFR via openAFRICA (2020 extract)
MANDERA,Banissa,Banissa,Derkhale,Derkhale Community Health Unit,701231,Fully-functional,Derkale Dispensary,42644,KMHFR via openAFRICA (2020 extract)
MANDERA,Banissa,Banissa,Kilwehiri,Eymole Community Health Unit,701230,Fully-functional,Eymole Health Centre (Kilwehiri),42644,KMHFR via openAFRICA (2020 extract)
MANDERA,Banissa,Banissa,Kilwehiri,Kiliwehiri Community Health Unit,701229,Fully-functional,Kiliweheri Health Centre,42644,KMHFR via openAFRICA (2020 extract)
MANDERA,Mandera South,Mandera South,Shimbir Fatuma,Shimbirfatuma Community Health Unit,701029,Fully-functional,Shimbir Fatuma Health Centre,42718,KMHFR via openAFRICA (2020 extract)
MANDERA,Mandera South,Mandera South,Kutulo,Kotulo Community Health Unit,701028,Fully-functional,Kotulo Health Centre (Mandera Central),42717,KMHFR via openAFRICA (2020 extract)
SAMBURU,Samburu North,Samburu North,El-barta,Masikita Community Health Unit,701019,Fully-functional,Masikita Dispensary,42791,KMHFR via openAFRICA (2020 extract)
MANDERA,Lafey,Lafey,Waranqara,Warankara Community Health Unity,701017,Fully-functional,Warankara Health Centre,42667,KMHFR via openAFRICA (2020 extract)
MANDERA,Mandera East,Mandera East,Khalalio,Khalalio Community Health Unit,701016,Fully-functional,Khalalio Health Centre,42646,KMHFR via openAFRICA (2020 extract)
MANDERA,Mandera West,Mandera West,Dandu,Gagaba Community Health Unit,701015,Fully-functional,Dandu Health Centre,42588,KMHFR via openAFRICA (2020 extract)
MANDERA,Mandera West,Mandera West,Gither,Burduras Community Health Unit,701014,Fully-functional,Burduras Health Centre,42589,KMHFR via openAFRICA (2020 extract)
MANDERA,Mandera West,Mandera West,Gither,Gither Community Health Unit,701013,Fully-functional,Gither Dispensary,42589,KMHFR via openAFRICA (2020 extract)
MANDERA,Mandera West,Mandera West,Takaba,Takaba Community Health Unit,701012,Fully-functional,Mandera West Sub County Hospital,42556,KMHFR via openAFRICA (2020 extract)
GARISSA,Fafi,Fafi,Bura,Bura Community Health Unit,700952,Fully-functional,Bura District Hospital,40183,KMHFR via openAFRICA (2020 extract)
GARISSA,Fafi,Fafi,Fafi,Diiso Community Health Unit,700951,semi-functional,Amuma Mobile Dispensary,41279,KMHFR via openAFRICA (2020 extract)
GARISSA,Fafi,Fafi,Fafi,Fafi Community Health Unit,700950,semi-functional,Fafi Dispensary,41279,KMHFR via openAFRICA (2020 extract)
GARISSA,Fafi,Fafi,Fafi,Yumbis Community Health Unit,700949,semi-functional,Yumbis Dispensary,41309,KMHFR via openAFRICA (2020 extract)
GARISSA,Fafi,Fafi,Jarajila,Alinjugur Community Health Unit,700948,Fully-functional,Alinjugur Health Centre,40183,KMHFR via openAFRICA (2020 extract)
GARISSA,Fafi,Fafi,Jarajila,Amuma Community Health Unit,700947,semi-functional,Amuma Dispensary,41279,KMHFR via openAFRICA (2020 extract)
GARISSA,Dadaab,Daadab,Labisgale,Labasigale Community Health Unit,700928,Fully-functional,Labasigale Dispensary,42282,KMHFR via openAFRICA (2020 extract)
GARISSA,Dadaab,Daadab,Liboi,Malaylay Community Health Unit,700927,Fully-functional,malaylay dispensary,42373,KMHFR via openAFRICA (2020 extract)
GARISSA,Dadaab,Daadab,Liboi,Liboi 2 Community Health Unit,700926,Fully-functional,Liboi Health Centre,42037,KMHFR via openAFRICA (2020 extract)
GARISSA,Dadaab,Daadab,Liboi,Liboi 1 Community Health Unit,700925,Fully-functional,Liboi Health Centre,42009,KMHFR via openAFRICA (2020 extract)
GARISSA,Dadaab,Daadab,Damajale,Damajaley Community Health Unit,700924,Fully-functional,Damajaley Dispensary,42039,KMHFR via openAFRICA (2020 extract)
GARISSA,Ijara,Ijara,Masalani,Masalani Township Community Health Unit,700923,Fully-functional,Ijara Sub County Hospital - Masalani,42401,KMHFR via openAFRICA (2020 extract)
GARISSA,Ijara,Ijara,Masalani,Gumarey Community Health Unit,700922,Fully-functional,Ijara Sub County Hospital - Masalani,42401,KMHFR via openAFRICA (2020 extract)
GARISSA,Ijara,Ijara,Masalani,Gababa Community Health Unit,700921,Fully-functional,Gababa Dispensary,42401,KMHFR via openAFRICA (2020 extract)
GARISSA,Ijara,Ijara,Ijara,Ruqa Community Health Unit,700920,Fully-functional,Ruqa Dispensary,42401,KMHFR via openAFRICA (2020 extract)
GARISSA,Ijara,Ijara,Ijara,Bila Golol Community Health Unit,700919,Fully-functional,Ijara Health Centre,42401,KMHFR via openAFRICA (2020 extract)
GARISSA,Ijara,Ijara,Ijara,Bula Gerrile Community Health Unit,700918,Fully-functional,Ijara Health Centre,42401,KMHFR via openAFRICA (2020 extract)
GARISSA,Ijara,Ijara,Masalani,Hara Community Health Unit,700917,Fully-functional,Hara Health Centre,42401,KMHFR via openAFRICA (2020 extract)
GARISSA,Balambala,Balambala,Sankuri,Shimbrey Community Health Unit,700916,Fully-functional,Shimbrey Dispensary,42037,KMHFR via openAFRICA (2020 extract)
GARISSA,Balambala,Balambala,Danyere,Mudey Community Health Unit,700915,semi-functional,Mudey Dispensary,42037,KMHFR via openAFRICA (2020 extract)
GARISSA,Balambala,Balambala,Sankuri,Sankuri Community Health Unit,700914,Fully-functional,Sankuri Health Centre,42037,KMHFR via openAFRICA (2020 extract)
GARISSA,Balambala,Balambala,Sankuri,Balich Community Health Unit,700913,Fully-functional,Balich Dispensary,42037,KMHFR via openAFRICA (2020 extract)
GARISSA,Balambala,Balambala,Sankuri,Raya Community Health Unit,700912,Fully-functional,Raya Dispensary,42037,KMHFR via openAFRICA (2020 extract)
GARISSA,Balambala,Balambala,Danyere,Libahlow Community Health Unit,700911,Fully-functional,Libahlow Nomadic Clinic,42037,KMHFR via openAFRICA (2020 extract)
GARISSA,Balambala,Balambala,Danyere,Danyere Community Health Unit,700910,Fully-functional,Danyere Health Centre,42037,KMHFR via openAFRICA (2020 extract)
GARISSA,Balambala,Balambala,Saka,Saka Community Health Unit,700909,Fully-functional,Saka Health Centre,42037,KMHFR via openAFRICA (2020 extract)
GARISSA,Balambala,Balambala,Sankuri,Abdisamad Community Health Unit,700908,Fully-functional,Abdisamad Dispensary,42037,KMHFR via openAFRICA (2020 extract)
WAJIR,Eldas,Eldas,Della,Dela Community Health Unit,700907,semi-functional,Della Dispensary,42679,KMHFR via openAFRICA (2020 extract)
WAJIR,Eldas,Eldas,Della,Abdiwaqo Community Health Unit,700906,semi-functional,Abdiwaqo Dispensary,42653,KMHFR via openAFRICA (2020 extract)
WAJIR,Eldas,Eldas,Elnur/Tula Tula,El-nur Community Health Unit,700904,Fully-functional,Elnoor Dispensary,40452,KMHFR via openAFRICA (2020 extract)
WAJIR,Eldas,Eldas,Eldas,Eldas Community Health Unit,700903,Fully-functional,Eldas Health Centre,40452,KMHFR via openAFRICA (2020 extract)
TAITA TAVETA,Voi,Voi,Kaloleni,Gimba Community Health Unit,700902,Fully-functional,Ndovu Health Centre,42475,KMHFR via openAFRICA (2020 extract)
TAITA TAVETA,Voi,Voi,Kasigau,Makwasinyi Community Health Unit,700901,Fully-functional,Makwasinyi Dispensary,42391,KMHFR via openAFRICA (2020 extract)
GARISSA,Lagdera,Lagdera,Modogashe,Jilango Community Health Unit,700785,Fully-functional,Jilango Dispensary,42005,KMHFR via openAFRICA (2020 extract)
GARISSA,Lagdera,Lagdera,Modogashe,Eldere Community Health Unit,700784,Fully-functional,Eldere Dispensary,42005,KMHFR via openAFRICA (2020 extract)
GARISSA,Lagdera,Lagdera,Modogashe,Barquqe Community Health Unit,700783,non-functinoal,Barquqe Dispensary,42005,KMHFR via openAFRICA (2020 extract)
GARISSA,Lagdera,Lagdera,Maalamin,Ilan Community Health Unit,700782,Fully-functional,Ilan Dispensary,42005,KMHFR via openAFRICA (2020 extract)
GARISSA,Lagdera,Lagdera,Goreale,Shantaabaq Community Health Unit,700781,Fully-functional,Shantaabaq Health Centre (Lagdera),42005,KMHFR via openAFRICA (2020 extract)
GARISSA,Lagdera,Lagdera,Goreale,Goreale Community Health Unit,700780,Fully-functional,Shantaabaq Health Centre (Lagdera),42005,KMHFR via openAFRICA (2020 extract)
GARISSA,Lagdera,Lagdera,Benane,Tokojo Community Health Unit,700779,Fully-functional,Benane Health Centre,42005,KMHFR via openAFRICA (2020 extract)
GARISSA,Lagdera,Lagdera,Benane,Benane B Community Health Unit,700778,Fully-functional,Benane Health Centre,42005,KMHFR via openAFRICA (2020 extract)
GARISSA,Lagdera,Lagdera,Baraki,Baraki Community Health Unit,700777,Fully-functional,Baraki Dispensary,42005,KMHFR via openAFRICA (2020 extract)
GARISSA,Lagdera,Lagdera,Baraki,Afwein Community Health Unit,700776,Fully-functional,Afwein Dispensary,42005,KMHFR via openAFRICA (2020 extract)
GARISSA,Garissa,Garissa Township,Galbet,Medina Two Community Health Unit,700775,Fully-functional,Medina Health Centre,42795,KMHFR via openAFRICA (2020 extract)
GARISSA,Garissa,Garissa Township,Waberi,Garissa County Referral Community Health Unit,700774,Fully-functional,Garissa County Referral Hospital,42795,KMHFR via openAFRICA (2020 extract)
GARISSA,Garissa,Garissa Township,Waberi,Alfaruq Community Health Unit,700773,Fully-functional,Al-Faruq Dispensary,42795,KMHFR via openAFRICA (2020 extract)
GARISSA,Garissa,Garissa Township,Galbet,Utawala Community Health Unit,700772,Fully-functional,Utawala Dispensary,42065,KMHFR via openAFRICA (2020 extract)
GARISSA,Garissa,Garissa Township,Township,Gk Prisons Community Health Unit,700771,Fully-functional,GK Prison Dispensary (Garissa),42795,KMHFR via openAFRICA (2020 extract)
GARISSA,Garissa,Garissa Township,Township,Policeline Community Health Unit,700770,Fully-functional,Police Line Dispensary (Garissa),42795,KMHFR via openAFRICA (2020 extract)
GARISSA,Garissa,Garissa Township,Waberi,Bulla Mzuri Community Health Unit,700769,Fully-functional,Bulla Mzuri Dispensary,42767,KMHFR via openAFRICA (2020 extract)
GARISSA,Garissa,Garissa Township,Iftin,Iftin West Community Health Unit,700768,Fully-functional,Iftin Sub-District Hospital,42767,KMHFR via openAFRICA (2020 extract)
GARISSA,Garissa,Garissa Township,Iftin,Iftin One Community Health Unit,700767,Fully-functional,Iftin Sub-District Hospital,42795,KMHFR via openAFRICA (2020 extract)
GARISSA,Garissa,Garissa Township,Iftin,Ifin East Community Health Unit,700766,Fully-functional,Iftin Sub-District Hospital,42096,KMHFR via openAFRICA (2020 extract)
GARISSA,Garissa,Garissa Township,Iftin,Bouargi Community Health Unit,700765,Fully-functional,Bour-Algy Dispensary,42675,KMHFR via openAFRICA (2020 extract)
GARISSA,Garissa,Garissa Township,Iftin,Korakora Community Health Unit,700763,Fully-functional,Korakora Health Centre,42340,KMHFR via openAFRICA (2020 extract)
TAITA TAVETA,Voi,Voi,Ngolia,Ghazi Community Health Unit,700740,Fully-functional,Ghazi Dispensary,42065,KMHFR via openAFRICA (2020 extract)
SAMBURU,Samburu East,Samburu East,Wamba East,Sordo Namunyak Community Health Unit.,700738,Fully-functional,Wamba Health Centre,42681,KMHFR via openAFRICA (2020 extract)
SAMBURU,Samburu East,Samburu East,Waso,Lorubae Community Health Unit,700737,Fully-functional,Archers Post Health Centre,42702,KMHFR via openAFRICA (2020 extract)
MARSABIT,Moyale,Moyale,Heillu/Manyatta,Mansile Community Health Unit,700590,semi-functional,Mansile Dispensary,42038,KMHFR via openAFRICA (2020 extract)
MARSABIT,Moyale,Moyale,Sololo,Anona Community Health Unit,700589,semi-functional,Anona Dispensary,42044,KMHFR via openAFRICA (2020 extract)
MARSABIT,Moyale,Moyale,Obbu,Ambalo Community Health Unit,700588,semi-functional,Ambalo Dispensary,42038,KMHFR via openAFRICA (2020 extract)
MARSABIT,Moyale,Moyale,Uran,Walda Community Health Unit,700587,semi-functional,Walda Health Centre,42047,KMHFR via openAFRICA (2020 extract)
MARSABIT,Moyale,Moyale,Sololo,Sololo Makutano Community Health Unit,700586,semi-functional,Sololo Makutano Dispensary,42046,KMHFR via openAFRICA (2020 extract)
MARSABIT,Moyale,Moyale,Butiye,Butiye Community Health Unit,700585,Fully-functional,Butiye Dispensary,42041,KMHFR via openAFRICA (2020 extract)
MARSABIT,Moyale,Moyale,Golbo,Yaballo Community Health Unit,700584,Fully-functional,Yaballo Dispensary,42040,KMHFR via openAFRICA (2020 extract)
MARSABIT,Moyale,Moyale,Golbo,Kinisa Community Health Unit,700583,Fully-functional,Kinisa Dispensary,42039,KMHFR via openAFRICA (2020 extract)
MARSABIT,Moyale,Moyale,Butiye,Somare Community Health Unit,700582,Fully-functional,Somare Dispensary,42041,KMHFR via openAFRICA (2020 extract)
MARSABIT,Moyale,Moyale,Butiye,Bori Community Health Unit,700581,Fully-functional,Bori Dispensary,41676,KMHFR via openAFRICA (2020 extract)
MARSABIT,Moyale,Moyale,Uran,Uran Community Health Unit,700580,semi-functional,Uran Health Centre,42040,KMHFR via openAFRICA (2020 extract)
MARSABIT,Moyale,Moyale,Uran,Golole Community Health Unit,700579,semi-functional,Golole Dispensary,42038,KMHFR via openAFRICA (2020 extract)
MARSABIT,Moyale,Moyale,Sololo,Waye Godha Community Health Unit,700578,semi-functional,Waye Godha Dispensary,41671,KMHFR via openAFRICA (2020 extract)
MARSABIT,Moyale,Moyale,Obbu,Dambala Fachana Community Health Unit,700576,semi-functional,Dambalafachana Health Centre,41671,KMHFR via openAFRICA (2020 extract)
MARSABIT,Moyale,Moyale,Heillu/Manyatta,Heillu Community Health Unit,700575,semi-functional,Heillu Dispensary,41671,KMHFR via openAFRICA (2020 extract)
MARSABIT,Moyale,Moyale,Golbo,Dabel Community Health Unit,700574,semi-functional,Dabel Health Centre,41671,KMHFR via openAFRICA (2020 extract)
MARSABIT,Moyale,Moyale,Golbo,Odda Community Health Unit,700573,semi-functional,Odda Dispensary (Moyale),42040,KMHFR via openAFRICA (2020 extract)
MARSABIT,Moyale,Moyale,Golbo,Nana Community Health Unit,700572,semi-functional,Nana Dispensary,41640,KMHFR via openAFRICA (2020 extract)
MARSABIT,Moyale,Moyale,Golbo,Godoma Community Health Unit,700571,semi-functional,Godoma Model Health Centre (Moyale),42340,KMHFR via openAFRICA (2020 extract)
TURKANA,Turkana West,Turkana West,Kalobeyei,Kalobeyei Settlement Community Health Unit,700491,semi-functional,Natukobenyo Health Centre,42675,KMHFR via openAFRICA (2020 extract)
KWALE,Lunga Lunga,Lunga Lunga,Dzombo,Mwanguda Community Health Unit,700463,Fully-functional,Mwanguda Dispensary,42466,KMHFR via openAFRICA (2020 extract)
KWALE,Lunga Lunga,Lunga Lunga,Dzombo,Hillside Community Health Unit,700462,Fully-functional,Mrima (Catholic) Dispensary,42555,KMHFR via openAFRICA (2020 extract)
KWALE,Lunga Lunga,Lunga Lunga,Pongwe/Kikokeni,Neema Community Health Unit,700461,Fully-functional,Vwivwini Dispensary,42529,KMHFR via openAFRICA (2020 extract)
KWALE,Lunga Lunga,Lunga Lunga,Mwereni,Mtumwa Community Health Unit,700460,Fully-functional,Mtumwa Dispensary,42529,KMHFR via openAFRICA (2020 extract)
KWALE,Lunga Lunga,Lunga Lunga,Pongwe/Kikokeni,Mzizima B Community Health Unit,700459,Fully-functional,Mzizima (CDF) Dispensary,42529,KMHFR via openAFRICA (2020 extract)
KWALE,Lunga Lunga,Lunga Lunga,Dzombo,Mrima Community Health Unit,700458,Fully-functional,Mrima (Catholic) Dispensary,42536,KMHFR via openAFRICA (2020 extract)
KWALE,Lunga Lunga,Lunga Lunga,Mwereni,Bidinimole Community Health Unit,700457,Fully-functional,Kilimangodo Dispensary,42529,KMHFR via openAFRICA (2020 extract)
KWALE,Lunga Lunga,Lunga Lunga,Pongwe/Kikokeni,Mwangwei Community Health Unit,700456,Fully-functional,Mwangwei Dispensary,42529,KMHFR via openAFRICA (2020 extract)
KWALE,Lunga Lunga,Lunga Lunga,Vanga,Imarika (Vanga B) Community Health Unit,700455,Fully-functional,Vanga Health Centre,42529,KMHFR via openAFRICA (2020 extract)
KWALE,Lunga Lunga,Lunga Lunga,Mwereni,Mambani Community Health Unit,700454,Fully-functional,Kilimangodo Dispensary,42529,KMHFR via openAFRICA (2020 extract)
KWALE,Lunga Lunga,Lunga Lunga,Dzombo,Gandini Community Health Unit,700453,Fully-functional,Mamba Dispensary,42529,KMHFR via openAFRICA (2020 extract)
KWALE,Lunga Lunga,Lunga Lunga,Vanga,Vanga Community Health Unit,700452,Fully-functional,Vanga Health Centre,42529,KMHFR via openAFRICA (2020 extract)
KWALE,Lunga Lunga,Lunga Lunga,Mwereni,Mwena Community Health Unit,700451,Fully-functional,Mwangulu Dispensary,42529,KMHFR via openAFRICA (2020 extract)
KWALE,Lunga Lunga,Lunga Lunga,Vanga,Shikamano Community Health Unit,700450,Fully-functional,Lungalunga Subcounty Hospital,42529,KMHFR via openAFRICA (2020 extract)
KWALE,Lunga Lunga,Lunga Lunga,Mwereni,Wema Community Health Unit,700449,Fully-functional,Godo Dispensary,42529,KMHFR via openAFRICA (2020 extract)
KWALE,Lunga Lunga,Lunga Lunga,Mwereni,Godo Community Health Unit,700448,Fully-functional,Godo Dispensary,42529,KMHFR via openAFRICA (2020 extract)
KWALE,Lunga Lunga,Lunga Lunga,Mwereni,Pangani Community Health Unit,700447,Fully-functional,Godo Dispensary,42529,KMHFR via openAFRICA (2020 extract)
KWALE,Lunga Lunga,Lunga Lunga,Mwereni,Makutano Community Health Unit,700446,Fully-functional,Godo Dispensary,42529,KMHFR via openAFRICA (2020 extract)
SAMBURU,Samburu Central,Samburu Central,Suguta Marmar,Longewan Community Health Unit,700352,Fully-functional,Longewan Dispensary,41913,KMHFR via openAFRICA (2020 extract)
SAMBURU,Samburu Central,Samburu Central,Lodokejek,Kirimun Community Health Unit,700351,Fully-functional,Kirimun GK Dispensary,41699,KMHFR via openAFRICA (2020 extract)
SAMBURU,Samburu North,Samburu North,Ndoto,Latakweny Community Health Unit,700345,Fully-functional,Latakweny Health Centre,42563,KMHFR via openAFRICA (2020 extract)
SAMBURU,Samburu North,Samburu North,Ndoto,Lesirikan Community Health Unit,700344,Fully-functional,Lesirikan Health Centre,41579,KMHFR via openAFRICA (2020 extract)
SAMBURU,Samburu North,Samburu North,Ndoto,Arsim Community Health Unit,700343,Fully-functional,Arsim Lutheran Health Center,42526,KMHFR via openAFRICA (2020 extract)
SAMBURU,Samburu Central,Samburu Central,Porro,Porro Community Health Unit,700342,Fully-functional,Porro Health Centre,42552,KMHFR via openAFRICA (2020 extract)
SAMBURU,Samburu North,Samburu North,Nachola,Nachola Community Health Unit,700341,Fully-functional,Nachola Health Centre,41557,KMHFR via openAFRICA (2020 extract)
SAMBURU,Samburu North,Samburu North,Nyiro,Tuum Community Health Unit,700340,Fully-functional,Tuum Dispensary,41579,KMHFR via openAFRICA (2020 extract)
SAMBURU,Samburu North,Samburu North,Nachola,Marti Community Health Unit,700339,Fully-functional,Marti Dispensary,42529,KMHFR via openAFRICA (2020 extract)
SAMBURU,Samburu North,Samburu North,El-barta,Nalingangor Community Health Unit,700338,Fully-functional,Baragoi Sub-County Hospital,41565,KMHFR via openAFRICA (2020 extract)
SAMBURU,Samburu East,Samburu East,Wamba West,Lodungokwe Community Health Unit,700336,Fully-functional,Lodungokwe Health Centre,42587,KMHFR via openAFRICA (2020 extract)
SAMBURU,Samburu East,Samburu East,Waso,Sereolipi Community Health Unit,700335,Fully-functional,Sereolipi Health Centre,42592,KMHFR via openAFRICA (2020 extract)
SAMBURU,Samburu East,Samburu East,Wamba North,Lolkuniani Community Health Unit,700334,Fully-functional,Ngilai Dispensary,42587,KMHFR via openAFRICA (2020 extract)
SAMBURU,Samburu East,Samburu East,Wamba North,Ngilai Community Health Unit,700333,Fully-functional,Ngilai Dispensary,42534,KMHFR via openAFRICA (2020 extract)
SAMBURU,Samburu East,Samburu East,Wamba East,Lerata Community Health Unit,700332,Fully-functional,Lerrata Dispensary,42592,KMHFR via openAFRICA (2020 extract)
SAMBURU,Samburu North,Samburu North,Angata Nayokie,Angata Nanyukie Community Health Unit,700331,semi-functional,Angata Nanyokie Dispensary,42654,KMHFR via openAFRICA (2020 extract)
SAMBURU,Samburu North,Samburu North,Angata Nayokie,Barsaloi Community Health Unit,700330,Fully-functional,Barsaloi GK Dispensary,41795,KMHFR via openAFRICA (2020 extract)
SAMBURU,Samburu Central,Samburu Central,Porro,Sirata Community Health Unit,700329,Fully-functional,Sirata Oirobi Dispensary,41407,KMHFR via openAFRICA (2020 extract)
SAMBURU,Samburu Central,Samburu Central,Suguta Marmar,Lolmolog Community Health Unit,700327,Fully-functional,Lolmolog Dispensary,42447,KMHFR via openAFRICA (2020 extract)
SAMBURU,Samburu Central,Samburu Central,Loosuk,Loosuk Community Health Unit,700326,Fully-functional,Loosuk Health Centre,42461,KMHFR via openAFRICA (2020 extract)
TURKANA,Loima,Loima,Turkwel,Kawalathe Community Health Unit,700323,Fully-functional,Kaitese Dispensary,42282,KMHFR via openAFRICA (2020 extract)
TURKANA,Loima,Loima,Turkwel,Kaapus Community Health Unit,700320,Fully-functional,Kaapus Dispensary,42114,KMHFR via openAFRICA (2020 extract)
TURKANA,Loima,Loima,Turkwel,Kabulokor Community Health Unit,700319,Fully-functional,Kabulokor Dispensary,41487,KMHFR via openAFRICA (2020 extract)
TURKANA,Kibish,Turkana North,Kibish,Kapoko Community Health Unit,700267,Fully-functional,Loruth Dispensary,42433,KMHFR via openAFRICA (2020 extract)
TURKANA,Kibish,Turkana North,Kibish,Loperokok Community Health Unit,700266,Fully-functional,Napak Dispensary,42433,KMHFR via openAFRICA (2020 extract)
TURKANA,Kibish,Turkana North,Kibish,Lotikile Community Health Unit,700265,Fully-functional,Napak Dispensary,42433,KMHFR via openAFRICA (2020 extract)
TURKANA,Kibish,Turkana North,Kibish,Ngikarebok Community Health Unit,700264,Fully-functional,Kaikor Health Centre,42433,KMHFR via openAFRICA (2020 extract)
TURKANA,Turkana West,Turkana West,Kakuma,Tarach Community Health Unit,700263,non-functinoal,Lochorangierengo Dispensary,42475,KMHFR via openAFRICA (2020 extract)
TURKANA,Turkana West,Turkana West,Letea,Lokipoto Community Health Unit,700262,non-functinoal,Lokipoto Dispensary,42475,KMHFR via openAFRICA (2020 extract)
TURKANA,Turkana Central,Turkana Central,Kanamkemer,Nawoitorong Community Health Unit,700258,Fully-functional,Kanawoi Dispensary,40909,KMHFR via openAFRICA (2020 extract)
TURKANA,Turkana Central,Turkana Central,Kang'atotha,Lochoraikeny Community Health Unit,700257,Fully-functional,Lochoraikeny Dispensary,42370,KMHFR via openAFRICA (2020 extract)
TURKANA,Turkana Central,Turkana Central,Kang'atotha,Eliye Community Health Unit,700256,Fully-functional,Eliye Springs Community Dispensary,40909,KMHFR via openAFRICA (2020 extract)
TURKANA,Turkana Central,Turkana Central,Kang'atotha,Kangirisae Community Health Unit,700255,Fully-functional,Kangatosa Dispensary,40909,KMHFR via openAFRICA (2020 extract)
TURKANA,Turkana Central,Turkana Central,Kerio Delta,Lorengelup Community Health Unit,700254,Fully-functional,Lorengelup Dispensary,41640,KMHFR via openAFRICA (2020 extract)
TURKANA,Turkana Central,Turkana Central,Kerio Delta,Kangirisae Community Health Unit,700253,Fully-functional,Kangirisae Dispensary,42370,KMHFR via openAFRICA (2020 extract)
TURKANA,Turkana Central,Turkana Central,Kang'atotha,Lomopus Community Health Unit,700252,Fully-functional,Kangagetei Dispensary,42370,KMHFR via openAFRICA (2020 extract)
TURKANA,Turkana Central,Turkana Central,Kang'atotha,Naoros Community Health Unit,700251,Fully-functional,Naoros Dispensary,40909,KMHFR via openAFRICA (2020 extract)
TURKANA,Turkana Central,Turkana Central,Lodwar Township,Napetet Community Health Unit,700249,Fully-functional,St Catherine Napetet Dispensary,41731,KMHFR via openAFRICA (2020 extract)
TURKANA,Turkana Central,Turkana Central,Kerio Delta,Nakechichok Community Health Unit,700248,Fully-functional,Nakechichok Dispensary,42370,KMHFR via openAFRICA (2020 extract)
TURKANA,Turkana Central,Turkana Central,Kerio Delta,Kakimat Community Health Unit,700247,Fully-functional,Kosikiria Dispensary,40909,KMHFR via openAFRICA (2020 extract)
TURKANA,Turkana Central,Turkana Central,Kanamkemer,Kanamkemer Community Health Unit,700244,Fully-functional,St Patrick Kanamkemer Dispensary,40918,KMHFR via openAFRICA (2020 extract)
TURKANA,Turkana Central,Turkana Central,Kanamkemer,Lolupe Community Health Unit,700242,Fully-functional,Lolupe Dispensary (Turkana Central),40909,KMHFR via openAFRICA (2020 extract)
TURKANA,Turkana Central,Turkana Central,Kerio Delta,Nadoto Community Health Unit,700241,Fully-functional,Nadoto Dispensary,40909,KMHFR via openAFRICA (2020 extract)
TURKANA,Turkana Central,Turkana Central,Lodwar Township,Nakwamekwi Community Health Unit,700240,Fully-functional,St Monica Nakwamekwi Dispensary,40909,KMHFR via openAFRICA (2020 extract)
TURKANA,Turkana Central,Turkana Central,Lodwar Township,Township Community Health Unit,700238,Fully-functional,Lodwar County Referral Hospital,41730,KMHFR via openAFRICA (2020 extract)
TURKANA,Turkana Central,Turkana Central,Lodwar Township,Kawalase Community Health Unit,700237,Fully-functional,Lodwar County Referral Hospital,41183,KMHFR via openAFRICA (2020 extract)
TURKANA,Turkana North,Turkana North,Kaeris,Mlimatatu Community Health Unit,700226,Fully-functional,Milima Tatu Dispensary,42475,KMHFR via openAFRICA (2020 extract)
TURKANA,Turkana North,Turkana North,Lakezone,Narengewoi Community Health Unit,700225,non-functinoal,Narengewoi Dispensary,42475,KMHFR via openAFRICA (2020 extract)
TURKANA,Turkana North,Turkana North,Kaeris,Nadunga Community Health Unit,700224,Fully-functional,Nadunga Dispensary,42013,KMHFR via openAFRICA (2020 extract)
TURKANA,Turkana North,Turkana North,Kaeris,Lomi Dispensary Community Health Unit,700223,Fully-functional,Kaeris Dispensary,43074,KMHFR via openAFRICA (2020 extract)
TURKANA,Turkana North,Turkana North,Kaaleng/Kaikor,Kakelae Community Health Unit,700222,Fully-functional,Kaaleng Health Centre,42475,KMHFR via openAFRICA (2020 extract)
TURKANA,Turkana North,Turkana North,Lapur,Kachoda Community Health Unit,700221,Fully-functional,Kachoda Dispensary,42475,KMHFR via openAFRICA (2020 extract)
TURKANA,Turkana North,Turkana North,Lapur,Riokomor Community Health Unit,700220,Fully-functional,Lokitaung Sub County Hospital,43074,KMHFR via openAFRICA (2020 extract)
TURKANA,Turkana North,Turkana North,Lakezone,Koksilei Community Health Unit,700219,non-functinoal,Kokiselei Dispensary,42475,KMHFR via openAFRICA (2020 extract)
TURKANA,Turkana North,Turkana North,Lakezone,Nachukui Community Health Unit,700218,non-functinoal,Nachukui Dispensary,42475,KMHFR via openAFRICA (2020 extract)
TURKANA,Turkana North,Turkana North,Lakezone,Lomekwi Community Health Unit,700217,non-functinoal,Lomekwi Dispensary,42475,KMHFR via openAFRICA (2020 extract)
TURKANA,Turkana West,Turkana West,Kakuma,Lopur Community Health Unit,700216,Fully-functional,Oropoi Medicare Limited,42475,KMHFR via openAFRICA (2020 extract)
TURKANA,Turkana West,Turkana West,Lopur,Namon Community Health Unit,700215,Fully-functional,Namon Dispensary,42475,KMHFR via openAFRICA (2020 extract)
TURKANA,Turkana North,Turkana North,Nakalale,Losajait Community Health Unit,700214,Fully-functional,Makutano Health Centre (Turkana West),42475,KMHFR via openAFRICA (2020 extract)
TURKANA,Turkana North,Turkana North,Nakalale,Lolupe Community Health Unit,700213,Fully-functional,Makutano Health Centre (Turkana West),42475,KMHFR via openAFRICA (2020 extract)
TURKANA,Turkana West,Turkana West,Kakuma,Musug Community Health Unit,700212,Fully-functional,Kakuma Health Centre,42475,KMHFR via openAFRICA (2020 extract)
TURKANA,Turkana West,Turkana West,Kakuma,Nakoyo Community Health Unit,700211,Fully-functional,Kakuma Health Centre,42475,KMHFR via openAFRICA (2020 extract)
TURKANA,Turkana West,Turkana West,Kakuma,Nadapal Community Health Unit,700210,Fully-functional,Kakuma Health Centre,42475,KMHFR via openAFRICA (2020 extract)
TURKANA,Turkana North,Turkana North,Nakalale,Naduat Community Health Unit,700207,Fully-functional,Naduat Dispensary,41223,KMHFR via openAFRICA (2020 extract)
TURKANA,Loima,Loima,Turkwel,Nachuro Community Health Unit,700206,semi-functional,Lomil Dispensary,42282,KMHFR via openAFRICA (2020 extract)
TURKANA,Loima,Loima,Lokiriama/Lorengippi,Loya Community Health Unit,700205,semi-functional,Lokiriama Dispensary,42401,KMHFR via openAFRICA (2020 extract)
TURKANA,Loima,Loima,Lokiriama/Lorengippi,Lodwat Community Health Unit,700204,semi-functional,Lokiriama Dispensary,42065,KMHFR via openAFRICA (2020 extract)
TURKANA,Loima,Loima,Lokiriama/Lorengippi,Nakurio Community Health Unit,700203,Fully-functional,Lokiriama Dispensary,42248,KMHFR via openAFRICA (2020 extract)
TURKANA,Loima,Loima,Loima,Puch Community Health Unit,700202,Fully-functional,Lokwatubwa (PAG) Dispensary,42282,KMHFR via openAFRICA (2020 extract)
TURKANA,Loima,Loima,Loima,Lochoredome Community Health Unit,700201,Fully-functional,Namoruputh (PAG) Health Centre,42248,KMHFR via openAFRICA (2020 extract)
TURKANA,Loima,Loima,Turkwel,Kangalita Community Health Unit,700200,Fully-functional,Kangalita Dispensary,42186,KMHFR via openAFRICA (2020 extract)
TURKANA,Loima,Loima,Loima,Lochorekuyen Community Health Unit,700199,Fully-functional,Lochorekuyen Dispensary,41883,KMHFR via openAFRICA (2020 extract)
TURKANA,Loima,Loima,Turkwel,Napeikar Community Health Unit,700198,Fully-functional,Napeikar Dispensary,42187,KMHFR via openAFRICA (2020 extract)
TURKANA,Loima,Loima,Lokiriama/Lorengippi,Naipa Community Health Unit,700197,Fully-functional,Urum Dispensary,42125,KMHFR via openAFRICA (2020 extract)
TURKANA,Loima,Loima,Lokiriama/Lorengippi,Kotaruk Community Health Unit,700196,Fully-functional,Urum Dispensary,42219,KMHFR via openAFRICA (2020 extract)
TURKANA,Loima,Loima,Lokiriama/Lorengippi,Urum Community Health Unit,700195,semi-functional,Urum Dispensary,42389,KMHFR via openAFRICA (2020 extract)
TURKANA,Loima,Loima,Lokiriama/Lorengippi,Lokipetot Arengan Community Health Unit,700194,semi-functional,Urum Dispensary,42282,KMHFR via openAFRICA (2020 extract)
TURKANA,Loima,Loima,Lokiriama/Lorengippi,Lochor Alomala Community Health Unit,700193,Fully-functional,Lokiriama Dispensary,42248,KMHFR via openAFRICA (2020 extract)
TURKANA,Loima,Loima,Lokiriama/Lorengippi,Atala Komusio Community Health Unit,700192,Fully-functional,Lokiriama Dispensary,42248,KMHFR via openAFRICA (2020 extract)
TURKANA,Kibish,Turkana North,Kibish,Kaawo Community Health Unit,700191,Fully-functional,Loruth Dispensary,42433,KMHFR via openAFRICA (2020 extract)
TURKANA,Kibish,Turkana North,Kibish,Ilemkajokon Community Health Unit,700190,Fully-functional,Loruth Dispensary,42433,KMHFR via openAFRICA (2020 extract)
TURKANA,Kibish,Turkana North,Kibish,Natumakaalei Community Health Unit,700189,Fully-functional,Napak Dispensary,42433,KMHFR via openAFRICA (2020 extract)
TURKANA,Kibish,Turkana North,Kibish,Lochilamuya Community Health Unit,700188,Fully-functional,Ekicheles Dispensary,42433,KMHFR via openAFRICA (2020 extract)
TURKANA,Kibish,Turkana North,Kibish,Liwan Community Health Unit,700187,semi-functional,Meyan Dispensary,42433,KMHFR via openAFRICA (2020 extract)
TURKANA,Kibish,Turkana North,Kibish,Meyan Community Health Unit,700186,semi-functional,Meyan Dispensary,42433,KMHFR via openAFRICA (2020 extract)
TURKANA,Kibish,Turkana North,Kibish,Nayook Community Health Unit,700185,Fully-functional,Kaikor Health Centre,42433,KMHFR via openAFRICA (2020 extract)
TURKANA,Kibish,Turkana North,Kibish,Edoot Community Health Unit,700184,Fully-functional,Kokuro Health Centre,42433,KMHFR via openAFRICA (2020 extract)
TURKANA,Turkana East,Turkana East,Kapedo/Napeitom,Kamuge Community Health Unit,700183,non-functinoal,Kamuge Dispensary,42614,KMHFR via openAFRICA (2020 extract)
TURKANA,Turkana North,Turkana North,Lakezone,Todonyang Community Health Unit,700182,semi-functional,Todonyang Dispensary,42433,KMHFR via openAFRICA (2020 extract)
TURKANA,Turkana East,Turkana East,Kapedo/Napeitom,Lomelo Community Health Unit,700181,semi-functional,Lomelo Dispensary,42583,KMHFR via openAFRICA (2020 extract)
TURKANA,Turkana East,Turkana East,Katilia,Lopeduru Community Health Unit,700180,Fully-functional,Lopedur Dispensary,42583,KMHFR via openAFRICA (2020 extract)
TURKANA,Turkana East,Turkana East,Kapedo/Napeitom,Napeitom Community Health Unit,700179,Fully-functional,Napeitom Dispensary,42583,KMHFR via openAFRICA (2020 extract)
TURKANA,Kibish,Turkana North,Kibish,Toiunae Community Health Unit,700178,Fully-functional,Karebur Dispensary,42433,KMHFR via openAFRICA (2020 extract)
TURKANA,Turkana South,Turkana South,Lokichar,Locheremoit Community Health Unit,700162,Fully-functional,Locheremoit Dispensary,41739,KMHFR via openAFRICA (2020 extract)
TURKANA,Turkana South,Turkana South,Kalapata,Kangakipur Community Health Unit,700161,Fully-functional,Kangakipur Dispensary,41958,KMHFR via openAFRICA (2020 extract)
TURKANA,Turkana South,Turkana South,Kaputir,Juluk Community Health Unit,700160,Fully-functional,Juluk Dispensary,41776,KMHFR via openAFRICA (2020 extract)
TURKANA,Turkana South,Turkana South,Lokichar,Napusimoru Community Health Unit,700159,Fully-functional,Napusimoru Dispensary,42041,KMHFR via openAFRICA (2020 extract)
TURKANA,Turkana South,Turkana South,Lokichar,Lokichar Community Health Unit,700156,Fully-functional,Lokichar (RCEA) Health Centre,41702,KMHFR via openAFRICA (2020 extract)
TURKANA,Turkana South,Turkana South,Lobokat,Kaakong Community Health Unit,700155,Fully-functional,Kaakong'u Dispensary,42288,KMHFR via openAFRICA (2020 extract)
TURKANA,Turkana South,Turkana South,Katilu,Kanaodon Community Health Unit,700154,Fully-functional,Kanaodon Dispensary,42200,KMHFR via openAFRICA (2020 extract)
TURKANA,Loima,Loima,Turkwel,Nasiger Community Health Unit,700153,Fully-functional,Nasiger Dispensary,41884,KMHFR via openAFRICA (2020 extract)
TURKANA,Loima,Loima,Turkwel,Napeililim Community Health Unit,700152,Fully-functional,Napeililim Dispensary,41883,KMHFR via openAFRICA (2020 extract)
TURKANA,Loima,Loima,Lokiriama/Lorengippi,Lorengippi Community Health Unit,700151,Fully-functional,Lorengippi Dispensary,41519,KMHFR via openAFRICA (2020 extract)
TURKANA,Loima,Loima,Turkwel,Nadapal Community Health Unit,700150,Fully-functional,Nadapal Dispensary,41155,KMHFR via openAFRICA (2020 extract)
TURKANA,Loima,Loima,Turkwel,Lorugum Sub County Hospital Community Health Unit,700149,Fully-functional,Lorugum Health Centre,42248,KMHFR via openAFRICA (2020 extract)
TURKANA,Loima,Loima,Loima,Lobei Community Health Unit,700148,Fully-functional,Lochoredome Dispensary (Loima),41519,KMHFR via openAFRICA (2020 extract)
TURKANA,Turkana West,Turkana West,Kalobeyei,Timu Community Health Unit,700147,Fully-functional,Kalobeyei Dispensary,41223,KMHFR via openAFRICA (2020 extract)
TURKANA,Turkana West,Turkana West,Lokichoggio,Loremet Community Health Unit,700146,Fully-functional,Nakururum Dispensary,42419,KMHFR via openAFRICA (2020 extract)
TURKANA,Turkana West,Turkana West,Songot,Lokangae Community Health Unit,700145,Fully-functional,Lokangae Health Centre,41223,KMHFR via openAFRICA (2020 extract)
TURKANA,Turkana West,Turkana West,Nanaam,Nameyan Community Health Unit,700144,Fully-functional,Nanam Dispensary,42496,KMHFR via openAFRICA (2020 extract)
TURKANA,Turkana West,Turkana West,Lokichoggio,Ngapetan 1 Community Health Unit,700143,Fully-functional,Lokichogio (AIC) Health Centre,41835,KMHFR via openAFRICA (2020 extract)
TURKANA,Turkana West,Turkana West,Lokichoggio,Ngapetan 2 Community Health Unit,700142,Fully-functional,Lokichogio (AIC) Health Centre,41840,KMHFR via openAFRICA (2020 extract)
TURKANA,Turkana West,Turkana West,Kakuma,Morungole 2 Community Health Unit,700141,Fully-functional,Kakuma Mission Hospital,42482,KMHFR via openAFRICA (2020 extract)
TURKANA,Turkana West,Turkana West,Kalobeyei,Lomunyanakrionok Community Health Unit,700140,semi-functional,Natira Dispensary,42475,KMHFR via openAFRICA (2020 extract)
TURKANA,Turkana West,Turkana West,Kalobeyei,Namortotio Community Health Unit,700139,Fully-functional,Natira Dispensary,41192,KMHFR via openAFRICA (2020 extract)
TURKANA,Turkana West,Turkana West,Songot,Lopwarin Community Health Unit,700138,Fully-functional,Aposta Dispensary,41275,KMHFR via openAFRICA (2020 extract)
TURKANA,Turkana West,Turkana West,Songot,Songot Community Health Unit,700137,Fully-functional,Aposta Dispensary,41275,KMHFR via openAFRICA (2020 extract)
TURKANA,Turkana West,Turkana West,Songot,Napeikar Community Health Unit,700136,Fully-functional,Aposta Dispensary,41275,KMHFR via openAFRICA (2020 extract)
TURKANA,Turkana West,Turkana West,Kakuma,Morungole 1 Community Health Unit,700135,Fully-functional,Kakuma Mission Hospital,41223,KMHFR via openAFRICA (2020 extract)
TURKANA,Turkana West,Turkana West,Nanaam,Ngadakarin Asegis Community Health Unit,700134,Fully-functional,Nanam Dispensary,41346,KMHFR via openAFRICA (2020 extract)
TURKANA,Turkana West,Turkana West,Letea,Lorengesinyen Community Health Unit,700133,Fully-functional,Letea Dispensary,41592,KMHFR via openAFRICA (2020 extract)
TURKANA,Turkana West,Turkana West,Nanaam,Aochole Community Health Unit,700132,Fully-functional,Lopiding Sub County Hospital,42064,KMHFR via openAFRICA (2020 extract)
TURKANA,Turkana West,Turkana West,Nanaam,Mogila Community Health Unit,700131,Fully-functional,Lopiding Sub County Hospital,42576,KMHFR via openAFRICA (2020 extract)
TURKANA,Turkana West,Turkana West,Lokichoggio,Nakasegan Community Health Unit,700130,Fully-functional,Nakururum Dispensary,42327,KMHFR via openAFRICA (2020 extract)
TURKANA,Kibish,Turkana North,Kibish,Naita Community Health Unit,700124,Fully-functional,Koyasa Dispensary,42433,KMHFR via openAFRICA (2020 extract)
TURKANA,Kibish,Turkana North,Kibish,Kichubi Community Health Unit,700123,Fully-functional,Koyasa Dispensary,42433,KMHFR via openAFRICA (2020 extract)
TURKANA,Kibish,Turkana North,Kibish,Kachuromongin Community Health Unit,700122,Fully-functional,Lokamarinyang Dispensary,42433,KMHFR via openAFRICA (2020 extract)
TURKANA,Kibish,Turkana North,Kibish,Naitese Community Health Unit,700121,Fully-functional,Kibish GK Dispensary,42433,KMHFR via openAFRICA (2020 extract)
TURKANA,Kibish,Turkana North,Kibish,Sasame Community Health Unit,700120,Fully-functional,Karebur Dispensary,42433,KMHFR via openAFRICA (2020 extract)
TURKANA,Kibish,Turkana North,Kibish,Nabulkok Community Health Unit,700119,Fully-functional,Karebur Dispensary,42433,KMHFR via openAFRICA (2020 extract)
TURKANA,Turkana North,Turkana North,Kaaleng/Kaikor,Kaalem Community Health Unit,700101,Fully-functional,Kaalem Dispensary,42603,KMHFR via openAFRICA (2020 extract)
TURKANA,Turkana North,Turkana North,Kaeris,Kaeris Community Health Unit,700100,Fully-functional,Kaeris Dispensary,41129,KMHFR via openAFRICA (2020 extract)
TURKANA,Turkana North,Turkana North,Kaaleng/Kaikor,Kaaleng Community Health Unit,700099,Fully-functional,Kaaleng Health Centre,39662,KMHFR via openAFRICA (2020 extract)
TURKANA,Turkana North,Turkana North,Lakezone,Kataboi Community Health Unit,700098,Fully-functional,Kataboi Dispensary,41509,KMHFR via openAFRICA (2020 extract)
TURKANA,Turkana North,Turkana North,Lakezone,Nariokotome Community Health Unit,700097,Fully-functional,Nariokotome Dispensary,41852,KMHFR via openAFRICA (2020 extract)
TURKANA,Turkana North,Turkana North,Lakezone,Lowarengak Community Health Unit,700096,Fully-functional,Lowarengak Health Centre,41133,KMHFR via openAFRICA (2020 extract)
TURKANA,Turkana North,Turkana North,Lapur,Lokitaung Community Health Unit,700095,Fully-functional,Lokitaung Sub County Hospital,41507,KMHFR via openAFRICA (2020 extract)
TURKANA,Turkana East,Turkana East,Lokori/Kochodin,Kochodin Community Health Unit,700085,semi-functional,Lokwamosing Dispensary,42536,KMHFR via openAFRICA (2020 extract)
TURKANA,Turkana East,Turkana East,Lokori/Kochodin,Lopii Community Health Unit,700084,Fully-functional,Lopii Dispensary,42536,KMHFR via openAFRICA (2020 extract)
TURKANA,Turkana East,Turkana East,Lokori/Kochodin,Lokwii Community Health Unit,700083,Fully-functional,Lokwii Health Center,41075,KMHFR via openAFRICA (2020 extract)
TURKANA,Turkana East,Turkana East,Lokori/Kochodin,Lochakula Community Health Unit,700082,semi-functional,Lokori Primary Health Care Programme,42475,KMHFR via openAFRICA (2020 extract)
TURKANA,Turkana East,Turkana East,Lokori/Kochodin,Lokwamosing Community Health Unit,700081,Fully-functional,Lokwamosing Dispensary,41075,KMHFR via openAFRICA (2020 extract)
TURKANA,Turkana East,Turkana East,Katilia,Katilia Community Health Unit,700080,Fully-functional,Katilia Dispensary,42536,KMHFR via openAFRICA (2020 extract)
TURKANA,Turkana East,Turkana East,Lokori/Kochodin,Lotubae Community Health Unit,700079,Fully-functional,Lotubae (AIC) Dispensary,42412,KMHFR via openAFRICA (2020 extract)
TURKANA,Turkana East,Turkana East,Lokori/Kochodin,Nakukulas Community Health Unit,700078,Fully-functional,Nakukulas Dispensary,40344,KMHFR via openAFRICA (2020 extract)
TURKANA,Turkana East,Turkana East,Lokori/Kochodin,Lokori Community Health Unit,700077,Fully-functional,Lokori (AIC) Health Centre,41136,KMHFR via openAFRICA (2020 extract)
TURKANA,Turkana East,Turkana East,Lokori/Kochodin,Morulem Community Health Unit,700076,Fully-functional,Morulem Dispensary,42522,KMHFR via openAFRICA (2020 extract)
ISIOLO,Isiolo,Isiolo North,Ngare Mara,Ngaremara Community Health Unit,602466,semi-functional,Ngaremara Dispensary,41306,KMHFR via openAFRICA (2020 extract)
ISIOLO,Isiolo,Isiolo North,Burat,Ack Community Health Unit,602380,semi-functional,ACK Dispensary (Isiolo),41030,KMHFR via openAFRICA (2020 extract)
TURKANA,Turkana North,Turkana North,Kaeris,Kanakurudio Community Health Unit,602896,Fully-functional,Kanakurudio Health Centre,41122,KMHFR via openAFRICA (2020 extract)
ISIOLO,Isiolo,Isiolo North,Burat,Tupendane Community Health Unit,602412,semi-functional,Tupendane Dispensary,40664,KMHFR via openAFRICA (2020 extract)
ISIOLO,Merti,Isiolo North,Cherab,Baasa Community Health Unit,602079,non-functinoal,Merti Health Centre,41000,KMHFR via openAFRICA (2020 extract)
WEST POKOT,Pokot South,Pokot South,Batei,Morpus Community Health Unit,601158,Fully-functional,Ortum Mission Hospital,40513,KMHFR via openAFRICA (2020 extract)
WEST POKOT,Pokot South,Pokot South,Batei,Kerelwa Community Health Unit,601157,Fully-functional,Ortum Mission Hospital,40513,KMHFR via openAFRICA (2020 extract)
KWALE,Kinango,Kinango,Mackinon Road,Kilibasi Community Health Unit,602789,Fully-functional,Kilibasi Dispensary,41365,KMHFR via openAFRICA (2020 extract)
KWALE,Lunga Lunga,Lunga Lunga,Vanga,Sega Community Health Unit,601866,Fully-functional,Lungalunga Subcounty Hospital,40483,KMHFR via openAFRICA (2020 extract)
KWALE,Lunga Lunga,Lunga Lunga,Vanga,Kaya Community Health Unit,601855,Fully-functional,Lungalunga Subcounty Hospital,40695,KMHFR via openAFRICA (2020 extract)
KWALE,Lunga Lunga,Lunga Lunga,Vanga,Gonja Community Health Unit,601854,Fully-functional,Lungalunga Subcounty Hospital,40575,KMHFR via openAFRICA (2020 extract)
KWALE,Matuga,Matuga,Waangombeni,Mtamazide Community Health Unit,601810,Fully-functional,Ng'ombeni Dispensary,40483,KMHFR via openAFRICA (2020 extract)
KWALE,Matuga,Matuga,Waangombeni,Four Ms Ngombeni1 Community Health Unit,601806,Fully-functional,Ng'ombeni Dispensary,40483,KMHFR via openAFRICA (2020 extract)
ISIOLO,Garbatulla,Isiolo South,Kinna,Kulamawe Community Health Unit,602465,semi-functional,Kula Mawe Dispensary,41306,KMHFR via openAFRICA (2020 extract)
WAJIR,Wajir West,Wajir West,Hadado/Athibohol,Athibohol Community Health Unit,601742,Fully-functional,Athibohol Dispensary,40603,KMHFR via openAFRICA (2020 extract)
GARISSA,Dadaab,Daadab,Abakaile,Saretho Community Health Unit,602656,Fully-functional,Saretho Health Centre,41355,KMHFR via openAFRICA (2020 extract)
MARSABIT,Laisamis,Laisamis,Laisamis,Merile Community Health Unit,602970,semi-functional,Merille Health centre,41513,KMHFR via openAFRICA (2020 extract)
KWALE,Lunga Lunga,Lunga Lunga,Dzombo,Morning Star Community Health Unit,601860,Fully-functional,Mwananyamala (CDF) Dispensary,40817,KMHFR via openAFRICA (2020 extract)
KILIFI,Ganze,Ganze,Sokoke,Dzikunze Community Health Unit,601763,Fully-functional,Dzikunze Dispensary,39965,KMHFR via openAFRICA (2020 extract)
ISIOLO,Garbatulla,Isiolo South,Sericho,Iresaboru Community Health Unit,602463,semi-functional,Iresaboru Dispensary,41306,KMHFR via openAFRICA (2020 extract)
WAJIR,Wajir North,Wajir North,Danaba,Quadam Community Health Unit,601737,Fully-functional,Qudama Dispensary,40725,KMHFR via openAFRICA (2020 extract)
KILIFI,Rabai,Rabai,Mwawesa,Kanyumbuni Community Health Unit,601748,Fully-functional,Bwagamoyo Dispensary,39934,KMHFR via openAFRICA (2020 extract)
GARISSA,Lagdera,Lagdera,Sabena,Gurufa Community Health Unit,602661,Fully-functional,Gurufa Dispensary,40452,KMHFR via openAFRICA (2020 extract)
KWALE,Lunga Lunga,Lunga Lunga,Dzombo,Majimoto Community Health Unit,601857,Fully-functional,Majimoto Dispensary,41072,KMHFR via openAFRICA (2020 extract)
KWALE,Matuga,Matuga,Mkongani,Mkomba Community Health Unit,601809,Fully-functional,Mkongani Health Centre,39965,KMHFR via openAFRICA (2020 extract)
KILIFI,Kilifi South,Kilifi South,Mwarakaya,Kizingo South Community Health Unit,601771,Fully-functional,Kizingo Health Centre,40057,KMHFR via openAFRICA (2020 extract)
KILIFI,Kilifi South,Kilifi South,Mwarakaya,Kizingo North Community Health Unit,601770,Fully-functional,Kizingo Health Centre,40057,KMHFR via openAFRICA (2020 extract)
TANA RIVER,Garsen,Garsen,Garsen West,Garsen Community Health Unit,601884,Fully-functional,Garsen Health Centre,39264,KMHFR via openAFRICA (2020 extract)
KILIFI,Kilifi South,Kilifi South,Chasimba,Chasimba Community Health Unit,602560,Fully-functional,Chasimba Health Centre,41061,KMHFR via openAFRICA (2020 extract)
WAJIR,Wajir East,Wajir East,Khorof/Harar,Khorof Harar Community Health Unit,601721,non-functinoal,Khorof Harar Sub-District Hospital,40603,KMHFR via openAFRICA (2020 extract)
ISIOLO,Garbatulla,Isiolo South,Garba Tulla,Gafarsa Community Health Unit,602277,semi-functional,Garbatulla District Hospital,40544,KMHFR via openAFRICA (2020 extract)
ISIOLO,Garbatulla,Isiolo South,Garba Tulla,Garbatulla North Community Health Unit,602464,semi-functional,Garbatulla District Hospital,41306,KMHFR via openAFRICA (2020 extract)
GARISSA,Dadaab,Daadab,Dadaab,Daidai Community Health Unit,602664,semi-functional,Dadaab Sub-County Hospital,41306,KMHFR via openAFRICA (2020 extract)
GARISSA,Dadaab,Daadab,Dadaab,Banan Community Health Unit,602663,semi-functional,Dadaab Sub-County Hospital,41306,KMHFR via openAFRICA (2020 extract)
GARISSA,Ijara,Ijara,Masalani,Mohamed Dahir Community Health Unit,602654,Fully-functional,Ijara Sub County Hospital - Masalani,41309,KMHFR via openAFRICA (2020 extract)
GARISSA,Lagdera,Lagdera,Modogashe,Kulan Community Health Unit,602658,Fully-functional,Modogashe Hospital,40452,KMHFR via openAFRICA (2020 extract)
GARISSA,Lagdera,Lagdera,Modogashe,Digis Community Health Unit,602648,Fully-functional,Modogashe Hospital,40452,KMHFR via openAFRICA (2020 extract)
KWALE,Msambweni,Msambweni,Ramisi,Vingujini Community Health Unit,601869,semi-functional,Msambweni County Referral Hospital,40980,KMHFR via openAFRICA (2020 extract)
KWALE,Msambweni,Msambweni,Ramisi,Milalani Community Health Unit,601859,semi-functional,Msambweni County Referral Hospital,40951,KMHFR via openAFRICA (2020 extract)
KWALE,Msambweni,Msambweni,Ramisi,Kingwede Community Health Unit,601856,Fully-functional,Msambweni County Referral Hospital,41011,KMHFR via openAFRICA (2020 extract)
KWALE,Msambweni,Msambweni,Ramisi,Mwena Community Health Unit,602758,Fully-functional,Msambweni County Referral Hospital,41091,KMHFR via openAFRICA (2020 extract)
KILIFI,Kaloleni,Kaloleni,Mariakani,Madzimbani Community Health Unit,601750,Fully-functional,Mariakani District Hospital,40391,KMHFR via openAFRICA (2020 extract)
KWALE,Matuga,Matuga,Tsimba Golini,Chitsanse Community Health Unit,602266,semi-functional,Kwale District Hospital,41072,KMHFR via openAFRICA (2020 extract)
ISIOLO,Garbatulla,Isiolo South,Kinna,Kinna South Community Health Unit,602354,semi-functional,Kinna Health Centre,41091,KMHFR via openAFRICA (2020 extract)
ISIOLO,Garbatulla,Isiolo South,Kinna,Kinna North Community Health Unit,602313,semi-functional,Kinna Health Centre,41091,KMHFR via openAFRICA (2020 extract)
WAJIR,Wajir West,Wajir West,Arbajahan,Arbajahan Community Health Unit,601741,Fully-functional,Arbajahan Health Centre,40695,KMHFR via openAFRICA (2020 extract)
KILIFI,Magarini,Magarini,Gongoni,Gongoni Community Health Unit,601823,Fully-functional,Gongoni Health Centre,40951,KMHFR via openAFRICA (2020 extract)
LAMU,Lamu West,Lamu West,Hindi,Mokowe Community Health Unit,601816,non-functinoal,Mokowe Health Centre,2010,KMHFR via openAFRICA (2020 extract)
WAJIR,Wajir North,Wajir North,Danaba,Ajawa Community Health Unit,602337,semi-functional,Ajawa Health Centre,40664,KMHFR via openAFRICA (2020 extract)
KWALE,Matuga,Matuga,Tiwi,Mwachema Community Health Unit,601811,Fully-functional,Tiwi RHTC,40951,KMHFR via openAFRICA (2020 extract)
TANA RIVER,Garsen,Garsen,Kipini East,Matangeni Community Health Unit,601885,Fully-functional,Kipini Health Centre,40026,KMHFR via openAFRICA (2020 extract)
TAITA TAVETA,Voi,Voi,Marungu,Marungu Community Health Unit,602840,Fully-functional,Maungu Model Health Centre,40551,KMHFR via openAFRICA (2020 extract)
NAROK,Transmara East,Emurua Dikirr,Kapsasian,Kapsasian Community Health Unit,602334,semi-functional,Kapsasian Dispensary,40057,KMHFR via openAFRICA (2020 extract)
WEST POKOT,West Pokot,Kapenguria,Mnagei,Psigirio Community Health Unit,601255,Fully-functional,Keringet Health Centre,39995,KMHFR via openAFRICA (2020 extract)
TURKANA,Turkana South,Turkana South,Kaputir,Kaputir Community Health Unit,602890,Fully-functional,Kaputir Dispensary,41275,KMHFR via openAFRICA (2020 extract)
WEST POKOT,Pokot Central,Sigor,Wei Wei,Kitoyo Community Health Unit,601149,non-functinoal,Tamkal Dispensary,39814,KMHFR via openAFRICA (2020 extract)
WEST POKOT,West Pokot,Kapenguria,Riwo,Kanyarkwat Katikomor Community Health Unit,601248,non-functinoal,Kanyarkwat Dispensary,40575,KMHFR via openAFRICA (2020 extract)
TURKANA,Turkana South,Turkana South,Katilu,Kalemungorok Community Health Unit,602889,Fully-functional,Kalemungorok Dispensary,41275,KMHFR via openAFRICA (2020 extract)
TURKANA,Turkana South,Turkana South,Lobokat,Kainuk Community Health Unit,601221,Fully-functional,Kainuk Health Centre,41061,KMHFR via openAFRICA (2020 extract)
WEST POKOT,West Pokot,Kapenguria,Siyoi,Paraywa Kapchilla Community Health Unit,601253,non-functinoal,Kaibos Dipensary,40603,KMHFR via openAFRICA (2020 extract)
WEST POKOT,West Pokot,Kapenguria,Siyoi,Keringet Community Health Unit,601249,non-functinoal,Kaibos Dipensary,40575,KMHFR via openAFRICA (2020 extract)
NAROK,Transmara East,Emurua Dikirr,Iikerin,Kurangurik Community Health Unit,602192,Fully-functional,Kurangurik Health centre,39995,KMHFR via openAFRICA (2020 extract)
TURKANA,Turkana East,Turkana East,Katilia,Elelea Community Health Unit,602721,Fully-functional,Elelea Health Centre,41487,KMHFR via openAFRICA (2020 extract)
SAMBURU,Samburu North,Samburu North,Nyiro,South Horr Community Health Unit,602833,Fully-functional,South Horr health Centre,41532,KMHFR via openAFRICA (2020 extract)
SAMBURU,Samburu East,Samburu East,Wamba North,Swari Community Health Unit,601169,non-functinoal,Swari Model Health Centre,41061,KMHFR via openAFRICA (2020 extract)
WEST POKOT,West Pokot,Kapenguria,Sook,Tamough Community Health Unit,601261,Fully-functional,Tamough Health Centre,40087,KMHFR via openAFRICA (2020 extract)
WEST POKOT,Pokot South,Pokot South,Tapach,Kamelei Community Health Unit,602336,semi-functional,Tapach Dispensary,39814,KMHFR via openAFRICA (2020 extract)
LAMU,Lamu West,Lamu West,Hindi,Godo Community Health Unit,601853,Fully-functional,Hindi Prison Dispensary,40848,KMHFR via openAFRICA (2020 extract)
KWALE,Matuga,Matuga,Tsimba Golini,Mazumalume Community Health Unit,601808,Fully-functional,Mazumalume Dispensary,40026,KMHFR via openAFRICA (2020 extract)
KWALE,Msambweni,Msambweni,Kinondo,Muhaka Community Health Unit,601862,Fully-functional,Muhaka Dispensary,39904,KMHFR via openAFRICA (2020 extract)
WAJIR,Tarbaj,Tarbaj,Sarman,Dambas Community Health Unit,601719,Fully-functional,Dambas Health Centre,39873,KMHFR via openAFRICA (2020 extract)
KWALE,Kinango,Kinango,Mwavumbo,Mwabila Community Health Unit,601803,Fully-functional,Mwabila Dispensary,40026,KMHFR via openAFRICA (2020 extract)
KWALE,Kinango,Kinango,Ndavaya,Ndavaya Community Health Unit,602307,semi-functional,Ndavaya Health centre,40787,KMHFR via openAFRICA (2020 extract)
KWALE,Kinango,Kinango,Mackinon Road,Vinyunduni Community Health Unit,602786,Fully-functional,Makamini Dispensary,40969,KMHFR via openAFRICA (2020 extract)
KWALE,Kinango,Kinango,Mackinon Road,Makamini Community Health Unit,602785,Fully-functional,Makamini Dispensary,41334,KMHFR via openAFRICA (2020 extract)
KWALE,Kinango,Kinango,Mackinon Road,Macknnon Road Community Health Unit,602788,Fully-functional,Mackinon Road Dispensary,41153,KMHFR via openAFRICA (2020 extract)
KILIFI,Magarini,Magarini,Garashi,Bura Community Health Unit,601820,Fully-functional,Dagamra Dispensary,40452,KMHFR via openAFRICA (2020 extract)
WAJIR,Wajir West,Wajir West,Ganyure/Wagalla,Shanta-abaq Community Health Unit,601744,Fully-functional,Tulatula Dispensary,40603,KMHFR via openAFRICA (2020 extract)
KILIFI,Rabai,Rabai,Kambe/Ribe,Jeuri Community Health Unit,602568,Fully-functional,Lenga Dispensary,39569,KMHFR via openAFRICA (2020 extract)
TAITA TAVETA,Taveta,Taveta,Mata,Ndilidu Community Health Unit,601910,semi-functional,Ndilidau Dispensary (Jipe),40057,KMHFR via openAFRICA (2020 extract)
TAITA TAVETA,Mwatate,Mwatate,Ronge,Mwambirwa Community Health Unit,602573,Fully-functional,Mwambirwa Dispensary,41091,KMHFR via openAFRICA (2020 extract)
TAITA TAVETA,Mwatate,Mwatate,Ronge,Mururu Manganga Community Health Unit,602836,Fully-functional,Mwambirwa Dispensary,39264,KMHFR via openAFRICA (2020 extract)
TAITA TAVETA,Voi,Voi,Marungu,Murungu Community Health Unit,601875,Fully-functional,Marungu Health Centre,40787,KMHFR via openAFRICA (2020 extract)
TAITA TAVETA,Taveta,Taveta,Mata,Mata Community Health Unit,602576,Fully-functional,Mata Dispensary (Taveta),39965,KMHFR via openAFRICA (2020 extract)
TAITA TAVETA,Wundanyi,Wundanyi,Wumingu/Kishushe,Kishushe Community Health Unit,602575,Fully-functional,Kishushe Dispensary,41061,KMHFR via openAFRICA (2020 extract)
TAITA TAVETA,Taveta,Taveta,Mboghoni,Kitobo Community Health Unit,601908,semi-functional,Kitobo Dispensary (Taveta),40787,KMHFR via openAFRICA (2020 extract)
TANA RIVER,Galole,Galole,Kinakomba,Majengo Community Health Unit,601897,Fully-functional,Majengo Dispensary (Tana River),40817,KMHFR via openAFRICA (2020 extract)
TANA RIVER,Galole,Galole,Chewani,Chewani Community Health Unit,601890,Fully-functional,Chewani Dispensary,40787,KMHFR via openAFRICA (2020 extract)
TANA RIVER,Galole,Galole,Chewani,Makere Community Health Unit,601898,semi-functional,Makere Dispensary,39264,KMHFR via openAFRICA (2020 extract)
NAROK,Narok East,Narok East,Ildamat,Oletukat Community Health Unit,601107,non-functinoal,Oletukat Dispensary,39904,KMHFR via openAFRICA (2020 extract)
WEST POKOT,West Pokot,Kapenguria,Sook,Sook Community Health Unit,601260,non-functinoal,Chepnyal Dispensary,40238,KMHFR via openAFRICA (2020 extract)
NAROK,Narok South,Narok South,Loita,Morijo Loita Community Health Unit,602231,non-functinoal,Morijo Loita Health Centre,40299,KMHFR via openAFRICA (2020 extract)
TURKANA,Turkana Central,Turkana Central,Kang'atotha,Namukuse Community Health Unit,602905,Fully-functional,Namukuse Dispensary,41244,KMHFR via openAFRICA (2020 extract)
NAROK,Narok West,Narok West,Siana,Olkinyei Community Health Unit,601130,non-functinoal,Olkinyei Dispensary,40575,KMHFR via openAFRICA (2020 extract)
NAROK,Narok North,Narok North,Nkareta,Nkareta Community Health Unit,601105,semi-functional,Nkareta Dispensary,39845,KMHFR via openAFRICA (2020 extract)
NAROK,Narok West,Narok West,Siana,Sekenani Community Health Unit,601135,non-functinoal,Sekenani Health Centre,40452,KMHFR via openAFRICA (2020 extract)
NAROK,Narok West,Narok West,Siana,Megwara Community Health Unit,601124,Fully-functional,Megwara Dispensary,40452,KMHFR via openAFRICA (2020 extract)
NAROK,Narok North,Narok North,Nkareta,Naisoya Community Health Unit,601104,Fully-functional,Naisoya Dispensary,40603,KMHFR via openAFRICA (2020 extract)
NAROK,Transmara West,Kilgoris,Shankoe,Shankoe Community Health Unit,601195,Fully-functional,Shankoe Dispensary,40909,KMHFR via openAFRICA (2020 extract)
WAJIR,Wajir East,Wajir East,Khorof/Harar,Wajir Bor Community Health Unit,601727,Fully-functional,Wajir Bor Health Centre,39873,KMHFR via openAFRICA (2020 extract)
KWALE,Msambweni,Msambweni,Gambato Bongwe,Gombato Community Health Unit,602177,Fully-functional,Gombato Dispensary (CDF),40513,KMHFR via openAFRICA (2020 extract)
KWALE,Msambweni,Msambweni,Gambato Bongwe,Godo Community Health Unit,602752,Closed,Gombato Dispensary (CDF),41091,KMHFR via openAFRICA (2020 extract)
WAJIR,Wajir South,Wajir South,Benane,Biyamalhow Community Health Unit,601712,semi-functional,Biyamadhow Health Centre,40787,KMHFR via openAFRICA (2020 extract)
LAMU,Lamu East,Lamu East,Faza,Kizingitini Community Health Unit,602314,semi-functional,Kizingitini Dispensary,39448,KMHFR via openAFRICA (2020 extract)
LAMU,Lamu East,Lamu East,Faza,Kiunga Community Health Unit,602259,semi-functional,Kizingitini Dispensary,39934,KMHFR via openAFRICA (2020 extract)
GARISSA,Dadaab,Daadab,Liboi,Kulan Community Health Unit,602646,Fully-functional,Kulan Health Centre,41355,KMHFR via openAFRICA (2020 extract)
KILIFI,Kilifi North,Kilifi North,Tezo,Zowerani Community Health Unit,601784,Fully-functional,Ngerenya Dispensary,40848,KMHFR via openAFRICA (2020 extract)
KILIFI,Kilifi North,Kilifi North,Mnarani,Takaunga Community Health Unit,601781,Fully-functional,Takaungu Dispensary,40575,KMHFR via openAFRICA (2020 extract)
KILIFI,Magarini,Magarini,Magarini,Marikebuni Community Health Unit,601830,Fully-functional,Marikebuni Dispensary,39934,KMHFR via openAFRICA (2020 extract)
KILIFI,Magarini,Magarini,Magarini,Bomani Community Health Unit,601819,Fully-functional,Marikebuni Dispensary,40603,KMHFR via openAFRICA (2020 extract)
KWALE,Matuga,Matuga,Waangombeni,Matuga Community Health Unit,602181,Fully-functional,Matuga Dispensary,40118,KMHFR via openAFRICA (2020 extract)
KILIFI,Kaloleni,Kaloleni,Kaloleni,Chalani Community Health Unit,601746,Fully-functional,Chalani Dispensary,39845,KMHFR via openAFRICA (2020 extract)
KILIFI,Kaloleni,Kaloleni,Kaloleni,Vishakani Community Health Unit,601759,Fully-functional,Vishakani Dispensary,40330,KMHFR via openAFRICA (2020 extract)
KWALE,Lunga Lunga,Lunga Lunga,Pongwe/Kikokeni,Mafisini Community Health Unit,602762,Fully-functional,Wasini Dispensary,41091,KMHFR via openAFRICA (2020 extract)
KILIFI,Ganze,Ganze,Bamba,Midoina Community Health Unit,601775,non-functinoal,Midoina Dispensary,40848,KMHFR via openAFRICA (2020 extract)
KILIFI,Kilifi South,Kilifi South,Mtepeni,Kidutani Mawamba Community Health Unit,601769,Fully-functional,Mtepeni Dispensary,39873,KMHFR via openAFRICA (2020 extract)
KILIFI,Ganze,Ganze,Ganze,Mirihini Community Health Unit,601776,semi-functional,Mirihini Dispensary,39873,KMHFR via openAFRICA (2020 extract)
KWALE,Lunga Lunga,Lunga Lunga,Pongwe/Kikokeni,Rise And Shine Community Health Unit,601864,Fully-functional,Shimoni Dispensary,39934,KMHFR via openAFRICA (2020 extract)
KILIFI,Ganze,Ganze,Sokoke,Dida Community Health Unit,601762,semi-functional,Dida Dispensary,39965,KMHFR via openAFRICA (2020 extract)
WAJIR,Wajir East,Wajir East,Township,Alimaow Community Health Unit,601716,non-functinoal,Alimaow Health Centre,39022,KMHFR via openAFRICA (2020 extract)
KILIFI,Magarini,Magarini,Adu,Marereni Community Health Unit,601829,Fully-functional,Marereni Dispensary,40422,KMHFR via openAFRICA (2020 extract)
TAITA TAVETA,Taveta,Taveta,Bomani,Bomeni Community Health Unit,602842,Fully-functional,Taveta District Hospital,40919,KMHFR via openAFRICA (2020 extract)
TAITA TAVETA,Mwatate,Mwatate,Chawia,Sungululu Shigharo Community Health Unit,601880,Fully-functional,Mwatate Sub-District Hospital,40980,KMHFR via openAFRICA (2020 extract)
TAITA TAVETA,Mwatate,Mwatate,Chawia,Mruru Maganga Community Health Unit,602571,Fully-functional,Mwatate Sub-District Hospital,39264,KMHFR via openAFRICA (2020 extract)
TAITA TAVETA,Mwatate,Mwatate,Chawia,Mwambirwa Community Health Unit,602853,semi-functional,Mwatate Sub-District Hospital,41091,KMHFR via openAFRICA (2020 extract)
WEST POKOT,West Pokot,Kapenguria,Kapenguria,Chewoyet Community Health Unit,601246,Fully-functional,Kapenguria County Referral Hospital,40575,KMHFR via openAFRICA (2020 extract)
TURKANA,Turkana East,Turkana East,Kapedo/Napeitom,Kapedo Community Health Unit,602892,Fully-functional,Kapedo Sub County Hospital,41306,KMHFR via openAFRICA (2020 extract)
TURKANA,Turkana South,Turkana South,Katilu,Katilu Community Health Unit,602891,Fully-functional,Katilu Health Centre,41000,KMHFR via openAFRICA (2020 extract)
SAMBURU,Samburu East,Samburu East,Wamba East,Matakwani Community Health Unit,602949,Fully-functional,Wamba Health Centre,41270,KMHFR via openAFRICA (2020 extract)
SAMBURU,Samburu North,Samburu North,El-barta,Bendera Community Health Unit,602834,Fully-functional,Baragoi Sub-County Hospital,41535,KMHFR via openAFRICA (2020 extract)
NAROK,Narok South,Narok South,Ololulung'a,Ololulunga Community Health Unit,601133,non-functinoal,Ololulunga District Hospital,41061,KMHFR via openAFRICA (2020 extract)
KILIFI,Kaloleni,Kaloleni,Mariakani,Kamkomani Community Health Unit,602357,semi-functional,Kamkomani Dispensary,40969,KMHFR via openAFRICA (2020 extract)
NAROK,Narok East,Narok East,Suswa,Inkoirienito Community Health Unit,601102,Fully-functional,Inkoirienito Dispensary,40575,KMHFR via openAFRICA (2020 extract)
TAITA TAVETA,Mwatate,Mwatate,Wusi/Kishamba,Mruru Community Health Unit,601874,semi-functional,Wusi-Wutesia (ACK) Dispensary,39387,KMHFR via openAFRICA (2020 extract)
NAROK,Narok South,Narok South,Loita,Entesekera Community Health Unit,601117,non-functinoal,Entasekera Health Centre,40452,KMHFR via openAFRICA (2020 extract)
WAJIR,Wajir East,Wajir East,Barwago,Barwako Community Health Unit,601718,Fully-functional,Barwaqo Dispensary,40603,KMHFR via openAFRICA (2020 extract)
KILIFI,Kilifi South,Kilifi South,Shimo La Tewa,Shimo La Tewa Community Health Unit,601780,Fully-functional,Mtwapa Health Centre,41030,KMHFR via openAFRICA (2020 extract)
KILIFI,Kilifi South,Kilifi South,Shimo La Tewa,Mtwapa Community Health Unit,601777,Fully-functional,Mtwapa Health Centre,41030,KMHFR via openAFRICA (2020 extract)
KILIFI,Kilifi South,Kilifi South,Shimo La Tewa,Kanamai B Community Health Unit,601767,Fully-functional,Mtwapa Health Centre,40664,KMHFR via openAFRICA (2020 extract)
KILIFI,Kilifi South,Kilifi South,Shimo La Tewa,Kanamai A Community Health Unit,601766,Fully-functional,Mtwapa Health Centre,40664,KMHFR via openAFRICA (2020 extract)
KILIFI,Ganze,Ganze,Ganze,Petanguo Community Health Unit,601778,Fully-functional,Ganze Health Centre,39873,KMHFR via openAFRICA (2020 extract)
KILIFI,Ganze,Ganze,Ganze,Ganze Community Health Unit,601764,Fully-functional,Ganze Health Centre,40634,KMHFR via openAFRICA (2020 extract)
KILIFI,Ganze,Ganze,Bamba,Bamba Community Unit,602563,Fully-functional,Bamba Sub-County Hospital,39873,KMHFR via openAFRICA (2020 extract)
KILIFI,Ganze,Ganze,Ganze,Tsangalaweni Community Health Unit,602562,semi-functional,Ganze Health Centre,40634,KMHFR via openAFRICA (2020 extract)
WAJIR,Tarbaj,Tarbaj,Tarbaj,Lafaley Community Health Unit,601723,Fully-functional,Lafaley Dispensary,40575,KMHFR via openAFRICA (2020 extract)
SAMBURU,Samburu Central,Samburu Central,Lodokejek,Kisima Community Health Unit,601010,Fully-functional,Kisima Health Centre,39845,KMHFR via openAFRICA (2020 extract)
WAJIR,Wajir North,Wajir North,Malkagufu,Malkagufu Community Health Unit,601735,Fully-functional,Malkagufu Dispensary,40725,KMHFR via openAFRICA (2020 extract)
WAJIR,Wajir South,Wajir South,Ibrahim Ure,Argani Community Health Unit,602936,non-functinoal,Argane Dispensary,40634,KMHFR via openAFRICA (2020 extract)
KILIFI,Kaloleni,Kaloleni,Kaloleni,Kwale Community Health Unit,601567,semi-functional,Mgamboni Dispensary,39934,KMHFR via openAFRICA (2020 extract)
KWALE,Matuga,Matuga,Tiwi,Simkumbe Community Health Unit,601812,Fully-functional,Magodzoni Dispensary,39965,KMHFR via openAFRICA (2020 extract)
ISIOLO,Garbatulla,Isiolo South,Sericho,Sericho Community Health Unit,602390,semi-functional,Modogashe Dispensary,40544,KMHFR via openAFRICA (2020 extract)
ISIOLO,Garbatulla,Isiolo South,Sericho,Modogashe Community Health Unit,602260,semi-functional,Modogashe Dispensary,41061,KMHFR via openAFRICA (2020 extract)
LAMU,Lamu West,Lamu West,Witu,Didewaride Community Health Unit,601814,non-functinoal,Didewaride Dispensary,40603,KMHFR via openAFRICA (2020 extract)
KWALE,Lunga Lunga,Lunga Lunga,Vanga,Juhudi Community Health Unit,602249,Fully-functional,Ngathini Dispensary,40991,KMHFR via openAFRICA (2020 extract)
KWALE,Lunga Lunga,Lunga Lunga,Vanga,Maendeleo Community Health Unit,602243,Fully-functional,Ngathini Dispensary,40980,KMHFR via openAFRICA (2020 extract)
KWALE,Lunga Lunga,Lunga Lunga,Vanga,Mbuwani Community Health Unit,602761,Fully-functional,Ngathini Dispensary,41091,KMHFR via openAFRICA (2020 extract)
KWALE,Lunga Lunga,Lunga Lunga,Mwereni,Dzombo Community Health Unit,602751,Fully-functional,Godo Dispensary,41091,KMHFR via openAFRICA (2020 extract)
KWALE,Lunga Lunga,Lunga Lunga,Mwereni,Mwangulu Community Health Unit,601863,non-functinoal,Mwangulu Dispensary,41041,KMHFR via openAFRICA (2020 extract)
KWALE,Lunga Lunga,Lunga Lunga,Mwereni,Mzizima Community Health Unit,602759,Fully-functional,Mwangulu Dispensary,41091,KMHFR via openAFRICA (2020 extract)
TANA RIVER,Garsen,Garsen,Garsen South,Misimo Community Health Unit,600559,semi-functional,Ngao Sub County Hospital,41000,KMHFR via openAFRICA (2020 extract)
SAMBURU,Samburu Central,Samburu Central,Maralal,Loikas Community Health Unit,601011,semi-functional,Maralal District Hospital,39845,KMHFR via openAFRICA (2020 extract)
WAJIR,Wajir East,Wajir East,Wagberi,Waberi Community Health Unit,601726,Fully-functional,Wajir County Referral Hospital,40603,KMHFR via openAFRICA (2020 extract)
ISIOLO,Isiolo,Isiolo North,Burat,Apu Community Health Unit,601968,semi-functional,Apu Dispensary,39934,KMHFR via openAFRICA (2020 extract)
ISIOLO,Isiolo,Isiolo North,Oldo/Nyiro,Kipsing Community Health Unit,602377,semi-functional,Kipsing Dispensary,40238,KMHFR via openAFRICA (2020 extract)
ISIOLO,Merti,Isiolo North,Cherab,Merti North Community Health Unit,602080,Fully-functional,Basa Dispensary,41000,KMHFR via openAFRICA (2020 extract)
ISIOLO,Isiolo,Isiolo North,Oldo/Nyiro,Oldonyiro Community Health Unit,602421,semi-functional,Oldonyiro Dispensary (Isiolo),40238,KMHFR via openAFRICA (2020 extract)
ISIOLO,Isiolo,Isiolo North,Burat,Kambi Garba Community Health Unit,602467,semi-functional,Kambi Garba Dispensary,41306,KMHFR via openAFRICA (2020 extract)
TURKANA,Turkana West,Turkana West,Kalobeyei,Oropoi Community Health Unit,602883,Fully-functional,Oropoi Dispensary,41214,KMHFR via openAFRICA (2020 extract)
KWALE,Kinango,Kinango,Kinango,Mwachinga Community Health Unit,602790,Fully-functional,Mwachinga Dispensary,38537,KMHFR via openAFRICA (2020 extract)
KWALE,Lunga Lunga,Lunga Lunga,Dzombo,Vitsangalaweni Community Health Unit,601870,semi-functional,Vitsangalaweni Dispensary,39934,KMHFR via openAFRICA (2020 extract)
KWALE,Lunga Lunga,Lunga Lunga,Dzombo,Menzamwenye Community Health Unit,601858,semi-functional,Vitsangalaweni Dispensary,40664,KMHFR via openAFRICA (2020 extract)
KILIFI,Rabai,Rabai,Ruruma,Mikomani Community Health Unit,601752,Fully-functional,Makanzani Dispensary,39934,KMHFR via openAFRICA (2020 extract)
KWALE,Matuga,Matuga,Mkongani,Tserezani Community Health Unit,602796,semi-functional,Mwaluphamba Dispensary,39995,KMHFR via openAFRICA (2020 extract)
WAJIR,Tarbaj,Tarbaj,Wargadud,Kotulo Community Health Unit,601722,Fully-functional,Kutulo Health Centre (Wajir East),39873,KMHFR via openAFRICA (2020 extract)
KILIFI,Magarini,Magarini,Magarini,Pumwani Community Health Unit,601832,semi-functional,Mwangatini Dispensary,39508,KMHFR via openAFRICA (2020 extract)
KILIFI,Kaloleni,Kaloleni,Mwanamwinga,Mtsengo Community Health Unit,601753,Fully-functional,Kinarani Dispensary,39934,KMHFR via openAFRICA (2020 extract)
KILIFI,Kaloleni,Kaloleni,Mwanamwinga,Kibwabwani Community Health Unit,601749,Fully-functional,Kinarani Dispensary,40452,KMHFR via openAFRICA (2020 extract)
KILIFI,Kaloleni,Kaloleni,Mwanamwinga,Kibwabwan Community Health Unit,602566,semi-functional,Kinarani Dispensary,40452,KMHFR via openAFRICA (2020 extract)
LAMU,Lamu West,Lamu West,Shella,Shela Manda Community Health Unit,601817,non-functinoal,Shella Dispensary,40299,KMHFR via openAFRICA (2020 extract)
KWALE,Lunga Lunga,Lunga Lunga,Dzombo,Venus Community Health Unit,601868,Fully-functional,Mamba Dispensary,40817,KMHFR via openAFRICA (2020 extract)
KWALE,Lunga Lunga,Lunga Lunga,Dzombo,Majoreni T Community Health Unit,602756,Fully-functional,Mamba Dispensary,41091,KMHFR via openAFRICA (2020 extract)
KWALE,Lunga Lunga,Lunga Lunga,Pongwe/Kikokeni,Central Community Health Unit,601852,non-functinoal,Kikoneni Health Centre,41041,KMHFR via openAFRICA (2020 extract)
KWALE,Lunga Lunga,Lunga Lunga,Pongwe/Kikokeni,Bumbani Community Health Unit,601851,non-functinoal,Kikoneni Health Centre,41041,KMHFR via openAFRICA (2020 extract)
KWALE,Lunga Lunga,Lunga Lunga,Pongwe/Kikokeni,Jitahidi Community Health Unit,602755,Fully-functional,Kikoneni Health Centre,41091,KMHFR via openAFRICA (2020 extract)
KILIFI,Rabai,Rabai,Rabai/Kisurutini,Mwele Community Health Unit,601754,Fully-functional,Rabai Rural Health Demonstration Centre,40422,KMHFR via openAFRICA (2020 extract)
KILIFI,Rabai,Rabai,Rabai/Kisurutini,Buni Kisimani Community Health Unit,601745,Fully-functional,Rabai Rural Health Demonstration Centre,40452,KMHFR via openAFRICA (2020 extract)
WAJIR,Wajir North,Wajir North,Korondile,Korondille Community Health Unit,601734,Fully-functional,Korondille Health Centre,40057,KMHFR via openAFRICA (2020 extract)
KWALE,Kinango,Kinango,Chengoni/Samburu,Chengoni Community Health Unit,602794,Fully-functional,Samburu Health Centre,40603,KMHFR via openAFRICA (2020 extract)
WAJIR,Wajir North,Wajir North,Danaba,Danaba Community Health Unit,601730,Fully-functional,Danaba Health Centre,40695,KMHFR via openAFRICA (2020 extract)
TURKANA,Loima,Loima,Turkwel,Turkwel Community Health Unit,602256,Fully-functional,Turkwel Health Centre (Loima),41030,KMHFR via openAFRICA (2020 extract)
TURKANA,Loima,Loima,Lokiriama/Lorengippi,Lokiriama Community Health Unit,602886,Fully-functional,Lokiriama Dispensary,41244,KMHFR via openAFRICA (2020 extract)
TURKANA,Turkana South,Turkana South,Lokichar,Lochwaangikamatak Community Health Unit,602906,Fully-functional,Lochwaangikamatak Dispensary,41183,KMHFR via openAFRICA (2020 extract)
TURKANA,Turkana Central,Turkana Central,Kerio Delta,Kerio Community Health Unit,602902,Fully-functional,Kerio Health Centre,41244,KMHFR via openAFRICA (2020 extract)
NAROK,Transmara West,Kilgoris,Kimintet,Kimintet Community Health Unit,602413,semi-functional,Kimintet Dispensary,41487,KMHFR via openAFRICA (2020 extract)
WEST POKOT,Pokot Central,Sigor,Lomut,Nyangaita Community Health Unit,601153,non-functinoal,Lomut Health Centre,40513,KMHFR via openAFRICA (2020 extract)
WEST POKOT,Pokot Central,Sigor,Lomut,Mosop Community Health Unit,601152,non-functinoal,Lomut Health Centre,39814,KMHFR via openAFRICA (2020 extract)
TURKANA,Turkana South,Turkana South,Katilu,Lopur Community Health Unit,601225,Fully-functional,Lopur Dispensary (Turkana South),41030,KMHFR via openAFRICA (2020 extract)
NAROK,Narok East,Narok East,Mosiro,Kojong'a Community Health Unit,601103,Fully-functional,Kojonga Dispensary,40603,KMHFR via openAFRICA (2020 extract)
TURKANA,Loima,Loima,Kotaruk/Lobei,Kalemunyang Community Health Unit,602885,semi-functional,St Bridgit Kalemunyang Dispensary,41244,KMHFR via openAFRICA (2020 extract)
WAJIR,Eldas,Eldas,Della,Anole Community Health Unit,602298,Fully-functional,Anole Dispensary,40603,KMHFR via openAFRICA (2020 extract)
WAJIR,Wajir North,Wajir North,Gurar,Gurar Community Health Unit,601732,Fully-functional,Gurar Health Centre,40057,KMHFR via openAFRICA (2020 extract)
SAMBURU,Samburu Central,Samburu Central,Suguta Marmar,Suguta Marmar Community Health Unit,601012,Fully-functional,Suguta Marmar Health Centre,39845,KMHFR via openAFRICA (2020 extract)
WAJIR,Wajir South,Wajir South,Benane,Sabuli Community Health Unit,601739,semi-functional,Sabuli Health Centre,40634,KMHFR via openAFRICA (2020 extract)
KILIFI,Kilifi North,Kilifi North,Dabaso,Dabaso Community Health Unit,601821,Fully-functional,Gede Health Centre,39539,KMHFR via openAFRICA (2020 extract)
KILIFI,Kilifi South,Kilifi South,Junju,Vipingo Community Health Unit,601782,Fully-functional,Vipingo Rural Demonstration Health Centre,40969,KMHFR via openAFRICA (2020 extract)
KILIFI,Ganze,Ganze,Bamba,Maryango Community Health Unit,601774,semi-functional,Bamba Sub-County Hospital,40603,KMHFR via openAFRICA (2020 extract)
WEST POKOT,Pokot South,Pokot South,Lelan,Simotwo Community Health Unit,601159,Fully-functional,Kabichbich Health Centre,40148,KMHFR via openAFRICA (2020 extract)
WEST POKOT,Pokot South,Pokot South,Lelan,Kabichbich Community Health Unit,601156,Fully-functional,Kabichbich Health Centre,39814,KMHFR via openAFRICA (2020 extract)
NAROK,Narok South,Narok South,Sogoo,Sogoo Community Health Unit,601136,Fully-functional,Sogoo Health Centre,40299,KMHFR via openAFRICA (2020 extract)
WEST POKOT,West Pokot,Kapenguria,Riwo,Serewo Community Health Unit,601258,Fully-functional,Serewo Health Centre,40057,KMHFR via openAFRICA (2020 extract)
WEST POKOT,Pokot Central,Sigor,Wei Wei,Ptokou Community Health Unit,601155,Fully-functional,Sigor Sub District Hospital,39814,KMHFR via openAFRICA (2020 extract)
WEST POKOT,West Pokot,Kapenguria,Endugh,Kositei Community Health Unit,601250,non-functinoal,Turkwel Health Centre,2009,KMHFR via openAFRICA (2020 extract)
NAROK,Transmara West,Kilgoris,Kimintet,Emarti Community Health Unit,602420,semi-functional,Emarti Health Centre,40695,KMHFR via openAFRICA (2020 extract)
NAROK,Narok East,Narok East,Keekonyokie,Olosho Onyok Cbo Sintakara Community Health Unit,601110,semi-functional,Nairagie-Enkare Health Centre,40969,KMHFR via openAFRICA (2020 extract)
NAROK,Narok North,Narok North,Olorropil,Enabelbel Community Health Unit,601101,non-functinoal,Enabelbel Health Centre,39845,KMHFR via openAFRICA (2020 extract)
NAROK,Transmara West,Kilgoris,Keyian,Enoosaen Community Health Unit,601193,Fully-functional,Enoosaen Health Centre,40483,KMHFR via openAFRICA (2020 extract)
NAROK,Narok South,Narok South,Maji Moto/Naroosura,Naroosura Community Health Unit,601127,Fully-functional,Naroosura Health Centre,2008,KMHFR via openAFRICA (2020 extract)
NAROK,Transmara West,Kilgoris,Angata Barikoi,Angata Community Health Unit,601192,non-functinoal,Angata Health Centre,41091,KMHFR via openAFRICA (2020 extract)
WEST POKOT,Pokot South,Pokot South,Chepareria,Senetwo Community Health Unit,601257,Fully-functional,Chepareria Sub District Hospital,40148,KMHFR via openAFRICA (2020 extract)
TURKANA,Turkana Central,Turkana Central,Kalokol,Kalokol Community Health Unit,602900,Fully-functional,Kalokol (AIC) Health Centre,41244,KMHFR via openAFRICA (2020 extract)
TURKANA,Turkana South,Turkana South,Lokichar,Kapese Community Health Unit,601223,Fully-functional,Lokichar (RCEA) Health Centre,41061,KMHFR via openAFRICA (2020 extract)
TURKANA,Turkana South,Turkana South,Lokichar,Kamarese Community Health Unit,601222,Fully-functional,Lokichar (RCEA) Health Centre,41000,KMHFR via openAFRICA (2020 extract)
TURKANA,Turkana South,Turkana South,Kaputir,Nakwamoru Community Health Unit,602907,Fully-functional,Nakwamoru Health Centre,41214,KMHFR via openAFRICA (2020 extract)
TURKANA,Loima,Loima,Turkwel,Lorugum Community Health Unit,602255,Fully-functional,St Elizabeth Lorugum Health Centre,41000,KMHFR via openAFRICA (2020 extract)
NAROK,Narok West,Narok West,Mara,Lemek Community Health Unit,601122,non-functinoal,St Anthony Lemek Dispensary,40603,KMHFR via openAFRICA (2020 extract)
TURKANA,Turkana South,Turkana South,Kalapata,Kangakipur Community Health Unit,602908,Fully-functional,Kangakipur Dispensary,41275,KMHFR via openAFRICA (2020 extract)
TURKANA,Turkana Central,Turkana Central,Kerio Delta,Nakurio Community Health Unit,602904,Fully-functional,Nakurio Dispensary,41244,KMHFR via openAFRICA (2020 extract)
TURKANA,Loima,Loima,Loima,Namoruputh Community Health Unit,602884,Fully-functional,Namoruputh (PAG) Health Centre,40725,KMHFR via openAFRICA (2020 extract)
NAROK,Narok South,Narok South,Maji Moto/Naroosura,Majimoto Community Health Unit,601123,Fully-functional,Maji Moto Dispensary (Narok South),40210,KMHFR via openAFRICA (2020 extract)
WEST POKOT,Pokot Central,Sigor,Sekerr,Orwa Community Health Unit,602503,Fully-functional,Marich Dispensary,41275,KMHFR via openAFRICA (2020 extract)
NAROK,Narok West,Narok West,Ilmotiook,Ilmotiok Community Health Unit,601120,Fully-functional,Ngito Dispensary,40299,KMHFR via openAFRICA (2020 extract)
NAROK,Narok South,Narok South,Melelo,Olmekenyu Community Health Unit,601131,non-functinoal,Olmekenyu Health Centre,40210,KMHFR via openAFRICA (2020 extract)
WEST POKOT,Pokot Central,Sigor,Sekerr,Parkoyo Community Health Unit,602812,Fully-functional,Nasolot Dispensary,39508,KMHFR via openAFRICA (2020 extract)
WEST POKOT,Pokot Central,Sigor,Sekerr,Porkoyo Community Health Unit,601154,non-functinoal,Nasolot Dispensary,40148,KMHFR via openAFRICA (2020 extract)
TAITA TAVETA,Wundanyi,Wundanyi,Wundanyi/Mbale,Mbalewema Community Health Unit,601873,semi-functional,Mbale Health Centre,39203,KMHFR via openAFRICA (2020 extract)
TAITA TAVETA,Taveta,Taveta,Chala,Njukini Community Health Unit,602223,Fully-functional,Njukini Health Centre,39295,KMHFR via openAFRICA (2020 extract)
TAITA TAVETA,Voi,Voi,Sagala,Sagala Community Health Unit,602837,Fully-functional,Sagala Health Centre,39569,KMHFR via openAFRICA (2020 extract)
TAITA TAVETA,Voi,Voi,Sagala,Sagalla Community Health Unit,602797,Fully-functional,Sagala Health Centre,39508,KMHFR via openAFRICA (2020 extract)
KILIFI,Malindi,Malindi,Shella,Wanda Community Health Unit,602356,Closed,Muyeye Medical Clinic,40087,KMHFR via openAFRICA (2020 extract)
TAITA TAVETA,Mwatate,Mwatate,Bura(Mwatate),Mwangaza Community Health Unit,601877,semi-functional,Bura Health Centre Taita,40299,KMHFR via openAFRICA (2020 extract)
TANA RIVER,Garsen,Garsen,Garsen South,Dalu Community Health Unit,601883,semi-functional,Shirikisho Methodist Dispensary,41000,KMHFR via openAFRICA (2020 extract)
KILIFI,Kaloleni,Kaloleni,Kaloleni,Nyaiani Community Health Unit,601755,Fully-functional,Jibana Sub District Hospital,39873,KMHFR via openAFRICA (2020 extract)
KILIFI,Kaloleni,Kaloleni,Kaloleni,Tsangwa Community Health Unit,602319,semi-functional,Jibana Sub District Hospital,40969,KMHFR via openAFRICA (2020 extract)
KILIFI,Kaloleni,Kaloleni,Kaloleni,Tsagwa Community Health Unit,602564,semi-functional,Jibana Sub District Hospital,40969,KMHFR via openAFRICA (2020 extract)
WEST POKOT,West Pokot,Kapenguria,Riwo,Adurkoit Community Health Unit,601244,non-functinoal,Adurkoit Dispensary,39508,KMHFR via openAFRICA (2020 extract)
SAMBURU,Samburu East,Samburu East,Wamba West,Waso West Community Health Unit,601170,Fully-functional,Ngutuk-Engiron Dispensary,40330,KMHFR via openAFRICA (2020 extract)
NAROK,Narok South,Narok South,Loita,Olmesutie Community Health Unit,601132,non-functinoal,Olmesutie Dispensary,40452,KMHFR via openAFRICA (2020 extract)
NAROK,Narok North,Narok North,Melili,Olchorro Community Health Unit,601106,semi-functional,Olchorro Health Centre,39904,KMHFR via openAFRICA (2020 extract)
NAROK,Narok West,Narok West,Ilmotiook,Nkorinkori Community Health Unit,601128,non-functinoal,Nkorinkori Dispensary,39722,KMHFR via openAFRICA (2020 extract)
WEST POKOT,Pokot South,Pokot South,Chepareria,Ywalateke Community Health Unit,602320,semi-functional,Ywalateke Dispensary,40118,KMHFR via openAFRICA (2020 extract)
TAITA TAVETA,Taveta,Taveta,Mboghoni,Mboghoni Community Health Unit,601909,Fully-functional,Kiwalwa Dispensary,41041,KMHFR via openAFRICA (2020 extract)
WEST POKOT,Pokot South,Pokot South,Chepareria,Shalpough Community Health Unit,601259,non-functinoal,Chepkopegh Dipensary,40575,KMHFR via openAFRICA (2020 extract)
NAROK,Transmara West,Kilgoris,Kilgoris Central,Romosha Community Health Unit,601194,Fully-functional,Romosha Health centre,40269,KMHFR via openAFRICA (2020 extract)
WEST POKOT,West Pokot,Kapenguria,Riwo,Poole Community Health Unit,601254,Fully-functional,Poole Dispensary,40603,KMHFR via openAFRICA (2020 extract)
NAROK,Narok North,Narok North,Olposimoru,Olposimoru Community Health Workers Self Help Group Community Health Unit,601111,semi-functional,Olposimoru Dispensary,39904,KMHFR via openAFRICA (2020 extract)
NAROK,Narok East,Narok East,Mosiro,Ongata Naado Community Health Unit,601112,non-functinoal,Ongata Naado Dispensary,40603,KMHFR via openAFRICA (2020 extract)
WEST POKOT,West Pokot,Kapenguria,Endugh,Ptoyo Kesot Community Health Unit,601256,non-functinoal,Ptoyo Dipensary,2009,KMHFR via openAFRICA (2020 extract)
WEST POKOT,West Pokot,Kapenguria,Kapenguria,Chemwochoi Community Health Unit,601245,non-functinoal,Chepkechir Dispensary,40575,KMHFR via openAFRICA (2020 extract)
KWALE,Lunga Lunga,Lunga Lunga,Pongwe/Kikokeni,Wasini Community Health Unit,602760,Fully-functional,Mzizima (CDF) Dispensary,40725,KMHFR via openAFRICA (2020 extract)
MANDERA,Banissa,Banissa,Banissa,Banisa Community Health Unit,602935,Fully-functional,Banisa Sub County Hospital,41498,KMHFR via openAFRICA (2020 extract)
MANDERA,Mandera West,Mandera West,Dandu,Dandu Community Health Unit,602934,Fully-functional,Dandu Health Centre,41091,KMHFR via openAFRICA (2020 extract)
KWALE,Lunga Lunga,Lunga Lunga,Mwereni,Mstunga Community Health Unit,601861,Fully-functional,Kilimangodo Dispensary,41041,KMHFR via openAFRICA (2020 extract)
KWALE,Lunga Lunga,Lunga Lunga,Mwereni,Kilimangodo Community Health Unit,602226,non-functinoal,Kilimangodo Dispensary,40725,KMHFR via openAFRICA (2020 extract)
KWALE,Lunga Lunga,Lunga Lunga,Mwereni,Hekima Community Health Unit,602753,Fully-functional,Kilimangodo Dispensary,40725,KMHFR via openAFRICA (2020 extract)
KWALE,Kinango,Kinango,Chengoni/Samburu,Silaloni Community Health Unit,602783,Fully-functional,Silaloni Dispensary,39722,KMHFR via openAFRICA (2020 extract)
TANA RIVER,Garsen,Garsen,Garsen North,Mnazini Community Health Unit,601887,Fully-functional,Mnazini Dispensary,40695,KMHFR via openAFRICA (2020 extract)
LAMU,Lamu East,Lamu East,Faza,Siyu-pate Community Health Unit,601818,Fully-functional,Patte Dispensary,40422,KMHFR via openAFRICA (2020 extract)
KWALE,Kinango,Kinango,Puma,Vigurungani Community Health Unit,601805,semi-functional,Vigurungani Dispensary,40756,KMHFR via openAFRICA (2020 extract)
WEST POKOT,Pokot North,Kacheliba,Suam,Ngaru Community Health Unit,601429,semi-functional,Tiinei Dispensary,39600,KMHFR via openAFRICA (2020 extract)
WEST POKOT,Pokot North,Kacheliba,Suam,Nduini Community Health Unit,601428,semi-functional,Tiinei Dispensary,39600,KMHFR via openAFRICA (2020 extract)
WEST POKOT,Pokot North,Kacheliba,Suam,Karia Community Health Unit,601423,semi-functional,Tiinei Dispensary,39600,KMHFR via openAFRICA (2020 extract)
WEST POKOT,Pokot North,Kacheliba,Suam,Tiinei Community Health Unit,602855,semi-functional,Tiinei Dispensary,41122,KMHFR via openAFRICA (2020 extract)
TANA RIVER,Garsen,Garsen,Garsen South,Idsowe Community Health Unit,602285,semi-functional,Idsowe Dispensary,40725,KMHFR via openAFRICA (2020 extract)
LAMU,Lamu East,Lamu East,Faza,Faza Community Health Unit,601815,Fully-functional,Tchundwa Dispensary,40026,KMHFR via openAFRICA (2020 extract)
KWALE,Kinango,Kinango,Kinango,Lutsangani Community Health Unit,601799,Fully-functional,Lutsangani Dispensary,39934,KMHFR via openAFRICA (2020 extract)
KWALE,Kinango,Kinango,Kinango,Gandini Community Health Unit,601797,non-functinoal,Lutsangani Dispensary,39934,KMHFR via openAFRICA (2020 extract)
KWALE,Kinango,Kinango,Kinango,Kibandaowho Community Health Unit,601798,Fully-functional,Kibandaongo Dispensary,40118,KMHFR via openAFRICA (2020 extract)
KWALE,Kinango,Kinango,Mackinon Road,Taru Community Health Unit,601804,non-functinoal,Taru Dispensary,40980,KMHFR via openAFRICA (2020 extract)
KWALE,Kinango,Kinango,Mackinon Road,Dupharu Community Health Unit,602787,Fully-functional,Taru Dispensary,40940,KMHFR via openAFRICA (2020 extract)
KWALE,Kinango,Kinango,Mwavumbo,Mwanda Community Health Unit,602793,Fully-functional,Mwanda Dispensary,39995,KMHFR via openAFRICA (2020 extract)
KWALE,Kinango,Kinango,Mwavumbo,Kalalani Community Health Unit,602791,Fully-functional,Mwanda Dispensary,40087,KMHFR via openAFRICA (2020 extract)
TANA RIVER,Garsen,Garsen,Garsen North,Maziwa Community Health Unit,601886,Fully-functional,Maziwa Dispensary,40725,KMHFR via openAFRICA (2020 extract)
KILIFI,Kilifi North,Kilifi North,Matsangoni,Vyombo Community Health Unit,601783,Fully-functional,Matsangoni Model Health Centre,39479,KMHFR via openAFRICA (2020 extract)
KWALE,Msambweni,Msambweni,Gambato Bongwe,Scheme Community Health Unit,601865,semi-functional,Diani Health Centre,40057,KMHFR via openAFRICA (2020 extract)
GARISSA,Ijara,Ijara,Masalani,Kotile Community Health Unit,601714,Fully-functional,Kotile Health Centre,40452,KMHFR via openAFRICA (2020 extract)
GARISSA,Ijara,Ijara,Masalani,Korisa Community Health Unit,602651,Fully-functional,Korisa Dispensary,41309,KMHFR via openAFRICA (2020 extract)
GARISSA,Ijara,Ijara,Ijara,Sangole Community Health Unit,601715,Fully-functional,Sangole Dispensary,40238,KMHFR via openAFRICA (2020 extract)
ISIOLO,Isiolo,Isiolo North,Bulla Pesa,Waso Community Health Unit,602404,semi-functional,Waso AIPCA Dispensary (Isiolo),40725,KMHFR via openAFRICA (2020 extract)
NAROK,Narok West,Narok West,Ilmotiook,Mulot Community Health Unit,601125,Fully-functional,Mulot Health Centre,40299,KMHFR via openAFRICA (2020 extract)
WEST POKOT,Pokot Central,Sigor,Masool,Akiriamet Community Health Unit,601146,non-functinoal,Masol Dispensary,40148,KMHFR via openAFRICA (2020 extract)
TANA RIVER,Galole,Galole,Wayu,Haroresa Community Health Unit,601894,Fully-functional,Haroresa,40848,KMHFR via openAFRICA (2020 extract)
TANA RIVER,Bura,Bura,Bangale,Masabubu Community Health Unit,601900,Fully-functional,Roka,40787,KMHFR via openAFRICA (2020 extract)
WEST POKOT,Pokot South,Pokot South,Batei,Parua Community Health Unit,602272,semi-functional,Parua Dispensary,40513,KMHFR via openAFRICA (2020 extract)
WEST POKOT,Pokot Central,Sigor,Wei Wei,Kopro Community Health Unit,601150,non-functinoal,Wakor Dispensary,40148,KMHFR via openAFRICA (2020 extract)
KILIFI,Rabai,Rabai,Rabai/Kisurutini,Kaliangombe Community Health Unit,601747,Fully-functional,Kokotoni Dispensary,40391,KMHFR via openAFRICA (2020 extract)
KILIFI,Rabai,Rabai,Rabai/Kisurutini,Kalia Ngombe Community Health Unit,602567,non-functinoal,Kokotoni Dispensary,40391,KMHFR via openAFRICA (2020 extract)
GARISSA,Dadaab,Daadab,Abakaile,Kumahumato Community Health Unit,602653,Fully-functional,Kumahumato Dispensary,41355,KMHFR via openAFRICA (2020 extract)
NAROK,Narok North,Narok North,Olorropil,Olloropil Community Health Unit,601108,non-functinoal,Oloropil Dispensary,40634,KMHFR via openAFRICA (2020 extract)
TANA RIVER,Galole,Galole,Mikinduni,Pumwani Community Health Unit,601904,Fully-functional,Pumwani Dispensary,40817,KMHFR via openAFRICA (2020 extract)
TAITA TAVETA,Mwatate,Mwatate,Bura(Mwatate),Sangalla Community Health Unit,601879,semi-functional,Sagaighu Dispensary,39508,KMHFR via openAFRICA (2020 extract)
TAITA TAVETA,Mwatate,Mwatate,Bura(Mwatate),Ndiwenyi Community Health Unit,601878,Fully-functional,Sagaighu Dispensary,40360,KMHFR via openAFRICA (2020 extract)
TURKANA,Turkana South,Turkana South,Katilu,Lokapel Community Health Unit,602910,Fully-functional,Lokapel Dispensary,41275,KMHFR via openAFRICA (2020 extract)
TURKANA,Turkana Central,Turkana Central,Lodwar Township,Kakwanyang Community Health Unit,602273,Fully-functional,Kakwanyang Dispensary,41061,KMHFR via openAFRICA (2020 extract)
TURKANA,Loima,Loima,Turkwel,Nameyana Community Health Unit,602888,Fully-functional,Nameyana Dispensary,41244,KMHFR via openAFRICA (2020 extract)
NAROK,Transmara East,Emurua Dikirr,Ololmasani,Njipiship Community Health Unit,602219,Fully-functional,Njipiship Dispensary,40909,KMHFR via openAFRICA (2020 extract)
TURKANA,Turkana Central,Turkana Central,Kanamkemer,Loturerei Community Health Unit,602903,Fully-functional,Loturerei Dispensary,41244,KMHFR via openAFRICA (2020 extract)
TURKANA,Turkana Central,Turkana Central,Kalokol,Kapua Community Health Unit,602901,semi-functional,Kapua Dispensary,41244,KMHFR via openAFRICA (2020 extract)
TURKANA,Loima,Loima,Turkwel,Lomil Community Health Unit,602887,Fully-functional,Lomil Dispensary,41244,KMHFR via openAFRICA (2020 extract)
TAITA TAVETA,Wundanyi,Wundanyi,Werugha,Werugha Community Health Unit,601881,semi-functional,Werugha Health Centre,40634,KMHFR via openAFRICA (2020 extract)
TANA RIVER,Galole,Galole,Kinakomba,Jamhuri Community Health Unit,601895,Fully-functional,Wenje Dispensary,40817,KMHFR via openAFRICA (2020 extract)
TANA RIVER,Galole,Galole,Kinakomba,Gwano Community Health Unit,601893,Fully-functional,Wenje Dispensary,40817,KMHFR via openAFRICA (2020 extract)
TAITA TAVETA,Voi,Voi,Kasigau,Buguta Community Health Unit,601871,semi-functional,Bughuta Health Centre,40787,KMHFR via openAFRICA (2020 extract)
TANA RIVER,Galole,Galole,Chewani,Zubaki Community Health Unit,601906,Fully-functional,GK Prisons Dispensary (Tana River),40817,KMHFR via openAFRICA (2020 extract)
TANA RIVER,Galole,Galole,Chewani,Mikinduni Community Health Unit,601902,Fully-functional,GK Prisons Dispensary (Tana River),40817,KMHFR via openAFRICA (2020 extract)
TAITA TAVETA,Taveta,Taveta,Mboghoni,Kimorigo Community Health Unit,601907,semi-functional,Kimorigho Dispensary,40057,KMHFR via openAFRICA (2020 extract)
TAITA TAVETA,Voi,Voi,Mbololo,Mraru Community Health Unit,602211,Fully-functional,David Kayanda Dispensary,40695,KMHFR via openAFRICA (2020 extract)
TAITA TAVETA,Voi,Voi,Sagala,Kajire Community Health Unit,601872,semi-functional,Kajire Dispensary,39965,KMHFR via openAFRICA (2020 extract)
TURKANA,Loima,Loima,Turkwel,Kaitese Community Health Unit,602898,Fully-functional,Kaitese Dispensary,41244,KMHFR via openAFRICA (2020 extract)
GARISSA,Lagdera,Lagdera,Maalamin,Maalimin Community Health Unit,602662,Fully-functional,Maalimin Dispensary,40452,KMHFR via openAFRICA (2020 extract)
SAMBURU,Samburu Central,Samburu Central,Porro,Sirata Community Health Unit,602953,Fully-functional,Sirata Oirobi Dispensary,41425,KMHFR via openAFRICA (2020 extract)
MARSABIT,Saku,Saku,Sagante/Jaldesa,Gororukesa Community Health Unit,602968,Fully-functional,Goro Rukesa Dispensary,39706,KMHFR via openAFRICA (2020 extract)
WAJIR,Tarbaj,Tarbaj,Elben,Mansa Community Health Unit,601724,Fully-functional,Mansa Health Centre,40603,KMHFR via openAFRICA (2020 extract)
KILIFI,Malindi,Malindi,Jilore,Mkondoni Community Health Unit,601831,Fully-functional,Baolala Dispensary,40330,KMHFR via openAFRICA (2020 extract)
KILIFI,Ganze,Ganze,Sokoke,Malanga Community Health Unit,601827,Fully-functional,Malanga Dispensary (Vitengeni),41133,KMHFR via openAFRICA (2020 extract)
KWALE,Msambweni,Msambweni,Ramisi,Uzima Self Help Group Community Health Unit,601867,Fully-functional,Mafisini Dispensary,40695,KMHFR via openAFRICA (2020 extract)
KILIFI,Kilifi South,Kilifi South,Junju,Gongoni Community Health Unit,601765,Fully-functional,Junju Dispensary,40969,KMHFR via openAFRICA (2020 extract)
WAJIR,Wajir South,Wajir South,Dadaja Bulla,Dadajabula Community Health Unit,601738,Fully-functional,Dadajabula Sub District Hospital,40634,KMHFR via openAFRICA (2020 extract)
WAJIR,Wajir South,Wajir South,Habasswein,Meri Community Health Unit,602261,semi-functional,Meri Health Centre,40391,KMHFR via openAFRICA (2020 extract)
WAJIR,Tarbaj,Tarbaj,Sarman,Sarman Community Health Unit,601725,Fully-functional,Sarman Dispensary,40603,KMHFR via openAFRICA (2020 extract)
KILIFI,Kaloleni,Kaloleni,Kayafungo,Mbalamweni Community Health Unit,601751,Fully-functional,Gotani Dispensary,40330,KMHFR via openAFRICA (2020 extract)
KILIFI,Kilifi South,Kilifi South,Mwarakaya,Pingilikani Community Health Unit,601779,Fully-functional,Pingilikani Dispensary,40969,KMHFR via openAFRICA (2020 extract)
WAJIR,Tarbaj,Tarbaj,Elben,Elben Community Health Unit,601720,Fully-functional,Elben Dispensary,40603,KMHFR via openAFRICA (2020 extract)
KILIFI,Rabai,Rabai,Kambe/Ribe,Ribe Community Health Unit,601756,Fully-functional,Ribe Dispensary,39934,KMHFR via openAFRICA (2020 extract)
GARISSA,Lagdera,Lagdera,Benane,Benane Community Health Unit,602660,Fully-functional,Benane Health Centre,41548,KMHFR via openAFRICA (2020 extract)
WAJIR,Wajir South,Wajir South,Habasswein,Abakorey Community Health Unit,601711,semi-functional,Abakore Sub District Hospital,40787,KMHFR via openAFRICA (2020 extract)
KWALE,Matuga,Matuga,Tsimba Golini,Vyogwani Community Health Unit,601813,Fully-functional,Vyongwani Dispensary,39995,KMHFR via openAFRICA (2020 extract)
KWALE,Matuga,Matuga,Tsimba Golini,Vyokuta Community Health Unit,602795,Fully-functional,Vyongwani Dispensary,39995,KMHFR via openAFRICA (2020 extract)
KILIFI,Kilifi North,Kilifi North,Matsangoni,Kararacha Community Health Unit,601768,Fully-functional,Roka Maweni Dispensary,39965,KMHFR via openAFRICA (2020 extract)
KILIFI,Kilifi North,Kilifi North,Matsangoni,Chumani Community Health Unit,601761,Fully-functional,Roka Maweni Dispensary,39965,KMHFR via openAFRICA (2020 extract)
WAJIR,Wajir South,Wajir South,Lagboghoi South,Leheley Community Health Unit,602276,semi-functional,Leheley Sub District Hospital,40634,KMHFR via openAFRICA (2020 extract)
KILIFI,Ganze,Ganze,Sokoke,Maekani Community Health Unit,601773,Fully-functional,Madamani Dispensary,40603,KMHFR via openAFRICA (2020 extract)
KILIFI,Ganze,Ganze,Sokoke,Madamani Community Health Unit,601772,Fully-functional,Madamani Dispensary,40603,KMHFR via openAFRICA (2020 extract)
WAJIR,Wajir East,Wajir East,Khorof/Harar,Arbaqeranso Community Health Unit,601717,non-functinoal,Arbaqueranso Dispensary,40603,KMHFR via openAFRICA (2020 extract)
KILIFI,Magarini,Magarini,Adu,Kamale Community Health Unit,601826,Fully-functional,Adu Dispensary,39845,KMHFR via openAFRICA (2020 extract)
KILIFI,Magarini,Magarini,Adu,Kimale Community Health Unit,602561,Closed,Adu Dispensary,40210,KMHFR via openAFRICA (2020 extract)
WAJIR,Wajir South,Wajir South,Habasswein,Dilmanyaley Community Health Unit,602801,semi-functional,Dilmanyaley Health Centre,40634,KMHFR via openAFRICA (2020 extract)
WAJIR,Wajir South,Wajir South,Diif,Diif Community Health Unit,601713,semi-functional,Diff Health Centre,40787,KMHFR via openAFRICA (2020 extract)
GARISSA,Garissa,Garissa Township,Galbet,Medina Community Health Unit,601914,Fully-functional,Medina Health Centre,40452,KMHFR via openAFRICA (2020 extract)
KWALE,Msambweni,Msambweni,Gambato Bongwe,Bongwe Community Health Unit,601850,semi-functional,Mbuwani Dispensary,39234,KMHFR via openAFRICA (2020 extract)
KWALE,Msambweni,Msambweni,Gambato Bongwe,Mtumwa Community Health Unit,602757,Fully-functional,Mbuwani Dispensary,39264,KMHFR via openAFRICA (2020 extract)
KILIFI,Kilifi North,Kilifi North,Watamu,Jimba Community Health Unit,601824,Fully-functional,Watamu Dispensary,40057,KMHFR via openAFRICA (2020 extract)
WAJIR,Wajir West,Wajir West,Ademasajide,Ademasajida Community Health Unit,601740,Fully-functional,Ademasajida Dispensary,40603,KMHFR via openAFRICA (2020 extract)
WAJIR,Wajir South,Wajir South,Benane,Sarif Community Health Unit,602250,non-functinoal,Sarif Health Centre,40634,KMHFR via openAFRICA (2020 extract)
WAJIR,Wajir North,Wajir North,Bute,Adadijole Community Health Unit,601728,Fully-functional,Adadijolle Dispensary,40725,KMHFR via openAFRICA (2020 extract)
WAJIR,Wajir North,Wajir North,Batalu,Batalu Community Health Unit,601729,Fully-functional,Batalu Dispensary,40725,KMHFR via openAFRICA (2020 extract)
WAJIR,Wajir North,Wajir North,Bute,Ogorji Community Health Unit,601736,Fully-functional,Ogorji Dispensary,40725,KMHFR via openAFRICA (2020 extract)
WAJIR,Wajir North,Wajir North,Malkagufu,Ingirir Community Health Unit,601733,Fully-functional,Ingirir Dispensary,40725,KMHFR via openAFRICA (2020 extract)
TANA RIVER,Garsen,Garsen,Garsen North,Sera Community Health Unit,601888,Fully-functional,Sera Dispensary,40817,KMHFR via openAFRICA (2020 extract)
LAMU,Lamu West,Lamu West,Mkunumbi,Mkunumbi Community Health Unit,602187,Fully-functional,Mkunumbi Dispensary,39326,KMHFR via openAFRICA (2020 extract)
