county,sub_county,ward,facility_code,facility_name,keph_level,operation_status,lat,lon,available_chws,ward_population,vulnerability_score,under5_share,distance_to_level3_km,terrain_class,phc_access_1h_share,travel_friction_phc_1h,stunting_u5_pct,wasting_u5_pct,underweight_u5_pct,facility_delivery_pct,skilled_delivery_pct,anc4_pct,maternal_risk_index,hh_itn_ownership_pct,malaria_itn_gap_pct,ccri_malaria_pf_score,ccri_riverine_flood_score,ccri_drought_score,ccri_food_insecurity_score,ccri_child_nutrition_score,ccri_maternal_health_score,ccri_risk_index,flood_risk_flag,seasonal_mobility_flag,chw_monthly_stipend_kes,anc_skilled_pct,poverty_overall_pct,linked_chu_count,real_chw_headcount,adm2_match_level,adm2_pcode,adm2_name
KILIFI,kilifi south,SHIMO LA TEWA,21474.0,Kemri Mtwapa,Level 2,Operational,-3.6298512,39.8558747,2,22000,0.76,0.1265490109662199,0.67,semi_arid,1.0,0.0,37.0,7.2,19.5,83.8,84.5,77.3,16.2,74.4,25.6,9.5,9.1,9.6,1.3,8.3,6.2,6.7,1.0,0,5000,99.3,,0,,subcounty_exact,KE003012,Kilifi South
KILIFI,kaloleni,KAYAFUNGO,24507.0,Tumaini Medical Clinic Tsangatsini,Level 2,Operational,-3.5226766,39.5291057,2,22000,0.76,0.13836680838586718,17.947,semi_arid,1.0,0.0,37.0,7.2,19.5,83.8,84.5,77.3,16.2,74.4,25.6,9.5,9.1,9.6,1.3,8.3,6.2,6.7,1.0,0,5000,99.3,,0,,subcounty_exact,KE003013,Kaloleni
KILIFI,magarini,MARAFA,24411.0,Kijanaheri Medical marafa,Level 2,Operational,-2.8642006,40.1464021,2,18200,0.76,0.1430688616634187,3.956,semi_arid,1.0,0.0,37.0,7.2,19.5,83.8,84.5,77.3,16.2,74.4,25.6,9.5,9.1,9.6,1.3,8.3,6.2,6.7,1.0,0,5000,99.3,,0,,subcounty_exact,KE003017,Magarini
KILIFI,malindi,JILORE,24363.0,Marikano Dispensary,Level 2,Operational,-3.4745903,39.5166723,2,22000,0.76,0.12831770034594672,20.883,semi_arid,1.0,0.0,37.0,7.2,19.5,83.8,84.5,77.3,16.2,74.4,25.6,9.5,9.1,9.6,1.3,8.3,6.2,6.7,1.0,0,5000,99.3,,0,,subcounty_exact,KE003016,Malindi
TANA RIVER,GARSEN,GARSEN WEST,24340.0,Kone Dispensary,Level 2,Operational,-1.0182385,39.793616,2,10500,0.86,0.16186862077990055,18.955,arid,1.0,0.0,21.1,11.3,16.8,51.1,59.2,61.2,48.9,71.3,28.7,7.5,9.7,8.7,10.0,5.9,10.0,8.0,1.0,1,5000,95.3,66.7,0,,subcounty_exact,KE004018,Garsen
MANDERA,mandera east,KHALALIO,24331.0,Qumbiso Dispensary,Level 2,Operational,3.16894,40.0978592,2,12100,0.9,0.16136107711138312,213.769,arid,0.0,1.0,20.5,17.3,23.2,50.4,54.7,40.4,49.6,15.7,84.3,9.6,8.2,1.4,10.0,7.5,6.6,8.5,1.0,1,5000,76.4,72.9,0,,subcounty_exact,KE009043,Mandera East
KILIFI,kilifi north,SOKONI,24296.0,Arabuko Medical Clinic,Level 2,Operational,-3.5226766,39.5291057,2,22000,0.76,0.1288760154851222,17.947,semi_arid,1.0,0.0,37.0,7.2,19.5,83.8,84.5,77.3,16.2,74.4,25.6,9.5,9.1,9.6,1.3,8.3,6.2,6.7,1.0,0,5000,99.3,,0,,subcounty_exact,KE003011,Kilifi North
KWALE,kinango,KASEMENI,24262.0,Mabesheni Dispensary,Level 2,Operational,-4.3959567,39.3108753,2,19800,0.8,0.16069809559414464,12.611,semi_arid,1.0,0.0,22.7,6.2,13.7,84.1,89.3,71.9,15.9,74.0,26.0,9.2,8.5,8.6,2.5,7.8,5.6,6.8,1.0,0,5000,99.3,,0,,subcounty_exact,KE002010,Kinango
KILIFI,ganze,SOKOKE,24175.0,Mathcare Medical Clinic,Level 2,Operational,-3.5226766,39.5291057,2,22000,0.76,0.14612703107594208,17.947,semi_arid,1.0,0.0,37.0,7.2,19.5,83.8,84.5,77.3,16.2,74.4,25.6,9.5,9.1,9.6,1.3,8.3,6.2,6.7,1.0,0,5000,99.3,,0,,subcounty_exact,KE003015,Ganze
MARSABIT,north horr,ILLERET,24166.0,Telesgaye Dispensary,Level 2,Operational,3.5244107,39.0710346,2,11000,0.92,0.11560098828371891,0.0,arid,0.03895154171215453,0.9610484582878455,18.9,20.4,25.9,59.3,68.7,67.1,40.7,27.1,72.9,8.3,4.8,5.9,10.0,4.8,6.6,8.1,1.0,1,5000,93.8,66.1,0,,subcounty_exact,KE010046,North Horr
MARSABIT,saku,MARSABIT CENTRAL,24154.0,AMA Dispensary,Level 3,Operational,3.5244107,39.0710346,4,16700,0.92,0.14238372663895527,0.0,arid,1.0,0.0,18.9,20.4,25.9,59.3,68.7,67.1,40.7,27.1,72.9,8.3,4.8,5.9,10.0,4.8,6.6,8.1,1.0,1,5000,93.8,66.1,0,,subcounty_exact,KE010047,Saku
KILIFI,rabai,MWAWESA,24134.0,Kwajuaje Dispensary,Level 2,Operational,-3.4745903,39.5166723,2,22000,0.76,0.12527744948257474,20.883,semi_arid,1.0,0.0,37.0,7.2,19.5,83.8,84.5,77.3,16.2,74.4,25.6,9.5,9.1,9.6,1.3,8.3,6.2,6.7,0.0,0,5000,99.3,,0,,subcounty_exact,KE003014,Rabai
KILIFI,rabai,MWAWESA,24133.0,Chiferi dispensary,Level 2,Operational,-3.4745903,39.5166723,2,22000,0.76,0.12527744948257474,20.883,semi_arid,1.0,0.0,37.0,7.2,19.5,83.8,84.5,77.3,16.2,74.4,25.6,9.5,9.1,9.6,1.3,8.3,6.2,6.7,0.0,0,5000,99.3,,0,,subcounty_exact,KE003014,Rabai
KILIFI,rabai,MWAWESA,24135.0,Kanyumbuni Dispensary,Level 2,Operational,-3.4745903,39.5166723,2,22000,0.76,0.12527744948257474,20.883,semi_arid,1.0,0.0,37.0,7.2,19.5,83.8,84.5,77.3,16.2,74.4,25.6,9.5,9.1,9.6,1.3,8.3,6.2,6.7,0.0,0,5000,99.3,,0,,subcounty_exact,KE003014,Rabai
KILIFI,kaloleni,KALOLENI,24131.0,Milalani Dispensary,Level 2,Operational,-3.4745903,39.5166723,2,23400,0.76,0.13836680838586718,20.883,semi_arid,1.0,0.0,37.0,7.2,19.5,83.8,84.5,77.3,16.2,74.4,25.6,9.5,9.1,9.6,1.3,8.3,6.2,6.7,1.0,0,5000,99.3,,0,,subcounty_exact,KE003013,Kaloleni
KWALE,matuga,MKONGANI,24128.0,Miatsani Dispensary,Level 2,Operational,-4.3959567,39.3108753,2,19800,0.8,0.13139450546197343,12.611,semi_arid,1.0,0.0,22.7,6.2,13.7,84.1,89.3,71.9,15.9,74.0,26.0,9.2,8.5,8.6,2.5,7.8,5.6,6.8,1.0,0,5000,99.3,,0,,subcounty_exact,KE002009,Matuga
KILIFI,kaloleni,KALOLENI,24127.0,Mikiriani Dispensary,Level 2,Operational,-3.4745903,39.5166723,2,23400,0.76,0.13836680838586718,20.883,semi_arid,1.0,0.0,37.0,7.2,19.5,83.8,84.5,77.3,16.2,74.4,25.6,9.5,9.1,9.6,1.3,8.3,6.2,6.7,1.0,0,5000,99.3,,0,,subcounty_exact,KE003013,Kaloleni
KILIFI,kilifi north,MATSANGONI,24115.0,Chumani Dispensary,Level 2,Operational,-3.4745903,39.5166723,2,22000,0.76,0.1288760154851222,20.883,semi_arid,1.0,0.0,37.0,7.2,19.5,83.8,84.5,77.3,16.2,74.4,25.6,9.5,9.1,9.6,1.3,8.3,6.2,6.7,1.0,0,5000,99.3,,0,,subcounty_exact,KE003011,Kilifi North
KWALE,kinango,NDAVAYA,24111.0,Mbuluni dispensary,Level 2,Operational,-4.3959567,39.3108753,2,19800,0.8,0.16069809559414464,12.611,semi_arid,1.0,0.0,22.7,6.2,13.7,84.1,89.3,71.9,15.9,74.0,26.0,9.2,8.5,8.6,2.5,7.8,5.6,6.8,1.0,0,5000,99.3,,0,,subcounty_exact,KE002010,Kinango
MANDERA,banissa,DERKHALE,24065.0,Tarama Dispensary,Level 2,Operational,3.16894,40.0978592,2,12100,0.9,0.2004659940560853,213.769,arid,0.0,1.0,20.5,17.3,23.2,50.4,54.7,40.4,49.6,15.7,84.3,9.6,8.2,1.4,10.0,7.5,6.6,8.5,1.0,1,5000,76.4,72.9,0,,subcounty_exact,KE009040,Banissa
KILIFI,magarini,MAGARINI,24048.0,Tabasamu medical clinic,Level 2,Operational,-3.5226766,39.5291057,2,24500,0.76,0.1430688616634187,17.947,semi_arid,1.0,0.0,37.0,7.2,19.5,83.8,84.5,77.3,16.2,74.4,25.6,9.5,9.1,9.6,1.3,8.3,6.2,6.7,1.0,0,5000,99.3,,0,,subcounty_exact,KE003017,Magarini
KILIFI,kilifi north,DABASO,24045.0,Med-Line Health Care,Level 2,Operational,-3.9551348,39.7471238,2,22000,0.76,0.1288760154851222,0.476,semi_arid,1.0,0.0,37.0,7.2,19.5,83.8,84.5,77.3,16.2,74.4,25.6,9.5,9.1,9.6,1.3,8.3,6.2,6.7,1.0,0,5000,99.3,,0,,subcounty_exact,KE003011,Kilifi North
KILIFI,malindi,MALINDI TOWN,24044.0,Mzalendo Medical Clinic,Level 2,Operational,-3.5226766,39.5291057,2,31200,0.76,0.12831770034594672,17.947,semi_arid,1.0,0.0,37.0,7.2,19.5,83.8,84.5,77.3,16.2,74.4,25.6,9.5,9.1,9.6,1.3,8.3,6.2,6.7,1.0,0,5000,99.3,,0,,subcounty_exact,KE003016,Malindi
KILIFI,kilifi north,DABASO,24043.0,Clarance Park Medical Clinic (Dabaso),Level 2,Operational,-3.5226766,39.5291057,2,22000,0.76,0.1288760154851222,17.947,semi_arid,1.0,0.0,37.0,7.2,19.5,83.8,84.5,77.3,16.2,74.4,25.6,9.5,9.1,9.6,1.3,8.3,6.2,6.7,1.0,0,5000,99.3,,0,,subcounty_exact,KE003011,Kilifi North
GARISSA,garissa,IFTIN,24035.0,Antaliya Hospital,Level 4,Operational,0.7640011,39.3096495,6,12800,0.85,0.14363793869304695,0.0,arid,0.5778061924502605,0.42219380754973956,9.0,15.3,14.1,61.4,68.1,31.2,38.6,19.7,80.3,7.8,6.0,9.4,10.0,4.9,9.6,8.4,1.0,1,5000,77.5,67.8,0,,county_mean,,
MANDERA,mandera south,SHIMBIR FATUMA,24028.0,Chachabole Dispensary,Level 2,Operational,3.16894,40.0978592,2,12100,0.9,0.1904437541067638,213.769,arid,0.5476866233886865,0.45231337661131354,20.5,17.3,23.2,50.4,54.7,40.4,49.6,15.7,84.3,9.6,8.2,1.4,10.0,7.5,6.6,8.5,1.0,1,5000,76.4,72.9,0,,subcounty_exact,KE009042,Mandera South
MARSABIT,saku,SAGANTE/JALDESA,24076.0,Jaldesa Dispensary,Level 2,Operational,3.5244107,39.0710346,2,11000,0.92,0.14238372663895527,0.0,arid,1.0,0.0,18.9,20.4,25.9,59.3,68.7,67.1,40.7,27.1,72.9,8.3,4.8,5.9,10.0,4.8,6.6,8.1,1.0,1,5000,93.8,66.1,0,,subcounty_exact,KE010047,Saku
MARSABIT,north horr,TURBI,23964.0,Segel Dispensary,Level 2,Operational,3.5244107,39.0710346,2,8800,0.92,0.11560098828371891,0.0,arid,0.03895154171215453,0.9610484582878455,18.9,20.4,25.9,59.3,68.7,67.1,40.7,27.1,72.9,8.3,4.8,5.9,10.0,4.8,6.6,8.1,1.0,1,5000,93.8,66.1,0,,subcounty_exact,KE010046,North Horr
KILIFI,kilifi north,TEZO,23958.0,Zowerani Dispensary,Level 2,Operational,-3.4745903,39.5166723,2,22000,0.76,0.1288760154851222,20.883,semi_arid,1.0,0.0,37.0,7.2,19.5,83.8,84.5,77.3,16.2,74.4,25.6,9.5,9.1,9.6,1.3,8.3,6.2,6.7,1.0,0,5000,99.3,,0,,subcounty_exact,KE003011,Kilifi North
TANA RIVER,GARSEN,KIPINI WEST,23939.0,Mandingo Dispensary,Level 2,Operational,-1.0182385,39.793616,2,10500,0.86,0.16186862077990055,18.955,arid,1.0,0.0,21.1,11.3,16.8,51.1,59.2,61.2,48.9,71.3,28.7,7.5,9.7,8.7,10.0,5.9,10.0,8.0,1.0,1,5000,95.3,66.7,1,,subcounty_exact,KE004018,Garsen
KILIFI,rabai,RURUMA,23924.0,Chilodi CrossFit Health Centre,Level 3,Operational,-3.4754826,39.7474738,4,22000,0.76,0.12527744948257474,0.0,semi_arid,1.0,0.0,37.0,7.2,19.5,83.8,84.5,77.3,16.2,74.4,25.6,9.5,9.1,9.6,1.3,8.3,6.2,6.7,0.0,0,5000,99.3,,1,,subcounty_exact,KE003014,Rabai
KWALE,msambweni,UKUNDA,23902.0,Bondeni Medical Clinic,Level 2,Operational,-4.2945303,39.5630696,2,28900,0.8,0.1214771089299197,5.753,semi_arid,1.0,0.0,22.7,6.2,13.7,84.1,89.3,71.9,15.9,74.0,26.0,9.2,8.5,8.6,2.5,7.8,5.6,6.8,1.0,0,5000,99.3,,0,,subcounty_exact,KE002007,Msambweni
MANDERA,banissa,MALKAMARI,23819.0,DORMAL DISPENSARY,Level 2,Operational,3.16894,40.0978592,2,12100,0.9,0.2004659940560853,213.769,arid,0.0,1.0,20.5,17.3,23.2,50.4,54.7,40.4,49.6,15.7,84.3,9.6,8.2,1.4,10.0,7.5,6.6,8.5,1.0,1,5000,76.4,72.9,0,,subcounty_exact,KE009040,Banissa
MANDERA,banissa,DERKHALE,23818.0,Kukub Dispensary,Level 2,Operational,3.16894,40.0978592,2,12100,0.9,0.2004659940560853,213.769,arid,0.0,1.0,20.5,17.3,23.2,50.4,54.7,40.4,49.6,15.7,84.3,9.6,8.2,1.4,10.0,7.5,6.6,8.5,1.0,1,5000,76.4,72.9,0,,subcounty_exact,KE009040,Banissa
GARISSA,garissa,WABERI,23745.0,Waberi Hospital,Level 4,Operational,0.7640011,39.3096495,6,12800,0.85,0.14363793869304695,0.0,arid,0.5778061924502605,0.42219380754973956,9.0,15.3,14.1,61.4,68.1,31.2,38.6,19.7,80.3,7.8,6.0,9.4,10.0,4.9,9.6,8.4,1.0,1,5000,77.5,67.8,0,,county_mean,,
MARSABIT,laisamis,KARGI/SOUTH HORR,24277.0,Arge Dispensary,Level 2,Operational,3.5244107,39.0710346,2,11000,0.92,0.16039390545423807,0.0,arid,0.9338066961109585,0.06619330388904154,18.9,20.4,25.9,59.3,68.7,67.1,40.7,27.1,72.9,8.3,4.8,5.9,10.0,4.8,6.6,8.1,1.0,1,5000,93.8,66.1,0,,subcounty_exact,KE010048,Laisamis
KWALE,matuga,WaaNgombeni,23695.0,Bethany Dispensary,Level 2,Operational,-4.1898915,39.5632562,2,19800,0.8,0.13139450546197343,7.122,semi_arid,1.0,0.0,22.7,6.2,13.7,84.1,89.3,71.9,15.9,74.0,26.0,9.2,8.5,8.6,2.5,7.8,5.6,6.8,1.0,0,5000,99.3,,0,,subcounty_exact,KE002009,Matuga
KILIFI,malindi,SHELLA,23671.0,St Camillas Medical centre,Level 2,Operational,-3.2327384,40.1254902,2,22000,0.76,0.12831770034594672,0.0,semi_arid,1.0,0.0,37.0,7.2,19.5,83.8,84.5,77.3,16.2,74.4,25.6,9.5,9.1,9.6,1.3,8.3,6.2,6.7,1.0,0,5000,99.3,,0,,subcounty_exact,KE003016,Malindi
KILIFI,kaloleni,KALOLENI,23672.0,Holani Medical  Clinic,Level 2,Operational,-3.5226766,39.5291057,2,23400,0.76,0.13836680838586718,17.947,semi_arid,1.0,0.0,37.0,7.2,19.5,83.8,84.5,77.3,16.2,74.4,25.6,9.5,9.1,9.6,1.3,8.3,6.2,6.7,1.0,0,5000,99.3,,0,,subcounty_exact,KE003013,Kaloleni
KILIFI,kaloleni,KALOLENI,23666.0,Makomboani Dispensary,Level 2,Operational,-3.4745903,39.5166723,2,23400,0.76,0.13836680838586718,20.883,semi_arid,1.0,0.0,37.0,7.2,19.5,83.8,84.5,77.3,16.2,74.4,25.6,9.5,9.1,9.6,1.3,8.3,6.2,6.7,1.0,0,5000,99.3,,0,,subcounty_exact,KE003013,Kaloleni
KILIFI,kaloleni,MARIAKANI,23653.0,Madzimbani Dispensary,Level 2,Operational,-3.4745903,39.5166723,2,22000,0.76,0.13836680838586718,20.883,semi_arid,1.0,0.0,37.0,7.2,19.5,83.8,84.5,77.3,16.2,74.4,25.6,9.5,9.1,9.6,1.3,8.3,6.2,6.7,1.0,0,5000,99.3,,0,,subcounty_exact,KE003013,Kaloleni
KILIFI,kaloleni,KAYAFUNGO,23649.0,Mnyenzeni community medical clinic,Level 2,Operational,-3.5226766,39.5291057,2,22000,0.76,0.13836680838586718,17.947,semi_arid,1.0,0.0,37.0,7.2,19.5,83.8,84.5,77.3,16.2,74.4,25.6,9.5,9.1,9.6,1.3,8.3,6.2,6.7,1.0,0,5000,99.3,,0,,subcounty_exact,KE003013,Kaloleni
KILIFI,rabai,KAMBE/RIBE,23593.0,Mitsajeni Dispensary,Level 2,Operational,-3.4745903,39.5166723,2,22000,0.76,0.12527744948257474,20.883,semi_arid,1.0,0.0,37.0,7.2,19.5,83.8,84.5,77.3,16.2,74.4,25.6,9.5,9.1,9.6,1.3,8.3,6.2,6.7,0.0,0,5000,99.3,,0,,subcounty_exact,KE003014,Rabai
KILIFI,kaloleni,MARIAKANI,23583.0,Misufini Medical Clinic,Level 2,Operational,-3.5226766,39.5291057,2,22000,0.76,0.13836680838586718,17.947,semi_arid,1.0,0.0,37.0,7.2,19.5,83.8,84.5,77.3,16.2,74.4,25.6,9.5,9.1,9.6,1.3,8.3,6.2,6.7,1.0,0,5000,99.3,,0,,subcounty_exact,KE003013,Kaloleni
KWALE,matuga,WaaNgombeni,23573.0,Efombo Medical Clinic,Level 2,Operational,-4.2945303,39.5630696,2,19800,0.8,0.13139450546197343,5.753,semi_arid,1.0,0.0,22.7,6.2,13.7,84.1,89.3,71.9,15.9,74.0,26.0,9.2,8.5,8.6,2.5,7.8,5.6,6.8,1.0,0,5000,99.3,,0,,subcounty_exact,KE002009,Matuga
GARISSA,garissa,GALBET,23518.0,Aljezeera Hospital,Level 4,Operational,0.7640011,39.3096495,6,12800,0.85,0.14363793869304695,0.0,arid,0.5778061924502605,0.42219380754973956,9.0,15.3,14.1,61.4,68.1,31.2,38.6,19.7,80.3,7.8,6.0,9.4,10.0,4.9,9.6,8.4,1.0,1,5000,77.5,67.8,0,,county_mean,,
GARISSA,garissa,IFTIN,23489.0,Garissa ENT Medical Centre,Level 3,Operational,-0.4835452,39.6508399,4,12800,0.85,0.14363793869304695,0.0,arid,0.5778061924502605,0.42219380754973956,9.0,15.3,14.1,61.4,68.1,31.2,38.6,19.7,80.3,7.8,6.0,9.4,10.0,4.9,9.6,8.4,1.0,1,5000,77.5,67.8,0,,county_mean,,
MARSABIT,moyale,URAN,23829.0,Elbor Dispensary,Level 2,Operational,3.5244107,39.0710346,2,11000,0.92,0.1650847170987961,0.0,arid,0.0819002420488537,0.9180997579511463,18.9,20.4,25.9,59.3,68.7,67.1,40.7,27.1,72.9,8.3,4.8,5.9,10.0,4.8,6.6,8.1,1.0,1,5000,93.8,66.1,0,,subcounty_exact,KE010045,Moyale
GARISSA,balambala,DANYERE,23459.0,Libahlow Dispensary,Level 2,Operational,0.3507864,40.1116395,2,12800,0.85,0.1425179211469534,41.666,arid,0.7055406212664277,0.2944593787335723,9.0,15.3,14.1,61.4,68.1,31.2,38.6,19.7,80.3,7.8,6.0,9.4,10.0,4.9,9.6,8.4,1.0,1,5000,77.5,67.8,0,,subcounty_exact,KE007028,Balambala
GARISSA,fafi,JARAJILA,23453.0,Asad Medical Centre,Level 3,Operational,-0.4835452,39.6508399,4,12800,0.85,0.142575550431571,0.0,arid,0.00034280817026139125,0.9996571918297386,9.0,15.3,14.1,61.4,68.1,31.2,38.6,19.7,80.3,7.8,6.0,9.4,10.0,4.9,9.6,8.4,1.0,1,5000,77.5,67.8,0,,subcounty_exact,KE007031,Fafi
KILIFI,kaloleni,KAYAFUNGO,21546.0,Kasemeni dispensary,Level 2,Operational,-3.4745903,39.5166723,2,22000,0.76,0.13836680838586718,20.883,semi_arid,1.0,0.0,37.0,7.2,19.5,83.8,84.5,77.3,16.2,74.4,25.6,9.5,9.1,9.6,1.3,8.3,6.2,6.7,1.0,0,5000,99.3,,0,,subcounty_exact,KE003013,Kaloleni
MANDERA,mandera west,GITHER,23396.0,Gagaba Dispensary,Level 2,Operational,3.16894,40.0978592,2,12100,0.9,0.2104910595345934,213.769,arid,1.0,0.0,20.5,17.3,23.2,50.4,54.7,40.4,49.6,15.7,84.3,9.6,8.2,1.4,10.0,7.5,6.6,8.5,1.0,1,5000,76.4,72.9,0,,subcounty_exact,KE009039,Mandera West
SAMBURU,samburu east,WAMBA EAST,23345.0,Lengusaka Dispensary,Level 2,Operational,1.0679655,37.231326,2,10200,0.87,0.16415413643525453,13.9,arid,0.0025968215682079013,0.997403178431792,31.4,15.4,30.2,49.1,56.6,56.3,50.9,19.9,80.1,5.8,1.5,2.8,8.8,9.7,10.0,7.8,1.0,1,5000,92.9,71.9,0,,subcounty_exact,KE025135,Samburu East
KWALE,kinango,CHENGONI/SAMBURU,23312.0,Chanzou Dispensary,Level 2,Operational,-4.3959567,39.3108753,2,19800,0.8,0.16069809559414464,12.611,semi_arid,1.0,0.0,22.7,6.2,13.7,84.1,89.3,71.9,15.9,74.0,26.0,9.2,8.5,8.6,2.5,7.8,5.6,6.8,1.0,0,5000,99.3,,0,,subcounty_exact,KE002010,Kinango
SAMBURU,samburu east,WASO,23256.0,Laresoro Dispensary,Level 2,Operational,1.0679655,37.231326,2,10200,0.87,0.16415413643525453,13.9,arid,0.0025968215682079013,0.997403178431792,31.4,15.4,30.2,49.1,56.6,56.3,50.9,19.9,80.1,5.8,1.5,2.8,8.8,9.7,10.0,7.8,1.0,1,5000,92.9,71.9,0,,subcounty_exact,KE025135,Samburu East
MANDERA,mandera east,TOWNSHIP,23246.0,The Mandera Hospital,Level 4,Operational,3.9420918,41.8614143,6,45200,0.9,0.16136107711138312,0.0,arid,0.0,1.0,20.5,17.3,23.2,50.4,54.7,40.4,49.6,15.7,84.3,9.6,8.2,1.4,10.0,7.5,6.6,8.5,1.0,1,5000,76.4,72.9,0,,subcounty_exact,KE009043,Mandera East
KWALE,msambweni,UKUNDA,23231.0,Bakari Medical Clinic,Level 2,Operational,-4.2945303,39.5630696,2,28900,0.8,0.1214771089299197,5.753,semi_arid,1.0,0.0,22.7,6.2,13.7,84.1,89.3,71.9,15.9,74.0,26.0,9.2,8.5,8.6,2.5,7.8,5.6,6.8,1.0,0,5000,99.3,,0,,subcounty_exact,KE002007,Msambweni
KWALE,lunga lunga,MWERENI,23134.0,Mtumwa Dispensary,Level 2,Operational,-4.3959567,39.3108753,2,19800,0.8,0.15456647312342872,12.611,semi_arid,1.0,0.0,22.7,6.2,13.7,84.1,89.3,71.9,15.9,74.0,26.0,9.2,8.5,8.6,2.5,7.8,5.6,6.8,1.0,0,5000,99.3,,1,,subcounty_exact,KE002008,Lunga Lunga
KWALE,lunga lunga,PONGWE/KIKOKENI,23133.0,Vwivwini Dispensary,Level 2,Operational,-4.3959567,39.3108753,2,19800,0.8,0.15456647312342872,12.611,semi_arid,1.0,0.0,22.7,6.2,13.7,84.1,89.3,71.9,15.9,74.0,26.0,9.2,8.5,8.6,2.5,7.8,5.6,6.8,1.0,0,5000,99.3,,1,,subcounty_exact,KE002008,Lunga Lunga
KWALE,lunga lunga,PONGWE/KIKOKENI,23132.0,Pongwe/Kidimu Dispensary,Level 2,Operational,-4.3959567,39.3108753,2,19800,0.8,0.15456647312342872,12.611,semi_arid,1.0,0.0,22.7,6.2,13.7,84.1,89.3,71.9,15.9,74.0,26.0,9.2,8.5,8.6,2.5,7.8,5.6,6.8,1.0,0,5000,99.3,,0,,subcounty_exact,KE002008,Lunga Lunga
KWALE,lunga lunga,VANGA,23130.0,Afya Bora Medical Clinic,Level 2,Operational,-4.2945303,39.5630696,2,19800,0.8,0.15456647312342872,5.753,semi_arid,1.0,0.0,22.7,6.2,13.7,84.1,89.3,71.9,15.9,74.0,26.0,9.2,8.5,8.6,2.5,7.8,5.6,6.8,1.0,0,5000,99.3,,0,,subcounty_exact,KE002008,Lunga Lunga
KWALE,matuga,TSIMBA GOLINI,23129.0,Bilashaka Dispensary,Level 2,Operational,-4.3959567,39.3108753,2,19800,0.8,0.13139450546197343,12.611,semi_arid,1.0,0.0,22.7,6.2,13.7,84.1,89.3,71.9,15.9,74.0,26.0,9.2,8.5,8.6,2.5,7.8,5.6,6.8,1.0,0,5000,99.3,,0,,subcounty_exact,KE002009,Matuga
KWALE,matuga,MKONGANI,23127.0,Mbegani Dispensary,Level 2,Operational,-4.3562395,39.1871902,2,19800,0.8,0.13139450546197343,11.515,semi_arid,1.0,0.0,22.7,6.2,13.7,84.1,89.3,71.9,15.9,74.0,26.0,9.2,8.5,8.6,2.5,7.8,5.6,6.8,1.0,0,5000,99.3,,0,,subcounty_exact,KE002009,Matuga
KILIFI,magarini,MAGARINI,,Kijanaheri Medical Clinic (Marafa),Level 2,Operational,-2.8642006,40.1464021,2,24500,0.76,0.1430688616634187,3.956,semi_arid,1.0,0.0,37.0,7.2,19.5,83.8,84.5,77.3,16.2,74.4,25.6,9.5,9.1,9.6,1.3,8.3,6.2,6.7,1.0,0,5000,99.3,,0,,subcounty_exact,KE003017,Magarini
KILIFI,magarini,ADU,23118.0,Shakahola Dispensary,Level 2,Operational,-3.4745903,39.5166723,2,22000,0.76,0.1430688616634187,20.883,semi_arid,1.0,0.0,37.0,7.2,19.5,83.8,84.5,77.3,16.2,74.4,25.6,9.5,9.1,9.6,1.3,8.3,6.2,6.7,1.0,0,5000,99.3,,0,,subcounty_exact,KE003017,Magarini
KILIFI,magarini,ADU,23121.0,Kamale Dispensary,Level 2,Operational,-3.4745903,39.5166723,2,22000,0.76,0.1430688616634187,20.883,semi_arid,1.0,0.0,37.0,7.2,19.5,83.8,84.5,77.3,16.2,74.4,25.6,9.5,9.1,9.6,1.3,8.3,6.2,6.7,1.0,0,5000,99.3,,0,,subcounty_exact,KE003017,Magarini
KILIFI,kilifi north,KIBARANI,21539.0,Konjora Dispensary,Level 2,Operational,-3.4745903,39.5166723,2,22000,0.76,0.1288760154851222,20.883,semi_arid,1.0,0.0,37.0,7.2,19.5,83.8,84.5,77.3,16.2,74.4,25.6,9.5,9.1,9.6,1.3,8.3,6.2,6.7,1.0,0,5000,99.3,,0,,subcounty_exact,KE003011,Kilifi North
KILIFI,kilifi north,TEZO,21918.0,Burudisha Medical Clinic,Level 2,Operational,-3.5226766,39.5291057,2,22000,0.76,0.1288760154851222,17.947,semi_arid,1.0,0.0,37.0,7.2,19.5,83.8,84.5,77.3,16.2,74.4,25.6,9.5,9.1,9.6,1.3,8.3,6.2,6.7,1.0,0,5000,99.3,,0,,subcounty_exact,KE003011,Kilifi North
KILIFI,ganze,GANZE,21544.0,Jila Model Health Centre,Level 3,Operational,-3.4754826,39.7474738,4,21400,0.76,0.14612703107594208,0.0,semi_arid,1.0,0.0,37.0,7.2,19.5,83.8,84.5,77.3,16.2,74.4,25.6,9.5,9.1,9.6,1.3,8.3,6.2,6.7,1.0,0,5000,99.3,,1,,subcounty_exact,KE003015,Ganze
KILIFI,ganze,GANZE,21545.0,Kachororoni Dispensary,Level 2,Operational,-3.4745903,39.5166723,2,21400,0.76,0.14612703107594208,20.883,semi_arid,1.0,0.0,37.0,7.2,19.5,83.8,84.5,77.3,16.2,74.4,25.6,9.5,9.1,9.6,1.3,8.3,6.2,6.7,1.0,0,5000,99.3,,1,,subcounty_exact,KE003015,Ganze
GARISSA,garissa,WABERI,22963.0,Ankara Medical Centre,Level 2,Operational,-0.4835452,39.6508399,2,12800,0.85,0.14363793869304695,0.0,arid,0.5778061924502605,0.42219380754973956,9.0,15.3,14.1,61.4,68.1,31.2,38.6,19.7,80.3,7.8,6.0,9.4,10.0,4.9,9.6,8.4,1.0,1,5000,77.5,67.8,0,,county_mean,,
KILIFI,kaloleni,MARIAKANI,22920.0,Baraka,Level 3,Operational,-3.0764178,39.4815906,4,22000,0.76,0.13836680838586718,0.0,semi_arid,1.0,0.0,37.0,7.2,19.5,83.8,84.5,77.3,16.2,74.4,25.6,9.5,9.1,9.6,1.3,8.3,6.2,6.7,1.0,0,5000,99.3,,0,,subcounty_exact,KE003013,Kaloleni
ISIOLO,isiolo,NGARE MARA,22843.0,SIMBA CLINIC ISIOLO,Level 2,Operational,0.5534442,37.5176727,2,18200,0.84,0.1472046236206165,23.284,arid,0.8542403183095184,0.14575968169048165,14.1,7.2,11.5,83.7,85.0,52.9,16.3,51.7,48.3,6.1,4.6,4.0,7.5,7.8,6.9,7.3,1.0,1,5000,99.3,,0,,county_mean,,
LAMU,lamu west,MKUNUMBI,22808.0,Uziwa Dispensary,Level 2,Operational,-1.6958246,41.52466,2,12800,0.75,0.12589658173524204,6.666,semi_arid,0.66505807148645,0.33494192851355,16.1,3.5,12.5,90.3,92.5,70.5,9.7,65.9,34.1,7.2,9.0,6.8,2.5,7.2,5.2,6.3,1.0,0,5000,97.9,,0,,subcounty_exact,KE005022,Lamu West
LAMU,lamu west,BAHARI,22804.0,Tewe Dispensary,Level 2,Operational,-1.6958246,41.52466,2,9600,0.75,0.12589658173524204,6.666,semi_arid,0.66505807148645,0.33494192851355,16.1,3.5,12.5,90.3,92.5,70.5,9.7,65.9,34.1,7.2,9.0,6.8,2.5,7.2,5.2,6.3,1.0,0,5000,97.9,,0,,subcounty_exact,KE005022,Lamu West
KILIFI,kilifi north,WATAMU,22766.0,Jimba Dispensary,Level 2,Operational,-3.4745903,39.5166723,2,22000,0.76,0.1288760154851222,20.883,semi_arid,1.0,0.0,37.0,7.2,19.5,83.8,84.5,77.3,16.2,74.4,25.6,9.5,9.1,9.6,1.3,8.3,6.2,6.7,1.0,0,5000,99.3,,0,,subcounty_exact,KE003011,Kilifi North
KILIFI,kilifi south,SHIMO LA TEWA,22554.0,ST Marys' Health Care,Level 2,Operational,-3.2327384,40.1254902,2,22000,0.76,0.1265490109662199,0.0,semi_arid,1.0,0.0,37.0,7.2,19.5,83.8,84.5,77.3,16.2,74.4,25.6,9.5,9.1,9.6,1.3,8.3,6.2,6.7,1.0,0,5000,99.3,,0,,subcounty_exact,KE003012,Kilifi South
KWALE,matuga,TSIMBA GOLINI,22497.0,Chitsanze Dispensary,Level 2,Operational,-4.3959567,39.3108753,2,19800,0.8,0.13139450546197343,12.611,semi_arid,1.0,0.0,22.7,6.2,13.7,84.1,89.3,71.9,15.9,74.0,26.0,9.2,8.5,8.6,2.5,7.8,5.6,6.8,1.0,0,5000,99.3,,0,,subcounty_exact,KE002009,Matuga
KILIFI,kaloleni,MARIAKANI,22482.0,St. Jane Medical Clinic,Level 2,Operational,-3.5226766,39.5291057,2,22000,0.76,0.13836680838586718,17.947,semi_arid,1.0,0.0,37.0,7.2,19.5,83.8,84.5,77.3,16.2,74.4,25.6,9.5,9.1,9.6,1.3,8.3,6.2,6.7,1.0,0,5000,99.3,,0,,subcounty_exact,KE003013,Kaloleni
KILIFI,rabai,RABAI/KISURUTINI,22410.0,Ultramed Health Care,Level 2,Operational,-3.9551348,39.7471238,2,18700,0.76,0.12527744948257474,0.476,semi_arid,1.0,0.0,37.0,7.2,19.5,83.8,84.5,77.3,16.2,74.4,25.6,9.5,9.1,9.6,1.3,8.3,6.2,6.7,0.0,0,5000,99.3,,0,,subcounty_exact,KE003014,Rabai
KWALE,kinango,PUMA,22300.0,Mazola Dispensary,Level 2,Operational,-4.3959567,39.3108753,2,19800,0.8,0.16069809559414464,12.611,semi_arid,1.0,0.0,22.7,6.2,13.7,84.1,89.3,71.9,15.9,74.0,26.0,9.2,8.5,8.6,2.5,7.8,5.6,6.8,1.0,0,5000,99.3,,0,,subcounty_exact,KE002010,Kinango
GARISSA,garissa,IFTIN,13382.0,Korakora Health Centre,Level 3,Operational,-0.4492675,39.637581,4,12800,0.85,0.14363793869304695,0.0,arid,0.5778061924502605,0.42219380754973956,9.0,15.3,14.1,61.4,68.1,31.2,38.6,19.7,80.3,7.8,6.0,9.4,10.0,4.9,9.6,8.4,1.0,1,5000,77.5,67.8,1,,county_mean,,
MANDERA,lafey,LAFEY,22267.0,Damasa Dispensary,Level 2,Operational,3.16894,40.0978592,2,9100,0.9,0.178184582876665,213.769,arid,0.0,1.0,20.5,17.3,23.2,50.4,54.7,40.4,49.6,15.7,84.3,9.6,8.2,1.4,10.0,7.5,6.6,8.5,1.0,1,5000,76.4,72.9,0,,subcounty_exact,KE009044,Lafey
MANDERA,lafey,WARANQARA,22265.0,Gari Dispensary,Level 2,Operational,3.16894,40.0978592,2,12100,0.9,0.178184582876665,213.769,arid,0.0,1.0,20.5,17.3,23.2,50.4,54.7,40.4,49.6,15.7,84.3,9.6,8.2,1.4,10.0,7.5,6.6,8.5,1.0,1,5000,76.4,72.9,0,,subcounty_exact,KE009044,Lafey
MANDERA,lafey,LAFEY,22262.0,Kabo Dispensary,Level 2,Operational,3.16894,40.0978592,2,9100,0.9,0.178184582876665,213.769,arid,0.0,1.0,20.5,17.3,23.2,50.4,54.7,40.4,49.6,15.7,84.3,9.6,8.2,1.4,10.0,7.5,6.6,8.5,1.0,1,5000,76.4,72.9,0,,subcounty_exact,KE009044,Lafey
MANDERA,lafey,LAFEY,22261.0,Alungu Dispensary,Level 2,Operational,3.16894,40.0978592,2,9100,0.9,0.178184582876665,213.769,arid,0.0,1.0,20.5,17.3,23.2,50.4,54.7,40.4,49.6,15.7,84.3,9.6,8.2,1.4,10.0,7.5,6.6,8.5,1.0,1,5000,76.4,72.9,0,,subcounty_exact,KE009044,Lafey
KILIFI,malindi,JILORE,21541.0,Mkondoni Dispensary,Level 2,Operational,-3.4745903,39.5166723,2,22000,0.76,0.12831770034594672,20.883,semi_arid,1.0,0.0,37.0,7.2,19.5,83.8,84.5,77.3,16.2,74.4,25.6,9.5,9.1,9.6,1.3,8.3,6.2,6.7,1.0,0,5000,99.3,,0,,subcounty_exact,KE003016,Malindi
KILIFI,malindi,JILORE,21542.0,Sosobora Dispesary,Level 2,Operational,-3.2215148,39.8206431,2,22000,0.76,0.12831770034594672,13.818,semi_arid,1.0,0.0,37.0,7.2,19.5,83.8,84.5,77.3,16.2,74.4,25.6,9.5,9.1,9.6,1.3,8.3,6.2,6.7,1.0,0,5000,99.3,,0,,subcounty_exact,KE003016,Malindi
MANDERA,mandera west,LAGSURE,22255.0,Lagsure Dispensary,Level 2,Operational,3.16894,40.0978592,2,12100,0.9,0.2104910595345934,213.769,arid,1.0,0.0,20.5,17.3,23.2,50.4,54.7,40.4,49.6,15.7,84.3,9.6,8.2,1.4,10.0,7.5,6.6,8.5,1.0,1,5000,76.4,72.9,0,,subcounty_exact,KE009039,Mandera West
MANDERA,mandera west,TAKABA,22254.0,Didkuro Dispensary,Level 2,Operational,3.16894,40.0978592,2,12100,0.9,0.2104910595345934,213.769,arid,1.0,0.0,20.5,17.3,23.2,50.4,54.7,40.4,49.6,15.7,84.3,9.6,8.2,1.4,10.0,7.5,6.6,8.5,1.0,1,5000,76.4,72.9,0,,subcounty_exact,KE009039,Mandera West
MANDERA,mandera west,DANDU,22253.0,Qarsahama Dispensary,Level 2,Operational,3.16894,40.0978592,2,12100,0.9,0.2104910595345934,213.769,arid,1.0,0.0,20.5,17.3,23.2,50.4,54.7,40.4,49.6,15.7,84.3,9.6,8.2,1.4,10.0,7.5,6.6,8.5,1.0,1,5000,76.4,72.9,0,,subcounty_exact,KE009039,Mandera West
MANDERA,mandera west,DANDU,22252.0,El-Danada Dispensary,Level 2,Operational,3.16894,40.0978592,2,12100,0.9,0.2104910595345934,213.769,arid,1.0,0.0,20.5,17.3,23.2,50.4,54.7,40.4,49.6,15.7,84.3,9.6,8.2,1.4,10.0,7.5,6.6,8.5,1.0,1,5000,76.4,72.9,0,,subcounty_exact,KE009039,Mandera West
KWALE,matuga,TIWI,22075.0,Pongwe Dispensary,Level 2,Operational,-4.3959567,39.3108753,2,19800,0.8,0.13139450546197343,12.611,semi_arid,1.0,0.0,22.7,6.2,13.7,84.1,89.3,71.9,15.9,74.0,26.0,9.2,8.5,8.6,2.5,7.8,5.6,6.8,1.0,0,5000,99.3,,0,,subcounty_exact,KE002009,Matuga
MANDERA,mandera south,KUTULO,22061.0,Nyatalio Dispensary,Level 2,Operational,3.16894,40.0978592,2,12100,0.9,0.1904437541067638,213.769,arid,0.5476866233886865,0.45231337661131354,20.5,17.3,23.2,50.4,54.7,40.4,49.6,15.7,84.3,9.6,8.2,1.4,10.0,7.5,6.6,8.5,1.0,1,5000,76.4,72.9,0,,subcounty_exact,KE009042,Mandera South
KWALE,msambweni,KINONDO,22060.0,Gazi Dispensary,Level 2,Operational,-4.3959567,39.3108753,2,19800,0.8,0.1214771089299197,12.611,semi_arid,1.0,0.0,22.7,6.2,13.7,84.1,89.3,71.9,15.9,74.0,26.0,9.2,8.5,8.6,2.5,7.8,5.6,6.8,1.0,0,5000,99.3,,1,,subcounty_exact,KE002007,Msambweni
KWALE,msambweni,KINONDO,22059.0,Alwalidayn Dispensary,Level 2,Operational,-4.3959567,39.3108753,2,19800,0.8,0.1214771089299197,12.611,semi_arid,1.0,0.0,22.7,6.2,13.7,84.1,89.3,71.9,15.9,74.0,26.0,9.2,8.5,8.6,2.5,7.8,5.6,6.8,1.0,0,5000,99.3,,0,,subcounty_exact,KE002007,Msambweni
KWALE,msambweni,RAMISI,22057.0,Munje Dispensary,Level 2,Operational,-4.3959567,39.3108753,2,12400,0.8,0.1214771089299197,12.611,semi_arid,1.0,0.0,22.7,6.2,13.7,84.1,89.3,71.9,15.9,74.0,26.0,9.2,8.5,8.6,2.5,7.8,5.6,6.8,1.0,0,5000,99.3,,0,,subcounty_exact,KE002007,Msambweni
KWALE,msambweni,RAMISI,22050.0,Shiraz Dispensary,Level 2,Operational,-4.3959567,39.3108753,2,12400,0.8,0.1214771089299197,12.611,semi_arid,1.0,0.0,22.7,6.2,13.7,84.1,89.3,71.9,15.9,74.0,26.0,9.2,8.5,8.6,2.5,7.8,5.6,6.8,1.0,0,5000,99.3,,1,,subcounty_exact,KE002007,Msambweni
KWALE,kinango,NDAVAYA,21948.0,Gulanze Dispensary,Level 2,Operational,-4.3959567,39.3108753,2,19800,0.8,0.16069809559414464,12.611,semi_arid,1.0,0.0,22.7,6.2,13.7,84.1,89.3,71.9,15.9,74.0,26.0,9.2,8.5,8.6,2.5,7.8,5.6,6.8,1.0,0,5000,99.3,,0,,subcounty_exact,KE002010,Kinango
KWALE,kinango,CHENGONI/SAMBURU,21947.0,Maji ya chumvi Dispensary,Level 2,Operational,-4.4043223,39.2944233,2,19800,0.8,0.16069809559414464,12.944,semi_arid,1.0,0.0,22.7,6.2,13.7,84.1,89.3,71.9,15.9,74.0,26.0,9.2,8.5,8.6,2.5,7.8,5.6,6.8,1.0,0,5000,99.3,,0,,subcounty_exact,KE002010,Kinango
KWALE,kinango,PUMA,21944.0,Busa dispensary,Level 2,Operational,-4.3959567,39.3108753,2,19800,0.8,0.16069809559414464,12.611,semi_arid,1.0,0.0,22.7,6.2,13.7,84.1,89.3,71.9,15.9,74.0,26.0,9.2,8.5,8.6,2.5,7.8,5.6,6.8,1.0,0,5000,99.3,,0,,subcounty_exact,KE002010,Kinango
KILIFI,ganze,GANZE,21921.0,Yenu Community Health Care,Level 2,Operational,-3.9551348,39.7471238,2,21400,0.76,0.14612703107594208,0.476,semi_arid,1.0,0.0,37.0,7.2,19.5,83.8,84.5,77.3,16.2,74.4,25.6,9.5,9.1,9.6,1.3,8.3,6.2,6.7,1.0,0,5000,99.3,,0,,subcounty_exact,KE003015,Ganze
KILIFI,ganze,JARIBUNI,21917.0,Havilah Health Care,Level 2,Operational,-3.9551348,39.7471238,2,22000,0.76,0.14612703107594208,0.476,semi_arid,1.0,0.0,37.0,7.2,19.5,83.8,84.5,77.3,16.2,74.4,25.6,9.5,9.1,9.6,1.3,8.3,6.2,6.7,1.0,0,5000,99.3,,0,,subcounty_exact,KE003015,Ganze
KILIFI,kilifi south,JUNJU,21916.0,Mama Amany Health Centre,Level 2,Operational,-3.4754826,39.7474738,2,22000,0.76,0.1265490109662199,0.0,semi_arid,1.0,0.0,37.0,7.2,19.5,83.8,84.5,77.3,16.2,74.4,25.6,9.5,9.1,9.6,1.3,8.3,6.2,6.7,1.0,0,5000,99.3,,0,,subcounty_exact,KE003012,Kilifi South
MANDERA,banissa,MALKAMARI,21871.0,Hullow Dispensary,Level 2,Operational,3.16894,40.0978592,2,12100,0.9,0.2004659940560853,213.769,arid,0.0,1.0,20.5,17.3,23.2,50.4,54.7,40.4,49.6,15.7,84.3,9.6,8.2,1.4,10.0,7.5,6.6,8.5,1.0,1,5000,76.4,72.9,0,,subcounty_exact,KE009040,Banissa
KWALE,kinango,MWAVUMBO,21834.0,Mavirivirini Dispensary,Level 2,Operational,-4.3959567,39.3108753,2,19800,0.8,0.16069809559414464,12.611,semi_arid,1.0,0.0,22.7,6.2,13.7,84.1,89.3,71.9,15.9,74.0,26.0,9.2,8.5,8.6,2.5,7.8,5.6,6.8,1.0,0,5000,99.3,,0,,subcounty_exact,KE002010,Kinango
KWALE,kinango,KASEMENI,21833.0,CHIGATO DISPENSARY,Level 2,Operational,-4.3959567,39.3108753,2,19800,0.8,0.16069809559414464,12.611,semi_arid,1.0,0.0,22.7,6.2,13.7,84.1,89.3,71.9,15.9,74.0,26.0,9.2,8.5,8.6,2.5,7.8,5.6,6.8,1.0,0,5000,99.3,,0,,subcounty_exact,KE002010,Kinango
GARISSA,balambala,SAKA,21825.0,Hadley dispensary Dispensary,Level 2,Operational,0.3507864,40.1116395,2,12800,0.85,0.1425179211469534,41.666,arid,0.7055406212664277,0.2944593787335723,9.0,15.3,14.1,61.4,68.1,31.2,38.6,19.7,80.3,7.8,6.0,9.4,10.0,4.9,9.6,8.4,1.0,1,5000,77.5,67.8,0,,subcounty_exact,KE007028,Balambala
MANDERA,mandera south,KUTULO,21793.0,KUTAYU DISPENSARY,Level 2,Operational,3.16894,40.0978592,2,12100,0.9,0.1904437541067638,213.769,arid,0.5476866233886865,0.45231337661131354,20.5,17.3,23.2,50.4,54.7,40.4,49.6,15.7,84.3,9.6,8.2,1.4,10.0,7.5,6.6,8.5,1.0,1,5000,76.4,72.9,0,,subcounty_exact,KE009042,Mandera South
KILIFI,magarini,MARAFA,21787.0,Mulunguni Dispensary,Level 2,Operational,-3.4745903,39.5166723,2,18200,0.76,0.1430688616634187,20.883,semi_arid,1.0,0.0,37.0,7.2,19.5,83.8,84.5,77.3,16.2,74.4,25.6,9.5,9.1,9.6,1.3,8.3,6.2,6.7,1.0,0,5000,99.3,,1,,subcounty_exact,KE003017,Magarini
MARSABIT,laisamis,KORR/NGURUNIT,21708.0,Korr Health Centre,Level 3,Operational,2.0027755,37.909047,4,11000,0.92,0.16039390545423807,0.0,arid,0.9338066961109585,0.06619330388904154,18.9,20.4,25.9,59.3,68.7,67.1,40.7,27.1,72.9,8.3,4.8,5.9,10.0,4.8,6.6,8.1,1.0,1,5000,93.8,66.1,1,,subcounty_exact,KE010048,Laisamis
KWALE,kinango,MACKINON ROAD,21696.0,VINYUNDUNI DISPENSARY,Level 2,Operational,-4.3959567,39.3108753,2,19800,0.8,0.16069809559414464,12.611,semi_arid,1.0,0.0,22.7,6.2,13.7,84.1,89.3,71.9,15.9,74.0,26.0,9.2,8.5,8.6,2.5,7.8,5.6,6.8,1.0,0,5000,99.3,,0,,subcounty_exact,KE002010,Kinango
KWALE,matuga,WaaNgombeni,21694.0,Kombani Dispensary,Level 2,Operational,-4.3959567,39.3108753,2,19800,0.8,0.13139450546197343,12.611,semi_arid,1.0,0.0,22.7,6.2,13.7,84.1,89.3,71.9,15.9,74.0,26.0,9.2,8.5,8.6,2.5,7.8,5.6,6.8,1.0,0,5000,99.3,,0,,subcounty_exact,KE002009,Matuga
KWALE,lunga lunga,PONGWE/KIKOKENI,21441.0,Riziki Medical Clinic,Level 2,Operational,-4.2945303,39.5630696,2,19800,0.8,0.15456647312342872,5.753,semi_arid,1.0,0.0,22.7,6.2,13.7,84.1,89.3,71.9,15.9,74.0,26.0,9.2,8.5,8.6,2.5,7.8,5.6,6.8,1.0,0,5000,99.3,,0,,subcounty_exact,KE002008,Lunga Lunga
MANDERA,mandera south,KUTULO,21382.0,Falama Dispensary,Level 2,Operational,3.16894,40.0978592,2,12100,0.9,0.1904437541067638,213.769,arid,0.5476866233886865,0.45231337661131354,20.5,17.3,23.2,50.4,54.7,40.4,49.6,15.7,84.3,9.6,8.2,1.4,10.0,7.5,6.6,8.5,1.0,1,5000,76.4,72.9,0,,subcounty_exact,KE009042,Mandera South
MANDERA,banissa,BANISSA,21380.0,Lulis Dispensary,Level 2,Operational,3.16894,40.0978592,2,11300,0.9,0.2004659940560853,213.769,arid,0.0,1.0,20.5,17.3,23.2,50.4,54.7,40.4,49.6,15.7,84.3,9.6,8.2,1.4,10.0,7.5,6.6,8.5,1.0,1,5000,76.4,72.9,0,,subcounty_exact,KE009040,Banissa
MANDERA,banissa,GUBA,21379.0,Choroko Dispensary,Level 2,Operational,3.16894,40.0978592,2,12100,0.9,0.2004659940560853,213.769,arid,0.0,1.0,20.5,17.3,23.2,50.4,54.7,40.4,49.6,15.7,84.3,9.6,8.2,1.4,10.0,7.5,6.6,8.5,1.0,1,5000,76.4,72.9,0,,subcounty_exact,KE009040,Banissa
MANDERA,banissa,KILWEHIRI,21378.0,Birkan Dispensary,Level 2,Operational,3.16894,40.0978592,2,12100,0.9,0.2004659940560853,213.769,arid,0.0,1.0,20.5,17.3,23.2,50.4,54.7,40.4,49.6,15.7,84.3,9.6,8.2,1.4,10.0,7.5,6.6,8.5,1.0,1,5000,76.4,72.9,0,,subcounty_exact,KE009040,Banissa
KILIFI,malindi,SHELLA,21302.0,Barani Medical Clinic,Level 2,Operational,-3.5226766,39.5291057,2,22000,0.76,0.12831770034594672,17.947,semi_arid,1.0,0.0,37.0,7.2,19.5,83.8,84.5,77.3,16.2,74.4,25.6,9.5,9.1,9.6,1.3,8.3,6.2,6.7,1.0,0,5000,99.3,,0,,subcounty_exact,KE003016,Malindi
GARISSA,dadaab,DADAAB,21214.0,Bogyar dispensary,Level 2,Operational,0.3507864,40.1116395,2,38500,0.85,0.1428075264425628,41.666,arid,3.2158787227816065e-06,0.9999967841212772,9.0,15.3,14.1,61.4,68.1,31.2,38.6,19.7,80.3,7.8,6.0,9.4,10.0,4.9,9.6,8.4,1.0,1,5000,77.5,67.8,0,,subcounty_exact,KE007030,Dadaab
KILIFI,magarini,MARAFA,21213.0,Mjanaheri Dispensary,Level 2,Operational,-3.4745903,39.5166723,2,18200,0.76,0.1430688616634187,20.883,semi_arid,1.0,0.0,37.0,7.2,19.5,83.8,84.5,77.3,16.2,74.4,25.6,9.5,9.1,9.6,1.3,8.3,6.2,6.7,1.0,0,5000,99.3,,0,,subcounty_exact,KE003017,Magarini
MANDERA,mandera south,SHIMBIR FATUMA,21190.0,Qalanqalesa Dispensary,Level 2,Operational,3.16894,40.0978592,2,12100,0.9,0.1904437541067638,213.769,arid,0.5476866233886865,0.45231337661131354,20.5,17.3,23.2,50.4,54.7,40.4,49.6,15.7,84.3,9.6,8.2,1.4,10.0,7.5,6.6,8.5,1.0,1,5000,76.4,72.9,0,,subcounty_exact,KE009042,Mandera South
MANDERA,mandera east,TOWNSHIP,21182.0,Odha Dispensary,Level 2,Operational,3.16894,40.0978592,2,45200,0.9,0.16136107711138312,213.769,arid,0.0,1.0,20.5,17.3,23.2,50.4,54.7,40.4,49.6,15.7,84.3,9.6,8.2,1.4,10.0,7.5,6.6,8.5,1.0,1,5000,76.4,72.9,0,,subcounty_exact,KE009043,Mandera East
MANDERA,mandera west,GITHER,21180.0,Sake dispensary,Level 2,Operational,3.16894,40.0978592,2,12100,0.9,0.2104910595345934,213.769,arid,1.0,0.0,20.5,17.3,23.2,50.4,54.7,40.4,49.6,15.7,84.3,9.6,8.2,1.4,10.0,7.5,6.6,8.5,1.0,1,5000,76.4,72.9,0,,subcounty_exact,KE009039,Mandera West
KILIFI,ganze,JARIBUNI,21119.0,Mwapula Dispensary,Level 2,Operational,-3.4745903,39.5166723,2,22000,0.76,0.14612703107594208,20.883,semi_arid,1.0,0.0,37.0,7.2,19.5,83.8,84.5,77.3,16.2,74.4,25.6,9.5,9.1,9.6,1.3,8.3,6.2,6.7,1.0,0,5000,99.3,,0,,subcounty_exact,KE003015,Ganze
LAMU,lamu east,FAZA,21071.0,Shanga Dispensary,Level 2,Operational,-1.6958246,41.52466,2,8100,0.75,0.11947817786498383,6.666,semi_arid,0.0,1.0,16.1,3.5,12.5,90.3,92.5,70.5,9.7,65.9,34.1,7.2,9.0,6.8,2.5,7.2,5.2,6.3,1.0,0,5000,97.9,,0,,subcounty_exact,KE005021,Lamu East
LAMU,lamu east,FAZA,21070.0,Mtangawanda Dispensary,Level 2,Operational,-1.6958246,41.52466,2,8100,0.75,0.11947817786498383,6.666,semi_arid,0.0,1.0,16.1,3.5,12.5,90.3,92.5,70.5,9.7,65.9,34.1,7.2,9.0,6.8,2.5,7.2,5.2,6.3,1.0,0,5000,97.9,,0,,subcounty_exact,KE005021,Lamu East
ISIOLO,garbatulla,GARBA TULLA,20847.0,Eskot Dispensary,Level 2,Operational,0.2857858,37.5436727,2,12800,0.84,0.1472046236206165,8.725,arid,0.8542403183095184,0.14575968169048165,14.1,7.2,11.5,83.7,85.0,52.9,16.3,51.7,48.3,6.1,4.6,4.0,7.5,7.8,6.9,7.3,1.0,1,5000,99.3,,0,,county_mean,,
ISIOLO,garbatulla,GARBA TULLA,20829.0,Duse Dispensary,Level 2,Operational,0.2857858,37.5436727,2,12800,0.84,0.1472046236206165,8.725,arid,0.8542403183095184,0.14575968169048165,14.1,7.2,11.5,83.7,85.0,52.9,16.3,51.7,48.3,6.1,4.6,4.0,7.5,7.8,6.9,7.3,1.0,1,5000,99.3,,1,,county_mean,,
SAMBURU,samburu north,NACHOLA,20765.0,Logetei Dispensary,Level 2,Operational,1.0679655,37.231326,2,7200,0.87,0.16597543681267224,13.9,arid,0.0,1.0,31.4,15.4,30.2,49.1,56.6,56.3,50.9,19.9,80.1,5.8,1.5,2.8,8.8,9.7,10.0,7.8,1.0,1,5000,92.9,71.9,0,,subcounty_exact,KE025134,Samburu North
SAMBURU,samburu central,LODOKEJEK,20764.0,Lchakwai  Dispensary,Level 2,Operational,1.0679655,37.231326,2,10200,0.87,0.16191447860565616,13.9,arid,0.0008656071894026338,0.9991343928105975,31.4,15.4,30.2,49.1,56.6,56.3,50.9,19.9,80.1,5.8,1.5,2.8,8.8,9.7,10.0,7.8,1.0,1,5000,92.9,71.9,0,,county_mean,,
SAMBURU,samburu north,NYIRO,20757.0,Parkati Dispensary,Level 2,Operational,1.0679655,37.231326,2,8900,0.87,0.16597543681267224,13.9,arid,0.0,1.0,31.4,15.4,30.2,49.1,56.6,56.3,50.9,19.9,80.1,5.8,1.5,2.8,8.8,9.7,10.0,7.8,1.0,1,5000,92.9,71.9,0,,subcounty_exact,KE025134,Samburu North
SAMBURU,samburu north,NDOTO,20756.0,Urah Dispensary,Level 2,Operational,1.0679655,37.231326,2,10200,0.87,0.16597543681267224,13.9,arid,0.0,1.0,31.4,15.4,30.2,49.1,56.6,56.3,50.9,19.9,80.1,5.8,1.5,2.8,8.8,9.7,10.0,7.8,1.0,1,5000,92.9,71.9,0,,subcounty_exact,KE025134,Samburu North
SAMBURU,samburu north,NDOTO,20755.0,Seren Dispensary,Level 2,Operational,1.0679655,37.231326,2,10200,0.87,0.16597543681267224,13.9,arid,0.0,1.0,31.4,15.4,30.2,49.1,56.6,56.3,50.9,19.9,80.1,5.8,1.5,2.8,8.8,9.7,10.0,7.8,1.0,1,5000,92.9,71.9,0,,subcounty_exact,KE025134,Samburu North
SAMBURU,samburu east,WAMBA WEST,20745.0,Remot Dispensary,Level 2,Operational,1.0679655,37.231326,2,11400,0.87,0.16415413643525453,13.9,arid,0.0025968215682079013,0.997403178431792,31.4,15.4,30.2,49.1,56.6,56.3,50.9,19.9,80.1,5.8,1.5,2.8,8.8,9.7,10.0,7.8,1.0,1,5000,92.9,71.9,0,,subcounty_exact,KE025135,Samburu East
KWALE,msambweni,KINONDO,20726.0,Bodo Medical Clinic,Level 2,Operational,-4.2945303,39.5630696,2,19800,0.8,0.1214771089299197,5.753,semi_arid,1.0,0.0,22.7,6.2,13.7,84.1,89.3,71.9,15.9,74.0,26.0,9.2,8.5,8.6,2.5,7.8,5.6,6.8,1.0,0,5000,99.3,,0,,subcounty_exact,KE002007,Msambweni
KWALE,lunga lunga,PONGWE/KIKOKENI,20725.0,Lerds medical Clinic,Level 2,Operational,-4.2945303,39.5630696,2,19800,0.8,0.15456647312342872,5.753,semi_arid,1.0,0.0,22.7,6.2,13.7,84.1,89.3,71.9,15.9,74.0,26.0,9.2,8.5,8.6,2.5,7.8,5.6,6.8,1.0,0,5000,99.3,,0,,subcounty_exact,KE002008,Lunga Lunga
GARISSA,lagdera,MODOGASHE,20712.0,Janju Dispensary,Level 2,Operational,0.3507864,40.1116395,2,12800,0.85,0.14246651497129856,41.666,arid,0.7609505093861509,0.23904949061384906,9.0,15.3,14.1,61.4,68.1,31.2,38.6,19.7,80.3,7.8,6.0,9.4,10.0,4.9,9.6,8.4,1.0,1,5000,77.5,67.8,0,,subcounty_exact,KE007029,Lagdera
MARSABIT,laisamis,KARGI/SOUTH HORR,20609.0,Kargi Health Centre,Level 3,Operational,2.0027755,37.909047,4,11000,0.92,0.16039390545423807,0.0,arid,0.9338066961109585,0.06619330388904154,18.9,20.4,25.9,59.3,68.7,67.1,40.7,27.1,72.9,8.3,4.8,5.9,10.0,4.8,6.6,8.1,1.0,1,5000,93.8,66.1,1,,subcounty_exact,KE010048,Laisamis
MARSABIT,saku,KARARE,20608.0,Parkishon Dispensary,Level 2,Operational,3.5244107,39.0710346,2,11000,0.92,0.14238372663895527,0.0,arid,1.0,0.0,18.9,20.4,25.9,59.3,68.7,67.1,40.7,27.1,72.9,8.3,4.8,5.9,10.0,4.8,6.6,8.1,1.0,1,5000,93.8,66.1,0,,subcounty_exact,KE010047,Saku
MARSABIT,moyale,MOYALE TOWNSHIP,20603.0,Gurumesa Dispensary,Level 2,Operational,3.5244107,39.0710346,2,18900,0.92,0.1650847170987961,0.0,arid,0.0819002420488537,0.9180997579511463,18.9,20.4,25.9,59.3,68.7,67.1,40.7,27.1,72.9,8.3,4.8,5.9,10.0,4.8,6.6,8.1,1.0,1,5000,93.8,66.1,0,,subcounty_exact,KE010045,Moyale
KWALE,lunga lunga,PONGWE/KIKOKENI,20587.0,Qatar Medical Clinic,Level 2,Operational,-4.2945303,39.5630696,2,19800,0.8,0.15456647312342872,5.753,semi_arid,1.0,0.0,22.7,6.2,13.7,84.1,89.3,71.9,15.9,74.0,26.0,9.2,8.5,8.6,2.5,7.8,5.6,6.8,1.0,0,5000,99.3,,0,,subcounty_exact,KE002008,Lunga Lunga
KWALE,kinango,MWAVUMBO,20585.0,Malomani Medical Clinic,Level 2,Operational,-4.2945303,39.5630696,2,19800,0.8,0.16069809559414464,5.753,semi_arid,1.0,0.0,22.7,6.2,13.7,84.1,89.3,71.9,15.9,74.0,26.0,9.2,8.5,8.6,2.5,7.8,5.6,6.8,1.0,0,5000,99.3,,0,,subcounty_exact,KE002010,Kinango
MARSABIT,north horr,MAIKONA,20522.0,Maikona Health Centre,Level 2,Operational,2.0027755,37.909047,2,11000,0.92,0.11560098828371891,0.0,arid,0.03895154171215453,0.9610484582878455,18.9,20.4,25.9,59.3,68.7,67.1,40.7,27.1,72.9,8.3,4.8,5.9,10.0,4.8,6.6,8.1,1.0,1,5000,93.8,66.1,2,,subcounty_exact,KE010046,North Horr
GARISSA,dadaab,LIBOI,20521.0,malaylay dispensary,Level 2,Operational,0.3507864,40.1116395,2,12800,0.85,0.1428075264425628,41.666,arid,3.2158787227816065e-06,0.9999967841212772,9.0,15.3,14.1,61.4,68.1,31.2,38.6,19.7,80.3,7.8,6.0,9.4,10.0,4.9,9.6,8.4,1.0,1,5000,77.5,67.8,1,,subcounty_exact,KE007030,Dadaab
KWALE,kinango,MWAVUMBO,20492.0,Pemba Dispensary,Level 2,Operational,-4.3959567,39.3108753,2,19800,0.8,0.16069809559414464,12.611,semi_arid,1.0,0.0,22.7,6.2,13.7,84.1,89.3,71.9,15.9,74.0,26.0,9.2,8.5,8.6,2.5,7.8,5.6,6.8,1.0,0,5000,99.3,,0,,subcounty_exact,KE002010,Kinango
KWALE,msambweni,KINONDO,20453.0,Magaoni Health Centre,Level 3,Operational,-4.2490657,39.5878312,4,19800,0.8,0.1214771089299197,0.0,semi_arid,1.0,0.0,22.7,6.2,13.7,84.1,89.3,71.9,15.9,74.0,26.0,9.2,8.5,8.6,2.5,7.8,5.6,6.8,1.0,0,5000,99.3,,0,,subcounty_exact,KE002007,Msambweni
GARISSA,garissa,TOWNSHIP,20359.0,Garissa Children Hospital,Level 4,Operational,-0.4492536,39.6527641,6,45200,0.85,0.14363793869304695,0.0,arid,0.5778061924502605,0.42219380754973956,9.0,15.3,14.1,61.4,68.1,31.2,38.6,19.7,80.3,7.8,6.0,9.4,10.0,4.9,9.6,8.4,1.0,1,5000,77.5,67.8,0,,county_mean,,
GARISSA,balambala,BALAMBALA,20352.0,Kasha dispensary,Level 2,Operational,0.3507864,40.1116395,2,12300,0.85,0.1425179211469534,41.666,arid,0.7055406212664277,0.2944593787335723,9.0,15.3,14.1,61.4,68.1,31.2,38.6,19.7,80.3,7.8,6.0,9.4,10.0,4.9,9.6,8.4,1.0,1,5000,77.5,67.8,0,,subcounty_exact,KE007028,Balambala
KILIFI,rabai,RABAI/KISURUTINI,20348.0,Lewa's Family Nursing Home,Level 3,Operational,-3.1122001,39.5513698,4,18700,0.76,0.12527744948257474,0.0,semi_arid,1.0,0.0,37.0,7.2,19.5,83.8,84.5,77.3,16.2,74.4,25.6,9.5,9.1,9.6,1.3,8.3,6.2,6.7,0.0,0,5000,99.3,,0,,subcounty_exact,KE003014,Rabai
KILIFI,magarini,GARASHI,20344.0,Karimboni Dispensary,Level 2,Operational,-3.4745903,39.5166723,2,22000,0.76,0.1430688616634187,20.883,semi_arid,1.0,0.0,37.0,7.2,19.5,83.8,84.5,77.3,16.2,74.4,25.6,9.5,9.1,9.6,1.3,8.3,6.2,6.7,1.0,0,5000,99.3,,0,,subcounty_exact,KE003017,Magarini
KWALE,lunga lunga,PONGWE/KIKOKENI,20336.0,Mwangwei  Dispensary,Level 2,Operational,-4.3959567,39.3108753,2,19800,0.8,0.15456647312342872,12.611,semi_arid,1.0,0.0,22.7,6.2,13.7,84.1,89.3,71.9,15.9,74.0,26.0,9.2,8.5,8.6,2.5,7.8,5.6,6.8,1.0,0,5000,99.3,,1,,subcounty_exact,KE002008,Lunga Lunga
KWALE,lunga lunga,DZOMBO,20335.0,Mwanguda Dispensary,Level 2,Operational,-4.3959567,39.3108753,2,19800,0.8,0.15456647312342872,12.611,semi_arid,1.0,0.0,22.7,6.2,13.7,84.1,89.3,71.9,15.9,74.0,26.0,9.2,8.5,8.6,2.5,7.8,5.6,6.8,1.0,0,5000,99.3,,1,,subcounty_exact,KE002008,Lunga Lunga
KILIFI,magarini,MARAFA,20308.0,Chamari Dispensary,Level 2,Operational,-3.4745903,39.5166723,2,18200,0.76,0.1430688616634187,20.883,semi_arid,1.0,0.0,37.0,7.2,19.5,83.8,84.5,77.3,16.2,74.4,25.6,9.5,9.1,9.6,1.3,8.3,6.2,6.7,1.0,0,5000,99.3,,0,,subcounty_exact,KE003017,Magarini
KILIFI,magarini,GONGONI,20307.0,Shomella Dispensary,Level 2,Operational,-3.4745903,39.5166723,2,22000,0.76,0.1430688616634187,20.883,semi_arid,1.0,0.0,37.0,7.2,19.5,83.8,84.5,77.3,16.2,74.4,25.6,9.5,9.1,9.6,1.3,8.3,6.2,6.7,1.0,0,5000,99.3,,0,,subcounty_exact,KE003017,Magarini
KILIFI,rabai,KAMBE/RIBE,20237.0,Mzee Paurana Community Medical Clinic,Level 2,Operational,-3.5226766,39.5291057,2,22000,0.76,0.12527744948257474,17.947,semi_arid,1.0,0.0,37.0,7.2,19.5,83.8,84.5,77.3,16.2,74.4,25.6,9.5,9.1,9.6,1.3,8.3,6.2,6.7,0.0,0,5000,99.3,,0,,subcounty_exact,KE003014,Rabai
GARISSA,lagdera,MODOGASHE,20121.0,Jilango Dispensary,Level 2,Operational,0.3507864,40.1116395,2,12800,0.85,0.14246651497129856,41.666,arid,0.7609505093861509,0.23904949061384906,9.0,15.3,14.1,61.4,68.1,31.2,38.6,19.7,80.3,7.8,6.0,9.4,10.0,4.9,9.6,8.4,1.0,1,5000,77.5,67.8,1,,subcounty_exact,KE007029,Lagdera
KILIFI,malindi,SHELLA,20116.0,Amurt Health care Centre (Malindi),Level 3,Operational,-3.4754826,39.7474738,4,22000,0.76,0.12831770034594672,0.0,semi_arid,1.0,0.0,37.0,7.2,19.5,83.8,84.5,77.3,16.2,74.4,25.6,9.5,9.1,9.6,1.3,8.3,6.2,6.7,1.0,0,5000,99.3,,0,,subcounty_exact,KE003016,Malindi
KILIFI,malindi,KAKUYUNI,20036.0,Mmangani Dispensary,Level 2,Operational,-3.4745903,39.5166723,2,22000,0.76,0.12831770034594672,20.883,semi_arid,1.0,0.0,37.0,7.2,19.5,83.8,84.5,77.3,16.2,74.4,25.6,9.5,9.1,9.6,1.3,8.3,6.2,6.7,1.0,0,5000,99.3,,1,,subcounty_exact,KE003016,Malindi
TANA RIVER,GARSEN,GARSEN NORTH,20026.0,Kitere Minhaj Dispensary,Level 2,Operational,-1.959303,40.1491228,2,9800,0.86,0.16186862077990055,15.922,arid,1.0,0.0,21.1,11.3,16.8,51.1,59.2,61.2,48.9,71.3,28.7,7.5,9.7,8.7,10.0,5.9,10.0,8.0,1.0,1,5000,95.3,66.7,0,,subcounty_exact,KE004018,Garsen
TANA RIVER,GARSEN,GARSEN SOUTH,19955.0,Heri Tana Medical Clinic,Level 2,Operational,-2.520322,40.3247025,2,11200,0.86,0.16186862077990055,81.273,arid,1.0,0.0,21.1,11.3,16.8,51.1,59.2,61.2,48.9,71.3,28.7,7.5,9.7,8.7,10.0,5.9,10.0,8.0,1.0,1,5000,95.3,66.7,0,,subcounty_exact,KE004018,Garsen
SAMBURU,samburu east,WASO,19945.0,Kiltamany Dispensary,Level 2,Operational,1.0679655,37.231326,2,10200,0.87,0.16415413643525453,13.9,arid,0.0025968215682079013,0.997403178431792,31.4,15.4,30.2,49.1,56.6,56.3,50.9,19.9,80.1,5.8,1.5,2.8,8.8,9.7,10.0,7.8,1.0,1,5000,92.9,71.9,1,,subcounty_exact,KE025135,Samburu East
SAMBURU,samburu east,WAMBA WEST,19942.0,Nkaroni Dispensary,Level 2,Operational,1.0679655,37.231326,2,11400,0.87,0.16415413643525453,13.9,arid,0.0025968215682079013,0.997403178431792,31.4,15.4,30.2,49.1,56.6,56.3,50.9,19.9,80.1,5.8,1.5,2.8,8.8,9.7,10.0,7.8,1.0,1,5000,92.9,71.9,0,,subcounty_exact,KE025135,Samburu East
MANDERA,mandera north,RHAMU DIMTU,19243.0,Burjon Dispensary,Level 2,Operational,3.16894,40.0978592,2,12400,0.9,0.17047954134766874,213.769,arid,0.0,1.0,20.5,17.3,23.2,50.4,54.7,40.4,49.6,15.7,84.3,9.6,8.2,1.4,10.0,7.5,6.6,8.5,1.0,1,5000,76.4,72.9,0,,subcounty_exact,KE009041,Mandera North
KILIFI,kaloleni,MARIAKANI,19189.0,Kamkomani Dispensary,Level 2,Operational,-3.4745903,39.5166723,2,22000,0.76,0.13836680838586718,20.883,semi_arid,1.0,0.0,37.0,7.2,19.5,83.8,84.5,77.3,16.2,74.4,25.6,9.5,9.1,9.6,1.3,8.3,6.2,6.7,1.0,0,5000,99.3,,1,,subcounty_exact,KE003013,Kaloleni
KILIFI,kilifi north,TEZO,19138.0,Tumaini Medical Clinic (Tezo),Level 2,Operational,-3.5226766,39.5291057,2,22000,0.76,0.1288760154851222,17.947,semi_arid,1.0,0.0,37.0,7.2,19.5,83.8,84.5,77.3,16.2,74.4,25.6,9.5,9.1,9.6,1.3,8.3,6.2,6.7,1.0,0,5000,99.3,,0,,subcounty_exact,KE003011,Kilifi North
MANDERA,mandera south,KUTULO,19098.0,Qarsadamu Dispensary,Level 2,Operational,3.16894,40.0978592,2,12100,0.9,0.1904437541067638,213.769,arid,0.5476866233886865,0.45231337661131354,20.5,17.3,23.2,50.4,54.7,40.4,49.6,15.7,84.3,9.6,8.2,1.4,10.0,7.5,6.6,8.5,1.0,1,5000,76.4,72.9,0,,subcounty_exact,KE009042,Mandera South
GARISSA,garissa,IFTIN,19042.0,Tawakal Medical Clinic,Level 2,Operational,-0.4835452,39.6508399,2,12800,0.85,0.14363793869304695,0.0,arid,0.5778061924502605,0.42219380754973956,9.0,15.3,14.1,61.4,68.1,31.2,38.6,19.7,80.3,7.8,6.0,9.4,10.0,4.9,9.6,8.4,1.0,1,5000,77.5,67.8,0,,county_mean,,
GARISSA,garissa,IFTIN,19039.0,Safa Medical Centre,Level 2,Operational,-0.4835452,39.6508399,2,12800,0.85,0.14363793869304695,0.0,arid,0.5778061924502605,0.42219380754973956,9.0,15.3,14.1,61.4,68.1,31.2,38.6,19.7,80.3,7.8,6.0,9.4,10.0,4.9,9.6,8.4,1.0,1,5000,77.5,67.8,0,,county_mean,,
GARISSA,garissa,IFTIN,19037.0,Medina Hospital,Level 4,Operational,0.7640011,39.3096495,6,12800,0.85,0.14363793869304695,0.0,arid,0.5778061924502605,0.42219380754973956,9.0,15.3,14.1,61.4,68.1,31.2,38.6,19.7,80.3,7.8,6.0,9.4,10.0,4.9,9.6,8.4,1.0,1,5000,77.5,67.8,2,,county_mean,,
MANDERA,mandera south,WARGUDUD,19032.0,Elele Dispensary,Level 2,Operational,3.16894,40.0978592,2,12100,0.9,0.1904437541067638,213.769,arid,0.5476866233886865,0.45231337661131354,20.5,17.3,23.2,50.4,54.7,40.4,49.6,15.7,84.3,9.6,8.2,1.4,10.0,7.5,6.6,8.5,1.0,1,5000,76.4,72.9,0,,subcounty_exact,KE009042,Mandera South
KILIFI,ganze,GANZE,19024.0,Dungicha Dispensary,Level 2,Operational,-3.4745903,39.5166723,2,21400,0.76,0.14612703107594208,20.883,semi_arid,1.0,0.0,37.0,7.2,19.5,83.8,84.5,77.3,16.2,74.4,25.6,9.5,9.1,9.6,1.3,8.3,6.2,6.7,1.0,0,5000,99.3,,0,,subcounty_exact,KE003015,Ganze
KILIFI,kilifi south,SHIMO LA TEWA,19023.0,Swiss Cottage Hospital,Level 4,Operational,-3.9511082,39.745674,6,22000,0.76,0.1265490109662199,0.0,semi_arid,1.0,0.0,37.0,7.2,19.5,83.8,84.5,77.3,16.2,74.4,25.6,9.5,9.1,9.6,1.3,8.3,6.2,6.7,1.0,0,5000,99.3,,0,,subcounty_exact,KE003012,Kilifi South
KILIFI,kilifi south,MTEPENI,19022.0,Amina Medical Clinic,Level 2,Operational,-3.5226766,39.5291057,2,22000,0.76,0.1265490109662199,17.947,semi_arid,1.0,0.0,37.0,7.2,19.5,83.8,84.5,77.3,16.2,74.4,25.6,9.5,9.1,9.6,1.3,8.3,6.2,6.7,1.0,0,5000,99.3,,0,,subcounty_exact,KE003012,Kilifi South
KILIFI,kilifi south,SHIMO LA TEWA,19020.0,Zahri Medical Clinic,Level 2,Operational,-3.5226766,39.5291057,2,22000,0.76,0.1265490109662199,17.947,semi_arid,1.0,0.0,37.0,7.2,19.5,83.8,84.5,77.3,16.2,74.4,25.6,9.5,9.1,9.6,1.3,8.3,6.2,6.7,1.0,0,5000,99.3,,0,,subcounty_exact,KE003012,Kilifi South
KILIFI,kilifi north,SOKONI,19019.0,Mephi Medical Clinic,Level 2,Operational,-3.5226766,39.5291057,2,22000,0.76,0.1288760154851222,17.947,semi_arid,1.0,0.0,37.0,7.2,19.5,83.8,84.5,77.3,16.2,74.4,25.6,9.5,9.1,9.6,1.3,8.3,6.2,6.7,1.0,0,5000,99.3,,0,,subcounty_exact,KE003011,Kilifi North
KILIFI,kilifi north,KIBARANI,19016.0,Blue Nile Medical Clinic,Level 2,Operational,-3.5226766,39.5291057,2,22000,0.76,0.1288760154851222,17.947,semi_arid,1.0,0.0,37.0,7.2,19.5,83.8,84.5,77.3,16.2,74.4,25.6,9.5,9.1,9.6,1.3,8.3,6.2,6.7,1.0,0,5000,99.3,,0,,subcounty_exact,KE003011,Kilifi North
GARISSA,garissa,TOWNSHIP,19008.0,Hilwa Pharmacy and Clinic,Level 2,Operational,-0.4864425,39.6565267,2,45200,0.85,0.14363793869304695,0.71,arid,0.5778061924502605,0.42219380754973956,9.0,15.3,14.1,61.4,68.1,31.2,38.6,19.7,80.3,7.8,6.0,9.4,10.0,4.9,9.6,8.4,1.0,1,5000,77.5,67.8,0,,county_mean,,
GARISSA,garissa,IFTIN,18995.0,Dam Pharmacy and Clinic,Level 2,Operational,-0.4864425,39.6565267,2,12800,0.85,0.14363793869304695,0.71,arid,0.5778061924502605,0.42219380754973956,9.0,15.3,14.1,61.4,68.1,31.2,38.6,19.7,80.3,7.8,6.0,9.4,10.0,4.9,9.6,8.4,1.0,1,5000,77.5,67.8,0,,county_mean,,
MARSABIT,laisamis,KARGI/SOUTH HORR,18929.0,Kurungu Dispensary,Level 2,Operational,3.5244107,39.0710346,2,11000,0.92,0.16039390545423807,0.0,arid,0.9338066961109585,0.06619330388904154,18.9,20.4,25.9,59.3,68.7,67.1,40.7,27.1,72.9,8.3,4.8,5.9,10.0,4.8,6.6,8.1,1.0,1,5000,93.8,66.1,0,,subcounty_exact,KE010048,Laisamis
MARSABIT,north horr,TURBI,18910.0,Burgabo Dispensary,Level 2,Operational,3.5244107,39.0710346,2,8800,0.92,0.11560098828371891,0.0,arid,0.03895154171215453,0.9610484582878455,18.9,20.4,25.9,59.3,68.7,67.1,40.7,27.1,72.9,8.3,4.8,5.9,10.0,4.8,6.6,8.1,1.0,1,5000,93.8,66.1,1,,subcounty_exact,KE010046,North Horr
MARSABIT,saku,MARSABIT CENTRAL,18854.0,Jirime Dispensary,Level 2,Operational,3.5244107,39.0710346,2,16700,0.92,0.14238372663895527,0.0,arid,1.0,0.0,18.9,20.4,25.9,59.3,68.7,67.1,40.7,27.1,72.9,8.3,4.8,5.9,10.0,4.8,6.6,8.1,1.0,1,5000,93.8,66.1,0,,subcounty_exact,KE010047,Saku
MARSABIT,saku,SAGANTE/JALDESA,18853.0,Boru Haro Model Health Centre,Level 3,Operational,2.0027755,37.909047,4,11000,0.92,0.14238372663895527,0.0,arid,1.0,0.0,18.9,20.4,25.9,59.3,68.7,67.1,40.7,27.1,72.9,8.3,4.8,5.9,10.0,4.8,6.6,8.1,1.0,1,5000,93.8,66.1,1,,subcounty_exact,KE010047,Saku
GARISSA,dadaab,ABAKAILE,18821.0,Abakaile Dispensary,Level 2,Operational,0.3507864,40.1116395,2,12800,0.85,0.1428075264425628,41.666,arid,3.2158787227816065e-06,0.9999967841212772,9.0,15.3,14.1,61.4,68.1,31.2,38.6,19.7,80.3,7.8,6.0,9.4,10.0,4.9,9.6,8.4,1.0,1,5000,77.5,67.8,0,,subcounty_exact,KE007030,Dadaab
GARISSA,dadaab,DAMAJALE,18801.0,Hamey Dispensary,Level 2,Operational,0.3507864,40.1116395,2,12800,0.85,0.1428075264425628,41.666,arid,3.2158787227816065e-06,0.9999967841212772,9.0,15.3,14.1,61.4,68.1,31.2,38.6,19.7,80.3,7.8,6.0,9.4,10.0,4.9,9.6,8.4,1.0,1,5000,77.5,67.8,0,,subcounty_exact,KE007030,Dadaab
LAMU,lamu west,MKUNUMBI,18788.0,Muhamarani Dispensary,Level 2,Operational,-1.6958246,41.52466,2,12800,0.75,0.12589658173524204,6.666,semi_arid,0.66505807148645,0.33494192851355,16.1,3.5,12.5,90.3,92.5,70.5,9.7,65.9,34.1,7.2,9.0,6.8,2.5,7.2,5.2,6.3,1.0,0,5000,97.9,,1,,subcounty_exact,KE005022,Lamu West
GARISSA,ijara,MASALANI,18630.0,Gababa Dispensary,Level 2,Operational,0.3507864,40.1116395,2,12800,0.85,0.14551991186078128,41.666,arid,1.0,0.0,9.0,15.3,14.1,61.4,68.1,31.2,38.6,19.7,80.3,7.8,6.0,9.4,10.0,4.9,9.6,8.4,1.0,1,5000,77.5,67.8,1,,subcounty_exact,KE007032,Ijara
KWALE,msambweni,UKUNDA,18588.0,Bahari Medical Clinic Diani Beach,Level 2,Operational,-4.2945303,39.5630696,2,28900,0.8,0.1214771089299197,5.753,semi_arid,1.0,0.0,22.7,6.2,13.7,84.1,89.3,71.9,15.9,74.0,26.0,9.2,8.5,8.6,2.5,7.8,5.6,6.8,1.0,0,5000,99.3,,0,,subcounty_exact,KE002007,Msambweni
KWALE,matuga,TSIMBA GOLINI,18572.0,Royal Run Medical Clinic,Level 2,Operational,-4.2945303,39.5630696,2,19800,0.8,0.13139450546197343,5.753,semi_arid,1.0,0.0,22.7,6.2,13.7,84.1,89.3,71.9,15.9,74.0,26.0,9.2,8.5,8.6,2.5,7.8,5.6,6.8,1.0,0,5000,99.3,,0,,subcounty_exact,KE002009,Matuga
KWALE,msambweni,GAMBATO BONGWE,18496.0,Pendo Medical Clinic,Level 2,Operational,-4.28059,39.5672286,2,19800,0.8,0.1214771089299197,4.184,semi_arid,1.0,0.0,22.7,6.2,13.7,84.1,89.3,71.9,15.9,74.0,26.0,9.2,8.5,8.6,2.5,7.8,5.6,6.8,1.0,0,5000,99.3,,0,,subcounty_exact,KE002007,Msambweni
KILIFI,kilifi north,MNARANI,18482.0,Mavueni Dispensary,Level 2,Operational,-3.4745903,39.5166723,2,22000,0.76,0.1288760154851222,20.883,semi_arid,1.0,0.0,37.0,7.2,19.5,83.8,84.5,77.3,16.2,74.4,25.6,9.5,9.1,9.6,1.3,8.3,6.2,6.7,1.0,0,5000,99.3,,0,,subcounty_exact,KE003011,Kilifi North
MANDERA,banissa,DERKHALE,18457.0,Derkale Dispensary,Level 2,Operational,3.16894,40.0978592,2,12100,0.9,0.2004659940560853,213.769,arid,0.0,1.0,20.5,17.3,23.2,50.4,54.7,40.4,49.6,15.7,84.3,9.6,8.2,1.4,10.0,7.5,6.6,8.5,1.0,1,5000,76.4,72.9,1,,subcounty_exact,KE009040,Banissa
MARSABIT,moyale,URAN,18425.0,Karbururi Dispensary,Level 2,Operational,3.5244107,39.0710346,2,11000,0.92,0.1650847170987961,0.0,arid,0.0819002420488537,0.9180997579511463,18.9,20.4,25.9,59.3,68.7,67.1,40.7,27.1,72.9,8.3,4.8,5.9,10.0,4.8,6.6,8.1,1.0,1,5000,93.8,66.1,0,,subcounty_exact,KE010045,Moyale
MARSABIT,moyale,URAN,18424.0,Rawana Dispensary,Level 2,Operational,3.5244107,39.0710346,2,11000,0.92,0.1650847170987961,0.0,arid,0.0819002420488537,0.9180997579511463,18.9,20.4,25.9,59.3,68.7,67.1,40.7,27.1,72.9,8.3,4.8,5.9,10.0,4.8,6.6,8.1,1.0,1,5000,93.8,66.1,0,,subcounty_exact,KE010045,Moyale
MARSABIT,moyale,OBBU,18423.0,Badan-Rero Dispensary,Level 2,Operational,3.5244107,39.0710346,2,11000,0.92,0.1650847170987961,0.0,arid,0.0819002420488537,0.9180997579511463,18.9,20.4,25.9,59.3,68.7,67.1,40.7,27.1,72.9,8.3,4.8,5.9,10.0,4.8,6.6,8.1,1.0,1,5000,93.8,66.1,0,,subcounty_exact,KE010045,Moyale
GARISSA,garissa,GALBET,18403.0,Nep Medical Centre,Level 2,Operational,-0.4835452,39.6508399,2,12800,0.85,0.14363793869304695,0.0,arid,0.5778061924502605,0.42219380754973956,9.0,15.3,14.1,61.4,68.1,31.2,38.6,19.7,80.3,7.8,6.0,9.4,10.0,4.9,9.6,8.4,1.0,1,5000,77.5,67.8,0,,county_mean,,
KILIFI,kilifi south,CHASIMBA,18374.0,Ziani Dispensary,Level 2,Operational,-3.4745903,39.5166723,2,22000,0.76,0.1265490109662199,20.883,semi_arid,1.0,0.0,37.0,7.2,19.5,83.8,84.5,77.3,16.2,74.4,25.6,9.5,9.1,9.6,1.3,8.3,6.2,6.7,1.0,0,5000,99.3,,0,,subcounty_exact,KE003012,Kilifi South
KILIFI,magarini,ADU,18309.0,Mtoroni Dispensary,Level 2,Operational,-3.4745903,39.5166723,2,22000,0.76,0.1430688616634187,20.883,semi_arid,1.0,0.0,37.0,7.2,19.5,83.8,84.5,77.3,16.2,74.4,25.6,9.5,9.1,9.6,1.3,8.3,6.2,6.7,1.0,0,5000,99.3,,0,,subcounty_exact,KE003017,Magarini
KILIFI,ganze,BAMBA,18297.0,Huruma Medical Clinic (Bamba),Level 2,Operational,-3.5408827,39.5244223,2,18900,0.76,0.14612703107594208,15.949,semi_arid,1.0,0.0,37.0,7.2,19.5,83.8,84.5,77.3,16.2,74.4,25.6,9.5,9.1,9.6,1.3,8.3,6.2,6.7,1.0,0,5000,99.3,,0,,subcounty_exact,KE003015,Ganze
KILIFI,rabai,RURUMA,18263.0,Dzanikeni Medical Clinic,Level 2,Operational,-3.5226766,39.5291057,2,22000,0.76,0.12527744948257474,17.947,semi_arid,1.0,0.0,37.0,7.2,19.5,83.8,84.5,77.3,16.2,74.4,25.6,9.5,9.1,9.6,1.3,8.3,6.2,6.7,0.0,0,5000,99.3,,0,,subcounty_exact,KE003014,Rabai
KWALE,kinango,MWAVUMBO,18095.0,Matumbi Dispensary,Level 2,Operational,-4.3959567,39.3108753,2,19800,0.8,0.16069809559414464,12.611,semi_arid,1.0,0.0,22.7,6.2,13.7,84.1,89.3,71.9,15.9,74.0,26.0,9.2,8.5,8.6,2.5,7.8,5.6,6.8,1.0,0,5000,99.3,,0,,subcounty_exact,KE002010,Kinango
KWALE,kinango,KINANGO,18056.0,Homebase Medical Clinic,Level 2,Operational,-4.2945303,39.5630696,2,24600,0.8,0.16069809559414464,5.753,semi_arid,1.0,0.0,22.7,6.2,13.7,84.1,89.3,71.9,15.9,74.0,26.0,9.2,8.5,8.6,2.5,7.8,5.6,6.8,1.0,0,5000,99.3,,0,,subcounty_exact,KE002010,Kinango
KILIFI,magarini,SABAKI,17887.0,Venoma Medical Clinic,Level 2,Operational,-3.5226766,39.5291057,2,22000,0.76,0.1430688616634187,17.947,semi_arid,1.0,0.0,37.0,7.2,19.5,83.8,84.5,77.3,16.2,74.4,25.6,9.5,9.1,9.6,1.3,8.3,6.2,6.7,1.0,0,5000,99.3,,0,,subcounty_exact,KE003017,Magarini
KILIFI,malindi,MALINDI TOWN,17886.0,Al-Amin Medical Clinic,Level 2,Operational,-3.5226766,39.5291057,2,31200,0.76,0.12831770034594672,17.947,semi_arid,1.0,0.0,37.0,7.2,19.5,83.8,84.5,77.3,16.2,74.4,25.6,9.5,9.1,9.6,1.3,8.3,6.2,6.7,1.0,0,5000,99.3,,0,,subcounty_exact,KE003016,Malindi
KILIFI,malindi,MALINDI TOWN,17884.0,Serena Medical Clinic,Level 2,Operational,-3.5226766,39.5291057,2,31200,0.76,0.12831770034594672,17.947,semi_arid,1.0,0.0,37.0,7.2,19.5,83.8,84.5,77.3,16.2,74.4,25.6,9.5,9.1,9.6,1.3,8.3,6.2,6.7,1.0,0,5000,99.3,,0,,subcounty_exact,KE003016,Malindi
KILIFI,kaloleni,MARIAKANI,17871.0,Baobab Medical Clinic,Level 2,Operational,-3.5226766,39.5291057,2,22000,0.76,0.13836680838586718,17.947,semi_arid,1.0,0.0,37.0,7.2,19.5,83.8,84.5,77.3,16.2,74.4,25.6,9.5,9.1,9.6,1.3,8.3,6.2,6.7,1.0,0,5000,99.3,,0,,subcounty_exact,KE003013,Kaloleni
MANDERA,mandera east,NEBOI,17870.0,Burabor Dispensary,Level 2,Operational,3.16894,40.0978592,2,12100,0.9,0.16136107711138312,213.769,arid,0.0,1.0,20.5,17.3,23.2,50.4,54.7,40.4,49.6,15.7,84.3,9.6,8.2,1.4,10.0,7.5,6.6,8.5,1.0,1,5000,76.4,72.9,0,,subcounty_exact,KE009043,Mandera East
KILIFI,kaloleni,MARIAKANI,17869.0,Hope Medical Clinic (Mariakani),Level 2,Operational,-3.5226766,39.5291057,2,22000,0.76,0.13836680838586718,17.947,semi_arid,1.0,0.0,37.0,7.2,19.5,83.8,84.5,77.3,16.2,74.4,25.6,9.5,9.1,9.6,1.3,8.3,6.2,6.7,1.0,0,5000,99.3,,0,,subcounty_exact,KE003013,Kaloleni
KWALE,matuga,KUBO SOUTH,17828.0,Santa Maria Medical Clinic (Kwale),Level 2,Operational,-4.2945303,39.5630696,2,19800,0.8,0.13139450546197343,5.753,semi_arid,1.0,0.0,22.7,6.2,13.7,84.1,89.3,71.9,15.9,74.0,26.0,9.2,8.5,8.6,2.5,7.8,5.6,6.8,1.0,0,5000,99.3,,0,,subcounty_exact,KE002009,Matuga
KWALE,matuga,KUBO SOUTH,17827.0,Sunshine Medical Clinic (Kwale),Level 2,Operational,-4.2945303,39.5630696,2,19800,0.8,0.13139450546197343,5.753,semi_arid,1.0,0.0,22.7,6.2,13.7,84.1,89.3,71.9,15.9,74.0,26.0,9.2,8.5,8.6,2.5,7.8,5.6,6.8,1.0,0,5000,99.3,,0,,subcounty_exact,KE002009,Matuga
KWALE,matuga,TIWI,17826.0,J A Comenius Medical Clinic,Level 2,Operational,-4.2945303,39.5630696,2,19800,0.8,0.13139450546197343,5.753,semi_arid,1.0,0.0,22.7,6.2,13.7,84.1,89.3,71.9,15.9,74.0,26.0,9.2,8.5,8.6,2.5,7.8,5.6,6.8,1.0,0,5000,99.3,,0,,subcounty_exact,KE002009,Matuga
MARSABIT,moyale,MOYALE TOWNSHIP,17705.0,Arosa Dispensary,Level 2,Operational,3.5244107,39.0710346,2,18900,0.92,0.1650847170987961,0.0,arid,0.0819002420488537,0.9180997579511463,18.9,20.4,25.9,59.3,68.7,67.1,40.7,27.1,72.9,8.3,4.8,5.9,10.0,4.8,6.6,8.1,1.0,1,5000,93.8,66.1,0,,subcounty_exact,KE010045,Moyale
LAMU,lamu west,MKUNUMBI,17692.0,Mapenya Dispensary,Level 2,Operational,-1.6958246,41.52466,2,12800,0.75,0.12589658173524204,6.666,semi_arid,0.66505807148645,0.33494192851355,16.1,3.5,12.5,90.3,92.5,70.5,9.7,65.9,34.1,7.2,9.0,6.8,2.5,7.2,5.2,6.3,1.0,0,5000,97.9,,0,,subcounty_exact,KE005022,Lamu West
KILIFI,kaloleni,MWANAMWINGA,17689.0,Viragoni Dispensary,Level 2,Operational,-3.4745903,39.5166723,2,22000,0.76,0.13836680838586718,20.883,semi_arid,1.0,0.0,37.0,7.2,19.5,83.8,84.5,77.3,16.2,74.4,25.6,9.5,9.1,9.6,1.3,8.3,6.2,6.7,1.0,0,5000,99.3,,0,,subcounty_exact,KE003013,Kaloleni
MARSABIT,moyale,BUTIYE,17668.0,Kate Dispensary,Level 2,Operational,3.5244107,39.0710346,2,11000,0.92,0.1650847170987961,0.0,arid,0.0819002420488537,0.9180997579511463,18.9,20.4,25.9,59.3,68.7,67.1,40.7,27.1,72.9,8.3,4.8,5.9,10.0,4.8,6.6,8.1,1.0,1,5000,93.8,66.1,0,,subcounty_exact,KE010045,Moyale
MANDERA,mandera east,BULLA MPYA,17648.0,Kadija Dispensary,Level 2,Operational,3.16894,40.0978592,2,12100,0.9,0.16136107711138312,213.769,arid,0.0,1.0,20.5,17.3,23.2,50.4,54.7,40.4,49.6,15.7,84.3,9.6,8.2,1.4,10.0,7.5,6.6,8.5,1.0,1,5000,76.4,72.9,0,,subcounty_exact,KE009043,Mandera East
KWALE,kinango,PUMA,17646.0,Nyango Dispensary,Level 2,Operational,-4.3959567,39.3108753,2,19800,0.8,0.16069809559414464,12.611,semi_arid,1.0,0.0,22.7,6.2,13.7,84.1,89.3,71.9,15.9,74.0,26.0,9.2,8.5,8.6,2.5,7.8,5.6,6.8,1.0,0,5000,99.3,,0,,subcounty_exact,KE002010,Kinango
MARSABIT,moyale,HEILLU/MANYATTA,17581.0,Manyatta Dispensary,Level 2,Operational,3.5244107,39.0710346,2,11000,0.92,0.1650847170987961,0.0,arid,0.0819002420488537,0.9180997579511463,18.9,20.4,25.9,59.3,68.7,67.1,40.7,27.1,72.9,8.3,4.8,5.9,10.0,4.8,6.6,8.1,1.0,1,5000,93.8,66.1,0,,subcounty_exact,KE010045,Moyale
MARSABIT,moyale,GOLBO,17579.0,Yaballo Dispensary,Level 2,Operational,3.5244107,39.0710346,2,11000,0.92,0.1650847170987961,0.0,arid,0.0819002420488537,0.9180997579511463,18.9,20.4,25.9,59.3,68.7,67.1,40.7,27.1,72.9,8.3,4.8,5.9,10.0,4.8,6.6,8.1,1.0,1,5000,93.8,66.1,1,,subcounty_exact,KE010045,Moyale
KILIFI,rabai,RABAI/KISURUTINI,17537.0,Deteni Medical Clinic,Level 2,Operational,-3.5226766,39.5291057,2,18700,0.76,0.12527744948257474,17.947,semi_arid,1.0,0.0,37.0,7.2,19.5,83.8,84.5,77.3,16.2,74.4,25.6,9.5,9.1,9.6,1.3,8.3,6.2,6.7,0.0,0,5000,99.3,,0,,subcounty_exact,KE003014,Rabai
KWALE,matuga,WaaNgombeni,17469.0,Kiteje Dispensary,Level 2,Operational,-4.1179536,39.6012776,2,19800,0.8,0.13139450546197343,14.655,semi_arid,1.0,0.0,22.7,6.2,13.7,84.1,89.3,71.9,15.9,74.0,26.0,9.2,8.5,8.6,2.5,7.8,5.6,6.8,1.0,0,5000,99.3,,0,,subcounty_exact,KE002009,Matuga
GARISSA,lagdera,MAALAMIN,17339.0,Maalimin Dispensary,Level 2,Operational,0.3507864,40.1116395,2,12800,0.85,0.14246651497129856,41.666,arid,0.7609505093861509,0.23904949061384906,9.0,15.3,14.1,61.4,68.1,31.2,38.6,19.7,80.3,7.8,6.0,9.4,10.0,4.9,9.6,8.4,1.0,1,5000,77.5,67.8,1,,subcounty_exact,KE007029,Lagdera
GARISSA,dadaab,LABISGALE,17338.0,Labasigale Dispensary,Level 2,Operational,0.3507864,40.1116395,2,12800,0.85,0.1428075264425628,41.666,arid,3.2158787227816065e-06,0.9999967841212772,9.0,15.3,14.1,61.4,68.1,31.2,38.6,19.7,80.3,7.8,6.0,9.4,10.0,4.9,9.6,8.4,1.0,1,5000,77.5,67.8,1,,subcounty_exact,KE007030,Dadaab
GARISSA,lagdera,MAALAMIN,17337.0,Ilan Dispensary,Level 2,Operational,0.3507864,40.1116395,2,12800,0.85,0.14246651497129856,41.666,arid,0.7609505093861509,0.23904949061384906,9.0,15.3,14.1,61.4,68.1,31.2,38.6,19.7,80.3,7.8,6.0,9.4,10.0,4.9,9.6,8.4,1.0,1,5000,77.5,67.8,1,,subcounty_exact,KE007029,Lagdera
GARISSA,dadaab,DERTU,17336.0,Hagarbul Dispensary,Level 2,Operational,0.3507864,40.1116395,2,12800,0.85,0.1428075264425628,41.666,arid,3.2158787227816065e-06,0.9999967841212772,9.0,15.3,14.1,61.4,68.1,31.2,38.6,19.7,80.3,7.8,6.0,9.4,10.0,4.9,9.6,8.4,1.0,1,5000,77.5,67.8,0,,subcounty_exact,KE007030,Dadaab
GARISSA,lagdera,BARAKI,17335.0,Afwein Dispensary,Level 2,Operational,0.3507864,40.1116395,2,12800,0.85,0.14246651497129856,41.666,arid,0.7609505093861509,0.23904949061384906,9.0,15.3,14.1,61.4,68.1,31.2,38.6,19.7,80.3,7.8,6.0,9.4,10.0,4.9,9.6,8.4,1.0,1,5000,77.5,67.8,1,,subcounty_exact,KE007029,Lagdera
SAMBURU,samburu north,NDOTO,17278.0,Loikumkum Dispensary,Level 2,Operational,1.0679655,37.231326,2,10200,0.87,0.16597543681267224,13.9,arid,0.0,1.0,31.4,15.4,30.2,49.1,56.6,56.3,50.9,19.9,80.1,5.8,1.5,2.8,8.8,9.7,10.0,7.8,1.0,1,5000,92.9,71.9,0,,subcounty_exact,KE025134,Samburu North
SAMBURU,samburu north,BAAWA,17277.0,Muruangai Dispensary,Level 2,Operational,1.0679655,37.231326,2,10200,0.87,0.16597543681267224,13.9,arid,0.0,1.0,31.4,15.4,30.2,49.1,56.6,56.3,50.9,19.9,80.1,5.8,1.5,2.8,8.8,9.7,10.0,7.8,1.0,1,5000,92.9,71.9,0,,subcounty_exact,KE025134,Samburu North
SAMBURU,samburu central,MARALAL,17276.0,Lpartuk Dispensary,Level 2,Operational,1.0679655,37.231326,2,22400,0.87,0.16191447860565616,13.9,arid,0.0008656071894026338,0.9991343928105975,31.4,15.4,30.2,49.1,56.6,56.3,50.9,19.9,80.1,5.8,1.5,2.8,8.8,9.7,10.0,7.8,1.0,1,5000,92.9,71.9,1,,county_mean,,
SAMBURU,samburu central,LOOSUK,17275.0,Lesidai Dispensary,Level 2,Operational,1.0679655,37.231326,2,8200,0.87,0.16191447860565616,13.9,arid,0.0008656071894026338,0.9991343928105975,31.4,15.4,30.2,49.1,56.6,56.3,50.9,19.9,80.1,5.8,1.5,2.8,8.8,9.7,10.0,7.8,1.0,1,5000,92.9,71.9,0,,county_mean,,
MANDERA,mandera south,KUTULO,17230.0,El-Ram Dispensary,Level 2,Operational,3.16894,40.0978592,2,12100,0.9,0.1904437541067638,213.769,arid,0.5476866233886865,0.45231337661131354,20.5,17.3,23.2,50.4,54.7,40.4,49.6,15.7,84.3,9.6,8.2,1.4,10.0,7.5,6.6,8.5,1.0,1,5000,76.4,72.9,0,,subcounty_exact,KE009042,Mandera South
MANDERA,mandera south,KUTULO,17229.0,El-Golicha Dispensary,Level 2,Operational,3.16894,40.0978592,2,12100,0.9,0.1904437541067638,213.769,arid,0.5476866233886865,0.45231337661131354,20.5,17.3,23.2,50.4,54.7,40.4,49.6,15.7,84.3,9.6,8.2,1.4,10.0,7.5,6.6,8.5,1.0,1,5000,76.4,72.9,0,,subcounty_exact,KE009042,Mandera South
MANDERA,mandera south,SHIMBIR FATUMA,17228.0,Burmayo Dispensary,Level 2,Operational,2.9780652,40.2704078,2,12100,0.9,0.1904437541067638,206.576,arid,0.5476866233886865,0.45231337661131354,20.5,17.3,23.2,50.4,54.7,40.4,49.6,15.7,84.3,9.6,8.2,1.4,10.0,7.5,6.6,8.5,1.0,1,5000,76.4,72.9,0,,subcounty_exact,KE009042,Mandera South
SAMBURU,samburu central,SUGUTA MARMAR,17189.0,Lolmolog Dispensary,Level 2,Operational,1.0679655,37.231326,2,10200,0.87,0.16191447860565616,13.9,arid,0.0008656071894026338,0.9991343928105975,31.4,15.4,30.2,49.1,56.6,56.3,50.9,19.9,80.1,5.8,1.5,2.8,8.8,9.7,10.0,7.8,1.0,1,5000,92.9,71.9,1,,county_mean,,
TANA RIVER,BURA,CHEWELE,17079.0,Meti Dispensary,Level 2,Operational,-1.2100421,39.9262233,2,8100,0.86,0.1575021369215992,10.155,arid,1.0,0.0,21.1,11.3,16.8,51.1,59.2,61.2,48.9,71.3,28.7,7.5,9.7,8.7,10.0,5.9,10.0,8.0,1.0,1,5000,95.3,66.7,1,,subcounty_exact,KE004020,Bura
TANA RIVER,GALOLE,WAYU,17072.0,Boka,Level 2,Operational,-0.3402592,38.7881072,2,10500,0.86,0.16477542855605093,149.755,arid,1.0,0.0,21.1,11.3,16.8,51.1,59.2,61.2,48.9,71.3,28.7,7.5,9.7,8.7,10.0,5.9,10.0,8.0,1.0,1,5000,95.3,66.7,0,,subcounty_exact,KE004019,Galole
MANDERA,mandera north,RHAMU DIMTU,17030.0,Kalicha Dispensary,Level 2,Operational,3.16894,40.0978592,2,12400,0.9,0.17047954134766874,213.769,arid,0.0,1.0,20.5,17.3,23.2,50.4,54.7,40.4,49.6,15.7,84.3,9.6,8.2,1.4,10.0,7.5,6.6,8.5,1.0,1,5000,76.4,72.9,0,,subcounty_exact,KE009041,Mandera North
KILIFI,kaloleni,KALOLENI,17026.0,Kambe Kikomani Medical Clinic,Level 2,Operational,-3.5226766,39.5291057,2,23400,0.76,0.13836680838586718,17.947,semi_arid,1.0,0.0,37.0,7.2,19.5,83.8,84.5,77.3,16.2,74.4,25.6,9.5,9.1,9.6,1.3,8.3,6.2,6.7,1.0,0,5000,99.3,,0,,subcounty_exact,KE003013,Kaloleni
KILIFI,rabai,RABAI/KISURUTINI,17017.0,Kokotoni Dispensary,Level 2,Operational,-3.4745903,39.5166723,2,18700,0.76,0.12527744948257474,20.883,semi_arid,1.0,0.0,37.0,7.2,19.5,83.8,84.5,77.3,16.2,74.4,25.6,9.5,9.1,9.6,1.3,8.3,6.2,6.7,0.0,0,5000,99.3,,2,,subcounty_exact,KE003014,Rabai
GARISSA,dadaab,ABAKAILE,17012.0,Alikune Dispensary,Level 2,Operational,0.3436007,40.0138916,2,12800,0.85,0.1428075264425628,43.025,arid,3.2158787227816065e-06,0.9999967841212772,9.0,15.3,14.1,61.4,68.1,31.2,38.6,19.7,80.3,7.8,6.0,9.4,10.0,4.9,9.6,8.4,1.0,1,5000,77.5,67.8,0,,subcounty_exact,KE007030,Dadaab
GARISSA,balambala,BALAMBALA,17010.0,Kuno Dispensary,Level 2,Operational,0.3507864,40.1116395,2,12300,0.85,0.1425179211469534,41.666,arid,0.7055406212664277,0.2944593787335723,9.0,15.3,14.1,61.4,68.1,31.2,38.6,19.7,80.3,7.8,6.0,9.4,10.0,4.9,9.6,8.4,1.0,1,5000,77.5,67.8,1,,subcounty_exact,KE007028,Balambala
GARISSA,balambala,SANKURI,17009.0,Abdisamad Dispensary,Level 2,Operational,0.3507864,40.1116395,2,12800,0.85,0.1425179211469534,41.666,arid,0.7055406212664277,0.2944593787335723,9.0,15.3,14.1,61.4,68.1,31.2,38.6,19.7,80.3,7.8,6.0,9.4,10.0,4.9,9.6,8.4,1.0,1,5000,77.5,67.8,1,,subcounty_exact,KE007028,Balambala
MANDERA,mandera north,GUTICHA,17007.0,Guticha Dispensary,Level 2,Operational,3.16894,40.0978592,2,12100,0.9,0.17047954134766874,213.769,arid,0.0,1.0,20.5,17.3,23.2,50.4,54.7,40.4,49.6,15.7,84.3,9.6,8.2,1.4,10.0,7.5,6.6,8.5,1.0,1,5000,76.4,72.9,0,,subcounty_exact,KE009041,Mandera North
GARISSA,dadaab,ABAKAILE,16952.0,Kumahumato Dispensary,Level 2,Operational,0.3507864,40.1116395,2,12800,0.85,0.1428075264425628,41.666,arid,3.2158787227816065e-06,0.9999967841212772,9.0,15.3,14.1,61.4,68.1,31.2,38.6,19.7,80.3,7.8,6.0,9.4,10.0,4.9,9.6,8.4,1.0,1,5000,77.5,67.8,1,,subcounty_exact,KE007030,Dadaab
MANDERA,mandera east,TOWNSHIP,16812.0,Neboi Dispensary,Level 2,Operational,3.16894,40.0978592,2,45200,0.9,0.16136107711138312,213.769,arid,0.0,1.0,20.5,17.3,23.2,50.4,54.7,40.4,49.6,15.7,84.3,9.6,8.2,1.4,10.0,7.5,6.6,8.5,1.0,1,5000,76.4,72.9,0,,subcounty_exact,KE009043,Mandera East
SAMBURU,samburu north,NDOTO,15014.0,Latakweny Health Centre,Level 2,Operational,1.7416357,37.3081385,2,10200,0.87,0.16597543681267224,0.0,arid,0.0,1.0,31.4,15.4,30.2,49.1,56.6,56.3,50.9,19.9,80.1,5.8,1.5,2.8,8.8,9.7,10.0,7.8,1.0,1,5000,92.9,71.9,1,,subcounty_exact,KE025134,Samburu North
KILIFI,kilifi south,MTEPENI,11666.0,Mtepeni Dispensary,Level 2,Operational,-3.4745903,39.5166723,2,22000,0.76,0.1265490109662199,20.883,semi_arid,1.0,0.0,37.0,7.2,19.5,83.8,84.5,77.3,16.2,74.4,25.6,9.5,9.1,9.6,1.3,8.3,6.2,6.7,1.0,0,5000,99.3,,1,,subcounty_exact,KE003012,Kilifi South
ISIOLO,merti,CHERAB,11947.0,Basa Dispensary,Level 2,Operational,0.2857858,37.5436727,2,12800,0.84,0.1472046236206165,8.725,arid,0.8542403183095184,0.14575968169048165,14.1,7.2,11.5,83.7,85.0,52.9,16.3,51.7,48.3,6.1,4.6,4.0,7.5,7.8,6.9,7.3,1.0,1,5000,99.3,,1,,county_mean,,
KILIFI,malindi,JILORE,11514.0,Nawaco Clinic,Level 2,Operational,-3.1116436,39.5512605,2,22000,0.76,0.12831770034594672,0.063,semi_arid,1.0,0.0,37.0,7.2,19.5,83.8,84.5,77.3,16.2,74.4,25.6,9.5,9.1,9.6,1.3,8.3,6.2,6.7,1.0,0,5000,99.3,,0,,subcounty_exact,KE003016,Malindi
GARISSA,lagdera,MODOGASHE,16290.0,Eldere Dispensary,Level 2,Operational,0.3507864,40.1116395,2,12800,0.85,0.14246651497129856,41.666,arid,0.7609505093861509,0.23904949061384906,9.0,15.3,14.1,61.4,68.1,31.2,38.6,19.7,80.3,7.8,6.0,9.4,10.0,4.9,9.6,8.4,1.0,1,5000,77.5,67.8,1,,subcounty_exact,KE007029,Lagdera
MARSABIT,moyale,HEILLU/MANYATTA,12057.0,Heillu Dispensary,Level 2,Operational,3.5244107,39.0710346,2,11000,0.92,0.1650847170987961,0.0,arid,0.0819002420488537,0.9180997579511463,18.9,20.4,25.9,59.3,68.7,67.1,40.7,27.1,72.9,8.3,4.8,5.9,10.0,4.8,6.6,8.1,1.0,1,5000,93.8,66.1,1,,subcounty_exact,KE010045,Moyale
KWALE,matuga,KUBO SOUTH,11630.0,Mkundi Dispensary,Level 2,Operational,-4.3662053,39.248031,2,19800,0.8,0.13139450546197343,8.648,semi_arid,1.0,0.0,22.7,6.2,13.7,84.1,89.3,71.9,15.9,74.0,26.0,9.2,8.5,8.6,2.5,7.8,5.6,6.8,1.0,0,5000,99.3,,0,,subcounty_exact,KE002009,Matuga
KWALE,lunga lunga,DZOMBO,11884.0,Vitsangalaweni Dispensary,Level 2,Operational,-4.3959567,39.3108753,2,19800,0.8,0.15456647312342872,12.611,semi_arid,1.0,0.0,22.7,6.2,13.7,84.1,89.3,71.9,15.9,74.0,26.0,9.2,8.5,8.6,2.5,7.8,5.6,6.8,1.0,0,5000,99.3,,2,,subcounty_exact,KE002008,Lunga Lunga
SAMBURU,samburu central,LODOKEJEK,14943.0,Kisima Health Centre,Level 3,Operational,1.7416357,37.3081385,4,10200,0.87,0.16191447860565616,0.0,arid,0.0008656071894026338,0.9991343928105975,31.4,15.4,30.2,49.1,56.6,56.3,50.9,19.9,80.1,5.8,1.5,2.8,8.8,9.7,10.0,7.8,1.0,1,5000,92.9,71.9,1,,county_mean,,
TANA RIVER,GARSEN,GARSEN WEST,11229.0,Assa Dispensary,Level 2,Operational,-1.0182385,39.793616,2,10500,0.86,0.16186862077990055,18.955,arid,1.0,0.0,21.1,11.3,16.8,51.1,59.2,61.2,48.9,71.3,28.7,7.5,9.7,8.7,10.0,5.9,10.0,8.0,1.0,1,5000,95.3,66.7,0,,subcounty_exact,KE004018,Garsen
KILIFI,kilifi north,WATAMU,11895.0,Watamu Dispensary,Level 2,Operational,-3.4745903,39.5166723,2,22000,0.76,0.1288760154851222,20.883,semi_arid,1.0,0.0,37.0,7.2,19.5,83.8,84.5,77.3,16.2,74.4,25.6,9.5,9.1,9.6,1.3,8.3,6.2,6.7,1.0,0,5000,99.3,,1,,subcounty_exact,KE003011,Kilifi North
LAMU,lamu east,FAZA,11735.0,Patte Dispensary,Level 2,Operational,-1.6958246,41.52466,2,8100,0.75,0.11947817786498383,6.666,semi_arid,0.0,1.0,16.1,3.5,12.5,90.3,92.5,70.5,9.7,65.9,34.1,7.2,9.0,6.8,2.5,7.2,5.2,6.3,1.0,0,5000,97.9,,1,,subcounty_exact,KE005021,Lamu East
TANA RIVER,GARSEN,GARSEN SOUTH,11637.0,Mnazini Dispensary,Level 2,Operational,-1.0182385,39.793616,2,11200,0.86,0.16186862077990055,18.955,arid,1.0,0.0,21.1,11.3,16.8,51.1,59.2,61.2,48.9,71.3,28.7,7.5,9.7,8.7,10.0,5.9,10.0,8.0,1.0,1,5000,95.3,66.7,1,,subcounty_exact,KE004018,Garsen
LAMU,lamu west,HINDI,11410.0,Hindi Prison Dispensary,Level 2,Operational,-1.6958246,41.52466,2,11300,0.75,0.12589658173524204,6.666,semi_arid,0.66505807148645,0.33494192851355,16.1,3.5,12.5,90.3,92.5,70.5,9.7,65.9,34.1,7.2,9.0,6.8,2.5,7.2,5.2,6.3,1.0,0,5000,97.9,,1,,subcounty_exact,KE005022,Lamu West
KILIFI,kilifi south,MTEPENI,11659.0,Msumarini Dispensary,Level 2,Operational,-3.4745903,39.5166723,2,22000,0.76,0.1265490109662199,20.883,semi_arid,1.0,0.0,37.0,7.2,19.5,83.8,84.5,77.3,16.2,74.4,25.6,9.5,9.1,9.6,1.3,8.3,6.2,6.7,1.0,0,5000,99.3,,0,,subcounty_exact,KE003012,Kilifi South
LAMU,lamu east,FAZA,11496.0,Kizingitini Dispensary,Level 2,Operational,-1.6958246,41.52466,2,8100,0.75,0.11947817786498383,6.666,semi_arid,0.0,1.0,16.1,3.5,12.5,90.3,92.5,70.5,9.7,65.9,34.1,7.2,9.0,6.8,2.5,7.2,5.2,6.3,1.0,0,5000,97.9,,2,,subcounty_exact,KE005021,Lamu East
KWALE,lunga lunga,MWERENI,11400.0,Godo Dispensary,Level 2,Operational,-4.3959567,39.3108753,2,19800,0.8,0.15456647312342872,12.611,semi_arid,1.0,0.0,22.7,6.2,13.7,84.1,89.3,71.9,15.9,74.0,26.0,9.2,8.5,8.6,2.5,7.8,5.6,6.8,1.0,0,5000,99.3,,5,,subcounty_exact,KE002008,Lunga Lunga
LAMU,lamu west,WITU,11639.0,Moa Dispensary,Level 2,Operational,-1.6958246,41.52466,2,12400,0.75,0.12589658173524204,6.666,semi_arid,0.66505807148645,0.33494192851355,16.1,3.5,12.5,90.3,92.5,70.5,9.7,65.9,34.1,7.2,9.0,6.8,2.5,7.2,5.2,6.3,1.0,0,5000,97.9,,0,,subcounty_exact,KE005022,Lamu West
TANA RIVER,GARSEN,GARSEN CENTRAL,16199.0,Galili Dispensary,Level 2,Operational,-2.3359875,40.2127436,2,10800,0.86,0.16186862077990055,58.348,arid,1.0,0.0,21.1,11.3,16.8,51.1,59.2,61.2,48.9,71.3,28.7,7.5,9.7,8.7,10.0,5.9,10.0,8.0,1.0,1,5000,95.3,66.7,0,,subcounty_exact,KE004018,Garsen
GARISSA,fafi,FAFI,13288.0,Amuma Dispensary,Level 2,Operational,0.3507864,40.1116395,2,11200,0.85,0.142575550431571,41.666,arid,0.00034280817026139125,0.9996571918297386,9.0,15.3,14.1,61.4,68.1,31.2,38.6,19.7,80.3,7.8,6.0,9.4,10.0,4.9,9.6,8.4,1.0,1,5000,77.5,67.8,1,,subcounty_exact,KE007031,Fafi
KILIFI,kilifi north,TEZO,11667.0,Mtondia Dispensary,Level 2,Operational,-3.4745903,39.5166723,2,22000,0.76,0.1288760154851222,20.883,semi_arid,1.0,0.0,37.0,7.2,19.5,83.8,84.5,77.3,16.2,74.4,25.6,9.5,9.1,9.6,1.3,8.3,6.2,6.7,1.0,0,5000,99.3,,0,,subcounty_exact,KE003011,Kilifi North
KILIFI,magarini,GARASHI,11571.0,Marikebuni Dispensary,Level 2,Operational,-3.4745903,39.5166723,2,22000,0.76,0.1430688616634187,20.883,semi_arid,1.0,0.0,37.0,7.2,19.5,83.8,84.5,77.3,16.2,74.4,25.6,9.5,9.1,9.6,1.3,8.3,6.2,6.7,1.0,0,5000,99.3,,2,,subcounty_exact,KE003017,Magarini
KWALE,lunga lunga,PONGWE/KIKOKENI,11789.0,Shimoni Dispensary,Level 2,Operational,-4.3959567,39.3108753,2,19800,0.8,0.15456647312342872,12.611,semi_arid,1.0,0.0,22.7,6.2,13.7,84.1,89.3,71.9,15.9,74.0,26.0,9.2,8.5,8.6,2.5,7.8,5.6,6.8,1.0,0,5000,99.3,,1,,subcounty_exact,KE002008,Lunga Lunga
KILIFI,rabai,MWAWESA,16182.0,Khadija Medical Clinic,Level 2,Operational,-3.5226766,39.5291057,2,22000,0.76,0.12527744948257474,17.947,semi_arid,1.0,0.0,37.0,7.2,19.5,83.8,84.5,77.3,16.2,74.4,25.6,9.5,9.1,9.6,1.3,8.3,6.2,6.7,0.0,0,5000,99.3,,0,,subcounty_exact,KE003014,Rabai
TANA RIVER,GARSEN,KIPINI EAST,11456.0,Kau Dispensary,Level 2,Operational,-1.0182385,39.793616,2,10500,0.86,0.16186862077990055,18.955,arid,1.0,0.0,21.1,11.3,16.8,51.1,59.2,61.2,48.9,71.3,28.7,7.5,9.7,8.7,10.0,5.9,10.0,8.0,1.0,1,5000,95.3,66.7,0,,subcounty_exact,KE004018,Garsen
KILIFI,kaloleni,MARIAKANI,16516.0,Ahadi Medical Clinic,Level 2,Operational,-3.5226766,39.5291057,2,22000,0.76,0.13836680838586718,17.947,semi_arid,1.0,0.0,37.0,7.2,19.5,83.8,84.5,77.3,16.2,74.4,25.6,9.5,9.1,9.6,1.3,8.3,6.2,6.7,1.0,0,5000,99.3,,0,,subcounty_exact,KE003013,Kaloleni
GARISSA,lagdera,MAALAMIN,13356.0,Gurufa Dispensary,Level 2,Operational,0.3507864,40.1116395,2,12800,0.85,0.14246651497129856,41.666,arid,0.7609505093861509,0.23904949061384906,9.0,15.3,14.1,61.4,68.1,31.2,38.6,19.7,80.3,7.8,6.0,9.4,10.0,4.9,9.6,8.4,1.0,1,5000,77.5,67.8,1,,subcounty_exact,KE007029,Lagdera
KWALE,kinango,KINANGO,16519.0,Pendo Medical Clinic (Kinango),Level 2,Operational,-4.28059,39.5672286,2,24600,0.8,0.16069809559414464,4.184,semi_arid,1.0,0.0,22.7,6.2,13.7,84.1,89.3,71.9,15.9,74.0,26.0,9.2,8.5,8.6,2.5,7.8,5.6,6.8,1.0,0,5000,99.3,,0,,subcounty_exact,KE002010,Kinango
TANA RIVER,GARSEN,GARSEN CENTRAL,11483.0,Kipao Dispensary,Level 2,Operational,-1.0182385,39.793616,2,10800,0.86,0.16186862077990055,18.955,arid,1.0,0.0,21.1,11.3,16.8,51.1,59.2,61.2,48.9,71.3,28.7,7.5,9.7,8.7,10.0,5.9,10.0,8.0,1.0,1,5000,95.3,66.7,1,,subcounty_exact,KE004018,Garsen
KILIFI,malindi,SHELLA,11759.0,Royal Health Care,Level 2,Operational,-3.9551348,39.7471238,2,22000,0.76,0.12831770034594672,0.476,semi_arid,1.0,0.0,37.0,7.2,19.5,83.8,84.5,77.3,16.2,74.4,25.6,9.5,9.1,9.6,1.3,8.3,6.2,6.7,1.0,0,5000,99.3,,0,,subcounty_exact,KE003016,Malindi
KILIFI,kilifi south,MTEPENI,11528.0,Maamba Medical Clinic,Level 2,Operational,-3.5226766,39.5291057,2,22000,0.76,0.1265490109662199,17.947,semi_arid,1.0,0.0,37.0,7.2,19.5,83.8,84.5,77.3,16.2,74.4,25.6,9.5,9.1,9.6,1.3,8.3,6.2,6.7,1.0,0,5000,99.3,,0,,subcounty_exact,KE003012,Kilifi South
KILIFI,kilifi south,SHIMO LA TEWA,11719.0,Nuru Health Care Centre,Level 2,Operational,-3.4754826,39.7474738,2,22000,0.76,0.1265490109662199,0.0,semi_arid,1.0,0.0,37.0,7.2,19.5,83.8,84.5,77.3,16.2,74.4,25.6,9.5,9.1,9.6,1.3,8.3,6.2,6.7,1.0,0,5000,99.3,,0,,subcounty_exact,KE003012,Kilifi South
KWALE,msambweni,RAMISI,16551.0,Tawakal Medical Clinic (Msambweni),Level 2,Operational,-4.2945303,39.5630696,2,12400,0.8,0.1214771089299197,5.753,semi_arid,1.0,0.0,22.7,6.2,13.7,84.1,89.3,71.9,15.9,74.0,26.0,9.2,8.5,8.6,2.5,7.8,5.6,6.8,1.0,0,5000,99.3,,0,,subcounty_exact,KE002007,Msambweni
KILIFI,magarini,GONGONI,11808.0,St Andrews Medical Clinic,Level 2,Operational,-3.5226766,39.5291057,2,22000,0.76,0.1430688616634187,17.947,semi_arid,1.0,0.0,37.0,7.2,19.5,83.8,84.5,77.3,16.2,74.4,25.6,9.5,9.1,9.6,1.3,8.3,6.2,6.7,1.0,0,5000,99.3,,0,,subcounty_exact,KE003017,Magarini
KILIFI,magarini,ADU,11198.0,Adu Dispensary,Level 2,Operational,-3.4745903,39.5166723,2,22000,0.76,0.1430688616634187,20.883,semi_arid,1.0,0.0,37.0,7.2,19.5,83.8,84.5,77.3,16.2,74.4,25.6,9.5,9.1,9.6,1.3,8.3,6.2,6.7,1.0,0,5000,99.3,,3,,subcounty_exact,KE003017,Magarini
KWALE,kinango,KINANGO,11682.0,Mwachinga Dispensary,Level 2,Operational,-4.3959567,39.3108753,2,24600,0.8,0.16069809559414464,12.611,semi_arid,1.0,0.0,22.7,6.2,13.7,84.1,89.3,71.9,15.9,74.0,26.0,9.2,8.5,8.6,2.5,7.8,5.6,6.8,1.0,0,5000,99.3,,1,,subcounty_exact,KE002010,Kinango
KWALE,kinango,NDAVAYA,11627.0,Mkang'ombe Dispensary,Level 2,Operational,-4.3959567,39.3108753,2,19800,0.8,0.16069809559414464,12.611,semi_arid,1.0,0.0,22.7,6.2,13.7,84.1,89.3,71.9,15.9,74.0,26.0,9.2,8.5,8.6,2.5,7.8,5.6,6.8,1.0,0,5000,99.3,,0,,subcounty_exact,KE002010,Kinango
TANA RIVER,GARSEN,KIPINI EAST,11728.0,Ozi Dispensary,Level 2,Operational,-1.0182385,39.793616,2,10500,0.86,0.16186862077990055,18.955,arid,1.0,0.0,21.1,11.3,16.8,51.1,59.2,61.2,48.9,71.3,28.7,7.5,9.7,8.7,10.0,5.9,10.0,8.0,1.0,1,5000,95.3,66.7,0,,subcounty_exact,KE004018,Garsen
KILIFI,magarini,ADU,11200.0,Afya Bora Medical Clinic  (magarini),Level 2,Operational,-3.5226766,39.5291057,2,22000,0.76,0.1430688616634187,17.947,semi_arid,1.0,0.0,37.0,7.2,19.5,83.8,84.5,77.3,16.2,74.4,25.6,9.5,9.1,9.6,1.3,8.3,6.2,6.7,1.0,0,5000,99.3,,0,,subcounty_exact,KE003017,Magarini
KILIFI,kilifi north,MNARANI,11636.0,Mnarani Dispensary,Level 2,Operational,-3.4745903,39.5166723,2,22000,0.76,0.1288760154851222,20.883,semi_arid,1.0,0.0,37.0,7.2,19.5,83.8,84.5,77.3,16.2,74.4,25.6,9.5,9.1,9.6,1.3,8.3,6.2,6.7,1.0,0,5000,99.3,,0,,subcounty_exact,KE003011,Kilifi North
KILIFI,magarini,ADU,11820.0,St Mary's Medical Clinic  (magarini),Level 2,Operational,-3.5226766,39.5291057,2,22000,0.76,0.1430688616634187,17.947,semi_arid,1.0,0.0,37.0,7.2,19.5,83.8,84.5,77.3,16.2,74.4,25.6,9.5,9.1,9.6,1.3,8.3,6.2,6.7,1.0,0,5000,99.3,,0,,subcounty_exact,KE003017,Magarini
KWALE,matuga,KUBO SOUTH,11466.0,Kibuyuni Dispensary,Level 2,Operational,-4.3959567,39.3108753,2,19800,0.8,0.13139450546197343,12.611,semi_arid,1.0,0.0,22.7,6.2,13.7,84.1,89.3,71.9,15.9,74.0,26.0,9.2,8.5,8.6,2.5,7.8,5.6,6.8,1.0,0,5000,99.3,,0,,subcounty_exact,KE002009,Matuga
KILIFI,kaloleni,KALOLENI,16191.0,Chalani Dispensary,Level 2,Operational,-3.4745903,39.5166723,2,23400,0.76,0.13836680838586718,20.883,semi_arid,1.0,0.0,37.0,7.2,19.5,83.8,84.5,77.3,16.2,74.4,25.6,9.5,9.1,9.6,1.3,8.3,6.2,6.7,1.0,0,5000,99.3,,1,,subcounty_exact,KE003013,Kaloleni
KILIFI,kaloleni,KALOLENI,16190.0,Vishakani Dispensary,Level 2,Operational,-3.4745903,39.5166723,2,23400,0.76,0.13836680838586718,20.883,semi_arid,1.0,0.0,37.0,7.2,19.5,83.8,84.5,77.3,16.2,74.4,25.6,9.5,9.1,9.6,1.3,8.3,6.2,6.7,1.0,0,5000,99.3,,1,,subcounty_exact,KE003013,Kaloleni
KILIFI,kaloleni,KAYAFUNGO,11404.0,Gotani Dispensary,Level 2,Operational,-3.4745903,39.5166723,2,22000,0.76,0.13836680838586718,20.883,semi_arid,1.0,0.0,37.0,7.2,19.5,83.8,84.5,77.3,16.2,74.4,25.6,9.5,9.1,9.6,1.3,8.3,6.2,6.7,1.0,0,5000,99.3,,3,,subcounty_exact,KE003013,Kaloleni
KILIFI,rabai,RURUMA,16181.0,Union Medical Clinic,Level 2,Operational,-3.5226766,39.5291057,2,22000,0.76,0.12527744948257474,17.947,semi_arid,1.0,0.0,37.0,7.2,19.5,83.8,84.5,77.3,16.2,74.4,25.6,9.5,9.1,9.6,1.3,8.3,6.2,6.7,0.0,0,5000,99.3,,0,,subcounty_exact,KE003014,Rabai
GARISSA,ijara,MASALANI,13383.0,Korisa Dispensary,Level 2,Operational,0.3507864,40.1116395,2,12800,0.85,0.14551991186078128,41.666,arid,1.0,0.0,9.0,15.3,14.1,61.4,68.1,31.2,38.6,19.7,80.3,7.8,6.0,9.4,10.0,4.9,9.6,8.4,1.0,1,5000,77.5,67.8,1,,subcounty_exact,KE007032,Ijara
GARISSA,ijara,IJARA,13432.0,Sangole Dispensary,Level 2,Operational,0.3507864,40.1116395,2,9800,0.85,0.14551991186078128,41.666,arid,1.0,0.0,9.0,15.3,14.1,61.4,68.1,31.2,38.6,19.7,80.3,7.8,6.0,9.4,10.0,4.9,9.6,8.4,1.0,1,5000,77.5,67.8,1,,subcounty_exact,KE007032,Ijara
ISIOLO,garbatulla,KINNA,12709.0,Rapsu Dispensary,Level 2,Operational,0.2857858,37.5436727,2,9100,0.84,0.1472046236206165,8.725,arid,0.8542403183095184,0.14575968169048165,14.1,7.2,11.5,83.7,85.0,52.9,16.3,51.7,48.3,6.1,4.6,4.0,7.5,7.8,6.9,7.3,1.0,1,5000,99.3,,0,,county_mean,,
TANA RIVER,GALOLE,MIKINDUNI,11744.0,Pumwani Dispensary,Level 2,Operational,-1.0182385,39.793616,2,10500,0.86,0.16477542855605093,18.955,arid,1.0,0.0,21.1,11.3,16.8,51.1,59.2,61.2,48.9,71.3,28.7,7.5,9.7,8.7,10.0,5.9,10.0,8.0,1.0,1,5000,95.3,66.7,1,,subcounty_exact,KE004019,Galole
ISIOLO,garbatulla,GARBA TULLA,11951.0,Boji Dispensary,Level 2,Operational,0.2857858,37.5436727,2,12800,0.84,0.1472046236206165,8.725,arid,0.8542403183095184,0.14575968169048165,14.1,7.2,11.5,83.7,85.0,52.9,16.3,51.7,48.3,6.1,4.6,4.0,7.5,7.8,6.9,7.3,1.0,1,5000,99.3,,1,,county_mean,,
ISIOLO,isiolo,BULLA PESA,12701.0,Pepo La Tumaini Dispensary,Level 2,Operational,0.340898,37.5750279,2,12800,0.84,0.1472046236206165,1.675,arid,0.8542403183095184,0.14575968169048165,14.1,7.2,11.5,83.7,85.0,52.9,16.3,51.7,48.3,6.1,4.6,4.0,7.5,7.8,6.9,7.3,1.0,1,5000,99.3,,0,,county_mean,,
KWALE,kinango,KINANGO,11527.0,Lutsangani Dispensary,Level 2,Operational,-4.3959567,39.3108753,2,24600,0.8,0.16069809559414464,12.611,semi_arid,1.0,0.0,22.7,6.2,13.7,84.1,89.3,71.9,15.9,74.0,26.0,9.2,8.5,8.6,2.5,7.8,5.6,6.8,1.0,0,5000,99.3,,2,,subcounty_exact,KE002010,Kinango
KWALE,kinango,CHENGONI/SAMBURU,11479.0,Kinagoni Dispensary,Level 2,Operational,-4.3959567,39.3108753,2,19800,0.8,0.16069809559414464,12.611,semi_arid,1.0,0.0,22.7,6.2,13.7,84.1,89.3,71.9,15.9,74.0,26.0,9.2,8.5,8.6,2.5,7.8,5.6,6.8,1.0,0,5000,99.3,,0,,subcounty_exact,KE002010,Kinango
KWALE,kinango,KINANGO,11464.0,Kibandaongo Dispensary,Level 2,Operational,-4.3959567,39.3108753,2,24600,0.8,0.16069809559414464,12.611,semi_arid,1.0,0.0,22.7,6.2,13.7,84.1,89.3,71.9,15.9,74.0,26.0,9.2,8.5,8.6,2.5,7.8,5.6,6.8,1.0,0,5000,99.3,,1,,subcounty_exact,KE002010,Kinango
ISIOLO,isiolo,BURAT,12814.0,Tupendane Dispensary,Level 2,Operational,0.3532794,37.5608534,2,12400,0.84,0.1472046236206165,2.365,arid,0.8542403183095184,0.14575968169048165,14.1,7.2,11.5,83.7,85.0,52.9,16.3,51.7,48.3,6.1,4.6,4.0,7.5,7.8,6.9,7.3,1.0,1,5000,99.3,,1,,county_mean,,
KWALE,kinango,MACKINON ROAD,11838.0,Taru Dispensary,Level 2,Operational,-4.3959567,39.3108753,2,19800,0.8,0.16069809559414464,12.611,semi_arid,1.0,0.0,22.7,6.2,13.7,84.1,89.3,71.9,15.9,74.0,26.0,9.2,8.5,8.6,2.5,7.8,5.6,6.8,1.0,0,5000,99.3,,2,,subcounty_exact,KE002010,Kinango
KWALE,kinango,MWAVUMBO,11687.0,Mwanda Dispensary,Level 2,Operational,-4.3959567,39.3108753,2,19800,0.8,0.16069809559414464,12.611,semi_arid,1.0,0.0,22.7,6.2,13.7,84.1,89.3,71.9,15.9,74.0,26.0,9.2,8.5,8.6,2.5,7.8,5.6,6.8,1.0,0,5000,99.3,,2,,subcounty_exact,KE002010,Kinango
TANA RIVER,GARSEN,KIPINI WEST,11778.0,Semikaro Dispensary,Level 2,Operational,-2.5086362,40.2858272,2,10500,0.86,0.16186862077990055,78.863,arid,1.0,0.0,21.1,11.3,16.8,51.1,59.2,61.2,48.9,71.3,28.7,7.5,9.7,8.7,10.0,5.9,10.0,8.0,1.0,1,5000,95.3,66.7,0,,subcounty_exact,KE004018,Garsen
GARISSA,fafi,FAFI,13338.0,Fafi Dispensary,Level 2,Operational,0.3507864,40.1116395,2,11200,0.85,0.142575550431571,41.666,arid,0.00034280817026139125,0.9996571918297386,9.0,15.3,14.1,61.4,68.1,31.2,38.6,19.7,80.3,7.8,6.0,9.4,10.0,4.9,9.6,8.4,1.0,1,5000,77.5,67.8,1,,subcounty_exact,KE007031,Fafi
MANDERA,mandera east,KHALALIO,13362.0,Hareri Dispensary,Level 2,Operational,3.16894,40.0978592,2,12100,0.9,0.16136107711138312,213.769,arid,0.0,1.0,20.5,17.3,23.2,50.4,54.7,40.4,49.6,15.7,84.3,9.6,8.2,1.4,10.0,7.5,6.6,8.5,1.0,1,5000,76.4,72.9,0,,subcounty_exact,KE009043,Mandera East
KILIFI,malindi,MALINDI TOWN,11844.0,Tawheed Dispensary,Level 2,Operational,-3.4745903,39.5166723,2,31200,0.76,0.12831770034594672,20.883,semi_arid,1.0,0.0,37.0,7.2,19.5,83.8,84.5,77.3,16.2,74.4,25.6,9.5,9.1,9.6,1.3,8.3,6.2,6.7,1.0,0,5000,99.3,,0,,subcounty_exact,KE003016,Malindi
LAMU,lamu east,BASUBA,11560.0,Mangai Dispensary,Level 2,Operational,-1.6958246,41.52466,2,12800,0.75,0.11947817786498383,6.666,semi_arid,0.0,1.0,16.1,3.5,12.5,90.3,92.5,70.5,9.7,65.9,34.1,7.2,9.0,6.8,2.5,7.2,5.2,6.3,1.0,0,5000,97.9,,0,,subcounty_exact,KE005021,Lamu East
TANA RIVER,BURA,CHEWELE,11574.0,Marynoll Dispensary,Level 2,Operational,-1.0182385,39.793616,2,8100,0.86,0.1575021369215992,18.955,arid,1.0,0.0,21.1,11.3,16.8,51.1,59.2,61.2,48.9,71.3,28.7,7.5,9.7,8.7,10.0,5.9,10.0,8.0,1.0,1,5000,95.3,66.7,0,,subcounty_exact,KE004020,Bura
TANA RIVER,GARSEN,GARSEN NORTH,16194.0,Mwina Dispensary,Level 2,Operational,-1.0182385,39.793616,2,9800,0.86,0.16186862077990055,18.955,arid,1.0,0.0,21.1,11.3,16.8,51.1,59.2,61.2,48.9,71.3,28.7,7.5,9.7,8.7,10.0,5.9,10.0,8.0,1.0,1,5000,95.3,66.7,0,,subcounty_exact,KE004018,Garsen
TANA RIVER,GARSEN,GARSEN SOUTH,11837.0,Tarasaa Catholic Dispensary,Level 2,Operational,-2.4411406,40.1691924,2,11200,0.86,0.16186862077990055,69.249,arid,1.0,0.0,21.1,11.3,16.8,51.1,59.2,61.2,48.9,71.3,28.7,7.5,9.7,8.7,10.0,5.9,10.0,8.0,1.0,1,5000,95.3,66.7,0,,subcounty_exact,KE004018,Garsen
KWALE,lunga lunga,PONGWE/KIKOKENI,11544.0,Majoreni Dispensary,Level 2,Operational,-4.3959567,39.3108753,2,19800,0.8,0.15456647312342872,12.611,semi_arid,1.0,0.0,22.7,6.2,13.7,84.1,89.3,71.9,15.9,74.0,26.0,9.2,8.5,8.6,2.5,7.8,5.6,6.8,1.0,0,5000,99.3,,0,,subcounty_exact,KE002008,Lunga Lunga
KWALE,matuga,TSIMBA GOLINI,11292.0,Cornerstone Medical Clinic,Level 2,Operational,-4.2945303,39.5630696,2,19800,0.8,0.13139450546197343,5.753,semi_arid,1.0,0.0,22.7,6.2,13.7,84.1,89.3,71.9,15.9,74.0,26.0,9.2,8.5,8.6,2.5,7.8,5.6,6.8,1.0,0,5000,99.3,,0,,subcounty_exact,KE002009,Matuga
TANA RIVER,GARSEN,GARSEN SOUTH,11725.0,Oda Dispensary,Level 2,Operational,-1.0182385,39.793616,2,11200,0.86,0.16186862077990055,18.955,arid,1.0,0.0,21.1,11.3,16.8,51.1,59.2,61.2,48.9,71.3,28.7,7.5,9.7,8.7,10.0,5.9,10.0,8.0,1.0,1,5000,95.3,66.7,0,,subcounty_exact,KE004018,Garsen
LAMU,lamu east,FAZA,11594.0,Mbwajumwali Dispensary,Level 2,Operational,-1.6958246,41.52466,2,8100,0.75,0.11947817786498383,6.666,semi_arid,0.0,1.0,16.1,3.5,12.5,90.3,92.5,70.5,9.7,65.9,34.1,7.2,9.0,6.8,2.5,7.2,5.2,6.3,1.0,0,5000,97.9,,0,,subcounty_exact,KE005021,Lamu East
LAMU,lamu east,FAZA,11846.0,Tchundwa Dispensary,Level 2,Operational,-1.6958246,41.52466,2,8100,0.75,0.11947817786498383,6.666,semi_arid,0.0,1.0,16.1,3.5,12.5,90.3,92.5,70.5,9.7,65.9,34.1,7.2,9.0,6.8,2.5,7.2,5.2,6.3,1.0,0,5000,97.9,,1,,subcounty_exact,KE005021,Lamu East
KWALE,kinango,PUMA,11880.0,Vigurungani Dispensary,Level 2,Operational,-4.3959567,39.3108753,2,19800,0.8,0.16069809559414464,12.611,semi_arid,1.0,0.0,22.7,6.2,13.7,84.1,89.3,71.9,15.9,74.0,26.0,9.2,8.5,8.6,2.5,7.8,5.6,6.8,1.0,0,5000,99.3,,1,,subcounty_exact,KE002010,Kinango
LAMU,lamu east,KIUNGA,11494.0,Kiwayuu Dispensary,Level 2,Operational,-1.6958246,41.52466,2,12800,0.75,0.11947817786498383,6.666,semi_arid,0.0,1.0,16.1,3.5,12.5,90.3,92.5,70.5,9.7,65.9,34.1,7.2,9.0,6.8,2.5,7.2,5.2,6.3,1.0,0,5000,97.9,,0,,subcounty_exact,KE005021,Lamu East
LAMU,lamu west,MKOMANI,11579.0,Matondoni Dispensary,Level 2,Operational,-1.6958246,41.52466,2,12800,0.75,0.12589658173524204,6.666,semi_arid,0.66505807148645,0.33494192851355,16.1,3.5,12.5,90.3,92.5,70.5,9.7,65.9,34.1,7.2,9.0,6.8,2.5,7.2,5.2,6.3,1.0,0,5000,97.9,,0,,subcounty_exact,KE005022,Lamu West
GARISSA,garissa,WABERI,13275.0,Al-Faruq Dispensary,Level 2,Operational,0.3507864,40.1116395,2,12800,0.85,0.14363793869304695,41.666,arid,0.5778061924502605,0.42219380754973956,9.0,15.3,14.1,61.4,68.1,31.2,38.6,19.7,80.3,7.8,6.0,9.4,10.0,4.9,9.6,8.4,1.0,1,5000,77.5,67.8,1,,county_mean,,
TANA RIVER,GARSEN,GARSEN SOUTH,11418.0,Idsowe Dispensary,Level 2,Operational,-1.0182385,39.793616,2,11200,0.86,0.16186862077990055,18.955,arid,1.0,0.0,21.1,11.3,16.8,51.1,59.2,61.2,48.9,71.3,28.7,7.5,9.7,8.7,10.0,5.9,10.0,8.0,1.0,1,5000,95.3,66.7,2,,subcounty_exact,KE004018,Garsen
KWALE,kinango,MWAVUMBO,11448.0,Kafuduni Dispensary,Level 2,Operational,-4.3959567,39.3108753,2,19800,0.8,0.16069809559414464,12.611,semi_arid,1.0,0.0,22.7,6.2,13.7,84.1,89.3,71.9,15.9,74.0,26.0,9.2,8.5,8.6,2.5,7.8,5.6,6.8,1.0,0,5000,99.3,,0,,subcounty_exact,KE002010,Kinango
ISIOLO,garbatulla,SERICHO,16477.0,Badana Dispensary,Level 2,Operational,0.2857858,37.5436727,2,12800,0.84,0.1472046236206165,8.725,arid,0.8542403183095184,0.14575968169048165,14.1,7.2,11.5,83.7,85.0,52.9,16.3,51.7,48.3,6.1,4.6,4.0,7.5,7.8,6.9,7.3,1.0,1,5000,99.3,,0,,county_mean,,
MANDERA,mandera west,GITHER,13349.0,Gither Dispensary,Level 2,Operational,3.16894,40.0978592,2,12100,0.9,0.2104910595345934,213.769,arid,1.0,0.0,20.5,17.3,23.2,50.4,54.7,40.4,49.6,15.7,84.3,9.6,8.2,1.4,10.0,7.5,6.6,8.5,1.0,1,5000,76.4,72.9,1,,subcounty_exact,KE009039,Mandera West
KILIFI,rabai,KAMBE/RIBE,11517.0,Lenga Dispensary,Level 2,Operational,-3.4745903,39.5166723,2,22000,0.76,0.12527744948257474,20.883,semi_arid,1.0,0.0,37.0,7.2,19.5,83.8,84.5,77.3,16.2,74.4,25.6,9.5,9.1,9.6,1.3,8.3,6.2,6.7,0.0,0,5000,99.3,,1,,subcounty_exact,KE003014,Rabai
MANDERA,banissa,GUBA,13353.0,Guba Dispensary,Level 2,Operational,3.16894,40.0978592,2,12100,0.9,0.2004659940560853,213.769,arid,0.0,1.0,20.5,17.3,23.2,50.4,54.7,40.4,49.6,15.7,84.3,9.6,8.2,1.4,10.0,7.5,6.6,8.5,1.0,1,5000,76.4,72.9,0,,subcounty_exact,KE009040,Banissa
MARSABIT,north horr,MAIKONA,12061.0,Hurri-Hills Dispensary,Level 2,Operational,3.5244107,39.0710346,2,11000,0.92,0.11560098828371891,0.0,arid,0.03895154171215453,0.9610484582878455,18.9,20.4,25.9,59.3,68.7,67.1,40.7,27.1,72.9,8.3,4.8,5.9,10.0,4.8,6.6,8.1,1.0,1,5000,93.8,66.1,1,,subcounty_exact,KE010046,North Horr
MARSABIT,laisamis,LAISAMIS,16214.0,Lontolio Dispensary,Level 2,Operational,3.5244107,39.0710346,2,12400,0.92,0.16039390545423807,0.0,arid,0.9338066961109585,0.06619330388904154,18.9,20.4,25.9,59.3,68.7,67.1,40.7,27.1,72.9,8.3,4.8,5.9,10.0,4.8,6.6,8.1,1.0,1,5000,93.8,66.1,1,,subcounty_exact,KE010048,Laisamis
KWALE,lunga lunga,MWERENI,11476.0,Kilimangodo Dispensary,Level 2,Operational,-4.3511366,39.0760909,2,19800,0.8,0.15456647312342872,22.287,semi_arid,1.0,0.0,22.7,6.2,13.7,84.1,89.3,71.9,15.9,74.0,26.0,9.2,8.5,8.6,2.5,7.8,5.6,6.8,1.0,0,5000,99.3,,5,,subcounty_exact,KE002008,Lunga Lunga
KWALE,kinango,MWAVUMBO,11681.0,Mwabila Dispensary,Level 2,Operational,-4.3959567,39.3108753,2,19800,0.8,0.16069809559414464,12.611,semi_arid,1.0,0.0,22.7,6.2,13.7,84.1,89.3,71.9,15.9,74.0,26.0,9.2,8.5,8.6,2.5,7.8,5.6,6.8,1.0,0,5000,99.3,,1,,subcounty_exact,KE002010,Kinango
KWALE,kinango,MACKINON ROAD,11545.0,Makamini Dispensary,Level 2,Operational,-4.3959567,39.3108753,2,19800,0.8,0.16069809559414464,12.611,semi_arid,1.0,0.0,22.7,6.2,13.7,84.1,89.3,71.9,15.9,74.0,26.0,9.2,8.5,8.6,2.5,7.8,5.6,6.8,1.0,0,5000,99.3,,2,,subcounty_exact,KE002010,Kinango
KILIFI,malindi,JILORE,11433.0,Jilore Dispensary,Level 2,Operational,-3.4745903,39.5166723,2,22000,0.76,0.12831770034594672,20.883,semi_arid,1.0,0.0,37.0,7.2,19.5,83.8,84.5,77.3,16.2,74.4,25.6,9.5,9.1,9.6,1.3,8.3,6.2,6.7,1.0,0,5000,99.3,,0,,subcounty_exact,KE003016,Malindi
MARSABIT,laisamis,LOGLOGO,16216.0,Kamboe Dispensary,Level 2,Operational,3.5244107,39.0710346,2,11000,0.92,0.16039390545423807,0.0,arid,0.9338066961109585,0.06619330388904154,18.9,20.4,25.9,59.3,68.7,67.1,40.7,27.1,72.9,8.3,4.8,5.9,10.0,4.8,6.6,8.1,1.0,1,5000,93.8,66.1,0,,subcounty_exact,KE010048,Laisamis
MARSABIT,moyale,HEILLU/MANYATTA,12322.0,Kinisa Dispensary,Level 2,Operational,3.5244107,39.0710346,2,11000,0.92,0.1650847170987961,0.0,arid,0.0819002420488537,0.9180997579511463,18.9,20.4,25.9,59.3,68.7,67.1,40.7,27.1,72.9,8.3,4.8,5.9,10.0,4.8,6.6,8.1,1.0,1,5000,93.8,66.1,1,,subcounty_exact,KE010045,Moyale
ISIOLO,merti,CHARI,11957.0,Bulesa Dispensary,Level 2,Operational,0.2857858,37.5436727,2,7400,0.84,0.1472046236206165,8.725,arid,0.8542403183095184,0.14575968169048165,14.1,7.2,11.5,83.7,85.0,52.9,16.3,51.7,48.3,6.1,4.6,4.0,7.5,7.8,6.9,7.3,1.0,1,5000,99.3,,0,,county_mean,,
MARSABIT,moyale,URAN,12051.0,Golole Dispensary,Level 2,Operational,3.5244107,39.0710346,2,11000,0.92,0.1650847170987961,0.0,arid,0.0819002420488537,0.9180997579511463,18.9,20.4,25.9,59.3,68.7,67.1,40.7,27.1,72.9,8.3,4.8,5.9,10.0,4.8,6.6,8.1,1.0,1,5000,93.8,66.1,1,,subcounty_exact,KE010045,Moyale
MARSABIT,moyale,MOYALE TOWNSHIP,11958.0,Butiye Dispensary,Level 2,Operational,3.5244107,39.0710346,2,18900,0.92,0.1650847170987961,0.0,arid,0.0819002420488537,0.9180997579511463,18.9,20.4,25.9,59.3,68.7,67.1,40.7,27.1,72.9,8.3,4.8,5.9,10.0,4.8,6.6,8.1,1.0,1,5000,93.8,66.1,1,,subcounty_exact,KE010045,Moyale
ISIOLO,isiolo,BURAT,16220.0,Leparua Dispensary,Level 2,Operational,0.3037402,37.4393698,2,12400,0.84,0.1472046236206165,16.833,arid,0.8542403183095184,0.14575968169048165,14.1,7.2,11.5,83.7,85.0,52.9,16.3,51.7,48.3,6.1,4.6,4.0,7.5,7.8,6.9,7.3,1.0,1,5000,99.3,,0,,county_mean,,
ISIOLO,isiolo,OLDO/NYIRO,16221.0,Narrapu Dispensary,Level 2,Operational,0.2857858,37.5436727,2,8900,0.84,0.1472046236206165,8.725,arid,0.8542403183095184,0.14575968169048165,14.1,7.2,11.5,83.7,85.0,52.9,16.3,51.7,48.3,6.1,4.6,4.0,7.5,7.8,6.9,7.3,1.0,1,5000,99.3,,0,,county_mean,,
KWALE,matuga,KUBO SOUTH,11693.0,Mwapala Dispensary,Level 2,Operational,-4.3407697,39.4525974,2,19800,0.8,0.13139450546197343,4.252,semi_arid,1.0,0.0,22.7,6.2,13.7,84.1,89.3,71.9,15.9,74.0,26.0,9.2,8.5,8.6,2.5,7.8,5.6,6.8,1.0,0,5000,99.3,,0,,subcounty_exact,KE002009,Matuga
KWALE,matuga,KUBO SOUTH,11685.0,Mwaluvanga Dispensary,Level 2,Operational,-4.3790739,39.364114,2,19800,0.8,0.13139450546197343,6.449,semi_arid,1.0,0.0,22.7,6.2,13.7,84.1,89.3,71.9,15.9,74.0,26.0,9.2,8.5,8.6,2.5,7.8,5.6,6.8,1.0,0,5000,99.3,,0,,subcounty_exact,KE002009,Matuga
SAMBURU,samburu north,ANGATA NAYOKIE,15221.0,Morijo Dispensary,Level 2,Operational,1.0679655,37.231326,2,10200,0.87,0.16597543681267224,13.9,arid,0.0,1.0,31.4,15.4,30.2,49.1,56.6,56.3,50.9,19.9,80.1,5.8,1.5,2.8,8.8,9.7,10.0,7.8,1.0,1,5000,92.9,71.9,0,,subcounty_exact,KE025134,Samburu North
KILIFI,magarini,SABAKI,11761.0,Sabaki Dispensary,Level 2,Operational,-3.4745903,39.5166723,2,22000,0.76,0.1430688616634187,20.883,semi_arid,1.0,0.0,37.0,7.2,19.5,83.8,84.5,77.3,16.2,74.4,25.6,9.5,9.1,9.6,1.3,8.3,6.2,6.7,1.0,0,5000,99.3,,0,,subcounty_exact,KE003017,Magarini
KWALE,matuga,TSIMBA GOLINI,11658.0,Msulwa Dispensary,Level 2,Operational,-4.2639225,39.4609432,2,19800,0.8,0.13139450546197343,11.423,semi_arid,1.0,0.0,22.7,6.2,13.7,84.1,89.3,71.9,15.9,74.0,26.0,9.2,8.5,8.6,2.5,7.8,5.6,6.8,1.0,0,5000,99.3,,0,,subcounty_exact,KE002009,Matuga
KILIFI,ganze,BAMBA,11238.0,Bamba Maternity Nursing Home,Level 2,Operational,-3.1122001,39.5513698,2,18900,0.76,0.14612703107594208,0.0,semi_arid,1.0,0.0,37.0,7.2,19.5,83.8,84.5,77.3,16.2,74.4,25.6,9.5,9.1,9.6,1.3,8.3,6.2,6.7,1.0,0,5000,99.3,,0,,subcounty_exact,KE003015,Ganze
LAMU,lamu west,MKUNUMBI,11631.0,Mkunumbi Dispensary,Level 2,Operational,-1.6958246,41.52466,2,12800,0.75,0.12589658173524204,6.666,semi_arid,0.66505807148645,0.33494192851355,16.1,3.5,12.5,90.3,92.5,70.5,9.7,65.9,34.1,7.2,9.0,6.8,2.5,7.2,5.2,6.3,1.0,0,5000,97.9,,1,,subcounty_exact,KE005022,Lamu West
MARSABIT,saku,KARARE,12373.0,Kituruni Dispensary,Level 2,Operational,3.5244107,39.0710346,2,11000,0.92,0.14238372663895527,0.0,arid,1.0,0.0,18.9,20.4,25.9,59.3,68.7,67.1,40.7,27.1,72.9,8.3,4.8,5.9,10.0,4.8,6.6,8.1,1.0,1,5000,93.8,66.1,1,,subcounty_exact,KE010047,Saku
MANDERA,mandera east,ARABIA,13396.0,Libehiya Dispensary,Level 2,Operational,3.16894,40.0978592,2,12100,0.9,0.16136107711138312,213.769,arid,0.0,1.0,20.5,17.3,23.2,50.4,54.7,40.4,49.6,15.7,84.3,9.6,8.2,1.4,10.0,7.5,6.6,8.5,1.0,1,5000,76.4,72.9,0,,subcounty_exact,KE009043,Mandera East
TANA RIVER,GARSEN,GARSEN SOUTH,16198.0,Shirikisho Methodist Dispensary,Level 2,Operational,-2.3566443,40.1339137,2,11200,0.86,0.16186862077990055,59.611,arid,1.0,0.0,21.1,11.3,16.8,51.1,59.2,61.2,48.9,71.3,28.7,7.5,9.7,8.7,10.0,5.9,10.0,8.0,1.0,1,5000,95.3,66.7,1,,subcounty_exact,KE004018,Garsen
TANA RIVER,GARSEN,GARSEN NORTH,11780.0,Sera Dispensary,Level 2,Operational,-1.0182385,39.793616,2,9800,0.86,0.16186862077990055,18.955,arid,1.0,0.0,21.1,11.3,16.8,51.1,59.2,61.2,48.9,71.3,28.7,7.5,9.7,8.7,10.0,5.9,10.0,8.0,1.0,1,5000,95.3,66.7,1,,subcounty_exact,KE004018,Garsen
MARSABIT,saku,KARARE,12197.0,Karare Dispensary,Level 2,Operational,3.5244107,39.0710346,2,11000,0.92,0.14238372663895527,0.0,arid,1.0,0.0,18.9,20.4,25.9,59.3,68.7,67.1,40.7,27.1,72.9,8.3,4.8,5.9,10.0,4.8,6.6,8.1,1.0,1,5000,93.8,66.1,1,,subcounty_exact,KE010047,Saku
ISIOLO,garbatulla,SERICHO,16476.0,Muchuro Dispensary,Level 2,Operational,0.2857858,37.5436727,2,12800,0.84,0.1472046236206165,8.725,arid,0.8542403183095184,0.14575968169048165,14.1,7.2,11.5,83.7,85.0,52.9,16.3,51.7,48.3,6.1,4.6,4.0,7.5,7.8,6.9,7.3,1.0,1,5000,99.3,,0,,county_mean,,
MARSABIT,moyale,OBBU,11927.0,Ambalo Dispensary,Level 2,Operational,3.5244107,39.0710346,2,11000,0.92,0.1650847170987961,0.0,arid,0.0819002420488537,0.9180997579511463,18.9,20.4,25.9,59.3,68.7,67.1,40.7,27.1,72.9,8.3,4.8,5.9,10.0,4.8,6.6,8.1,1.0,1,5000,93.8,66.1,1,,subcounty_exact,KE010045,Moyale
MANDERA,mandera north,RHAMU,13348.0,Girissa Dispensary,Level 2,Operational,3.16894,40.0978592,2,12400,0.9,0.17047954134766874,213.769,arid,0.0,1.0,20.5,17.3,23.2,50.4,54.7,40.4,49.6,15.7,84.3,9.6,8.2,1.4,10.0,7.5,6.6,8.5,1.0,1,5000,76.4,72.9,0,,subcounty_exact,KE009041,Mandera North
MARSABIT,laisamis,LOIYANGALANI,12699.0,Ol-Torot Dispensary,Level 2,Operational,3.5244107,39.0710346,2,9600,0.92,0.16039390545423807,0.0,arid,0.9338066961109585,0.06619330388904154,18.9,20.4,25.9,59.3,68.7,67.1,40.7,27.1,72.9,8.3,4.8,5.9,10.0,4.8,6.6,8.1,1.0,1,5000,93.8,66.1,0,,subcounty_exact,KE010048,Laisamis
KWALE,msambweni,GAMBATO BONGWE,11593.0,Mbuwani Dispensary,Level 2,Operational,-4.3959567,39.3108753,2,19800,0.8,0.1214771089299197,12.611,semi_arid,1.0,0.0,22.7,6.2,13.7,84.1,89.3,71.9,15.9,74.0,26.0,9.2,8.5,8.6,2.5,7.8,5.6,6.8,1.0,0,5000,99.3,,2,,subcounty_exact,KE002007,Msambweni
ISIOLO,isiolo,NGARE MARA,12012.0,Eremet Dispensary,Level 2,Operational,0.2857858,37.5436727,2,18200,0.84,0.1472046236206165,8.725,arid,0.8542403183095184,0.14575968169048165,14.1,7.2,11.5,83.7,85.0,52.9,16.3,51.7,48.3,6.1,4.6,4.0,7.5,7.8,6.9,7.3,1.0,1,5000,99.3,,0,,county_mean,,
SAMBURU,samburu east,WAMBA NORTH,15693.0,Swari Model Health Centre,Level 3,Operational,1.7416357,37.3081385,4,9800,0.87,0.16415413643525453,0.0,arid,0.0025968215682079013,0.997403178431792,31.4,15.4,30.2,49.1,56.6,56.3,50.9,19.9,80.1,5.8,1.5,2.8,8.8,9.7,10.0,7.8,1.0,1,5000,92.9,71.9,1,,subcounty_exact,KE025135,Samburu East
SAMBURU,samburu east,WASO,15547.0,Sereolipi Health Centre,Level 3,Operational,1.7416357,37.3081385,4,10200,0.87,0.16415413643525453,0.0,arid,0.0025968215682079013,0.997403178431792,31.4,15.4,30.2,49.1,56.6,56.3,50.9,19.9,80.1,5.8,1.5,2.8,8.8,9.7,10.0,7.8,1.0,1,5000,92.9,71.9,1,,subcounty_exact,KE025135,Samburu East
KILIFI,kilifi south,MWARAKAYA,11738.0,Pingilikani Dispensary,Level 2,Operational,-3.4745903,39.5166723,2,22000,0.76,0.1265490109662199,20.883,semi_arid,1.0,0.0,37.0,7.2,19.5,83.8,84.5,77.3,16.2,74.4,25.6,9.5,9.1,9.6,1.3,8.3,6.2,6.7,1.0,0,5000,99.3,,1,,subcounty_exact,KE003012,Kilifi South
KILIFI,kaloleni,KALOLENI,11601.0,Mgamboni Dispensary,Level 2,Operational,-3.4745903,39.5166723,2,23400,0.76,0.13836680838586718,20.883,semi_arid,1.0,0.0,37.0,7.2,19.5,83.8,84.5,77.3,16.2,74.4,25.6,9.5,9.1,9.6,1.3,8.3,6.2,6.7,1.0,0,5000,99.3,,1,,subcounty_exact,KE003013,Kaloleni
KILIFI,ganze,GANZE,11802.0,Sokoke Dispensary,Level 2,Operational,-3.4745903,39.5166723,2,21400,0.76,0.14612703107594208,20.883,semi_arid,1.0,0.0,37.0,7.2,19.5,83.8,84.5,77.3,16.2,74.4,25.6,9.5,9.1,9.6,1.3,8.3,6.2,6.7,1.0,0,5000,99.3,,0,,subcounty_exact,KE003015,Ganze
KILIFI,malindi,KAKUYUNI,11534.0,Madunguni Dispensary,Level 2,Operational,-3.4745903,39.5166723,2,22000,0.76,0.12831770034594672,20.883,semi_arid,1.0,0.0,37.0,7.2,19.5,83.8,84.5,77.3,16.2,74.4,25.6,9.5,9.1,9.6,1.3,8.3,6.2,6.7,1.0,0,5000,99.3,,0,,subcounty_exact,KE003016,Malindi
KILIFI,magarini,SABAKI,16526.0,St Bennedticto Health Centre,Level 3,Operational,-3.2327384,40.1254902,4,22000,0.76,0.1430688616634187,0.0,semi_arid,1.0,0.0,37.0,7.2,19.5,83.8,84.5,77.3,16.2,74.4,25.6,9.5,9.1,9.6,1.3,8.3,6.2,6.7,1.0,0,5000,99.3,,0,,subcounty_exact,KE003017,Magarini
SAMBURU,samburu east,WAMBA WEST,15048.0,Lodungokwe Health Centre,Level 3,Operational,1.7416357,37.3081385,4,11400,0.87,0.16415413643525453,0.0,arid,0.0025968215682079013,0.997403178431792,31.4,15.4,30.2,49.1,56.6,56.3,50.9,19.9,80.1,5.8,1.5,2.8,8.8,9.7,10.0,7.8,1.0,1,5000,92.9,71.9,1,,subcounty_exact,KE025135,Samburu East
SAMBURU,samburu east,WAMBA WEST,14576.0,Intrepids Dispensary,Level 2,Operational,1.0679655,37.231326,2,11400,0.87,0.16415413643525453,13.9,arid,0.0025968215682079013,0.997403178431792,31.4,15.4,30.2,49.1,56.6,56.3,50.9,19.9,80.1,5.8,1.5,2.8,8.8,9.7,10.0,7.8,1.0,1,5000,92.9,71.9,0,,subcounty_exact,KE025135,Samburu East
KWALE,lunga lunga,DZOMBO,11651.0,Mrima (Catholic) Dispensary,Level 2,Operational,-4.4910473,39.2465117,2,19800,0.8,0.15456647312342872,22.372,semi_arid,1.0,0.0,22.7,6.2,13.7,84.1,89.3,71.9,15.9,74.0,26.0,9.2,8.5,8.6,2.5,7.8,5.6,6.8,1.0,0,5000,99.3,,2,,subcounty_exact,KE002008,Lunga Lunga
MARSABIT,laisamis,KORR/NGURUNIT,12660.0,Ngurunit Health centre,Level 3,Operational,2.0027755,37.909047,4,11000,0.92,0.16039390545423807,0.0,arid,0.9338066961109585,0.06619330388904154,18.9,20.4,25.9,59.3,68.7,67.1,40.7,27.1,72.9,8.3,4.8,5.9,10.0,4.8,6.6,8.1,1.0,1,5000,93.8,66.1,1,,subcounty_exact,KE010048,Laisamis
MARSABIT,north horr,NORTH HORR,12054.0,Gus Dispensary,Level 2,Operational,3.5244107,39.0710346,2,8200,0.92,0.11560098828371891,0.0,arid,0.03895154171215453,0.9610484582878455,18.9,20.4,25.9,59.3,68.7,67.1,40.7,27.1,72.9,8.3,4.8,5.9,10.0,4.8,6.6,8.1,1.0,1,5000,93.8,66.1,1,,subcounty_exact,KE010046,North Horr
SAMBURU,samburu central,SUGUTA MARMAR,15076.0,Longewan Dispensary,Level 2,Operational,1.0679655,37.231326,2,10200,0.87,0.16191447860565616,13.9,arid,0.0008656071894026338,0.9991343928105975,31.4,15.4,30.2,49.1,56.6,56.3,50.9,19.9,80.1,5.8,1.5,2.8,8.8,9.7,10.0,7.8,1.0,1,5000,92.9,71.9,1,,county_mean,,
KILIFI,kilifi north,TEZO,11713.0,Ngerenya Dispensary,Level 2,Operational,-3.4745903,39.5166723,2,22000,0.76,0.1288760154851222,20.883,semi_arid,1.0,0.0,37.0,7.2,19.5,83.8,84.5,77.3,16.2,74.4,25.6,9.5,9.1,9.6,1.3,8.3,6.2,6.7,1.0,0,5000,99.3,,1,,subcounty_exact,KE003011,Kilifi North
KILIFI,magarini,SABAKI,11381.0,Galana Hospital,Level 4,Operational,-2.8287209,40.1490494,6,22000,0.76,0.1430688616634187,0.0,semi_arid,1.0,0.0,37.0,7.2,19.5,83.8,84.5,77.3,16.2,74.4,25.6,9.5,9.1,9.6,1.3,8.3,6.2,6.7,1.0,0,5000,99.3,,0,,subcounty_exact,KE003017,Magarini
KILIFI,kilifi north,MNARANI,11836.0,Takaungu Dispensary,Level 2,Operational,-3.4745903,39.5166723,2,22000,0.76,0.1288760154851222,20.883,semi_arid,1.0,0.0,37.0,7.2,19.5,83.8,84.5,77.3,16.2,74.4,25.6,9.5,9.1,9.6,1.3,8.3,6.2,6.7,1.0,0,5000,99.3,,1,,subcounty_exact,KE003011,Kilifi North
KILIFI,malindi,MALINDI TOWN,16528.0,Subira Medical Clinic,Level 2,Operational,-3.5226766,39.5291057,2,31200,0.76,0.12831770034594672,17.947,semi_arid,1.0,0.0,37.0,7.2,19.5,83.8,84.5,77.3,16.2,74.4,25.6,9.5,9.1,9.6,1.3,8.3,6.2,6.7,1.0,0,5000,99.3,,0,,subcounty_exact,KE003016,Malindi
GARISSA,ijara,IJARA,13426.0,Ruqa Dispensary,Level 2,Operational,0.3507864,40.1116395,2,9800,0.85,0.14551991186078128,41.666,arid,1.0,0.0,9.0,15.3,14.1,61.4,68.1,31.2,38.6,19.7,80.3,7.8,6.0,9.4,10.0,4.9,9.6,8.4,1.0,1,5000,77.5,67.8,1,,subcounty_exact,KE007032,Ijara
KILIFI,magarini,GARASHI,11248.0,Baricho Dispensary,Level 2,Operational,-3.4745903,39.5166723,2,22000,0.76,0.1430688616634187,20.883,semi_arid,1.0,0.0,37.0,7.2,19.5,83.8,84.5,77.3,16.2,74.4,25.6,9.5,9.1,9.6,1.3,8.3,6.2,6.7,1.0,0,5000,99.3,,0,,subcounty_exact,KE003017,Magarini
LAMU,lamu west,HINDI,11409.0,Hindi Magogoni Dispensary,Level 2,Operational,-1.6958246,41.52466,2,11300,0.75,0.12589658173524204,6.666,semi_arid,0.66505807148645,0.33494192851355,16.1,3.5,12.5,90.3,92.5,70.5,9.7,65.9,34.1,7.2,9.0,6.8,2.5,7.2,5.2,6.3,1.0,0,5000,97.9,,0,,subcounty_exact,KE005022,Lamu West
MARSABIT,laisamis,KARGI/SOUTH HORR,12199.0,Kargi Dispensary,Level 2,Operational,3.5244107,39.0710346,2,11000,0.92,0.16039390545423807,0.0,arid,0.9338066961109585,0.06619330388904154,18.9,20.4,25.9,59.3,68.7,67.1,40.7,27.1,72.9,8.3,4.8,5.9,10.0,4.8,6.6,8.1,1.0,1,5000,93.8,66.1,1,,subcounty_exact,KE010048,Laisamis
KILIFI,malindi,JILORE,11244.0,Baolala Dispensary,Level 2,Operational,-3.1796306,39.7858198,2,22000,0.76,0.12831770034594672,8.054,semi_arid,1.0,0.0,37.0,7.2,19.5,83.8,84.5,77.3,16.2,74.4,25.6,9.5,9.1,9.6,1.3,8.3,6.2,6.7,1.0,0,5000,99.3,,1,,subcounty_exact,KE003016,Malindi
KILIFI,magarini,MARAFA,11578.0,Matolani Dispensary,Level 2,Operational,-3.4745903,39.5166723,2,18200,0.76,0.1430688616634187,20.883,semi_arid,1.0,0.0,37.0,7.2,19.5,83.8,84.5,77.3,16.2,74.4,25.6,9.5,9.1,9.6,1.3,8.3,6.2,6.7,1.0,0,5000,99.3,,0,,subcounty_exact,KE003017,Magarini
KILIFI,malindi,MALINDI TOWN,11320.0,Dr Kasamjee Medical Clinic,Level 2,Operational,-3.5226766,39.5291057,2,31200,0.76,0.12831770034594672,17.947,semi_arid,1.0,0.0,37.0,7.2,19.5,83.8,84.5,77.3,16.2,74.4,25.6,9.5,9.1,9.6,1.3,8.3,6.2,6.7,1.0,0,5000,99.3,,0,,subcounty_exact,KE003016,Malindi
KILIFI,kilifi south,JUNJU,11444.0,Junju Dispensary,Level 2,Operational,-3.4745903,39.5166723,2,22000,0.76,0.1265490109662199,20.883,semi_arid,1.0,0.0,37.0,7.2,19.5,83.8,84.5,77.3,16.2,74.4,25.6,9.5,9.1,9.6,1.3,8.3,6.2,6.7,1.0,0,5000,99.3,,1,,subcounty_exact,KE003012,Kilifi South
KILIFI,kilifi north,MNARANI,11447.0,Kadzinuni Dispensary,Level 2,Operational,-3.4745903,39.5166723,2,22000,0.76,0.1288760154851222,20.883,semi_arid,1.0,0.0,37.0,7.2,19.5,83.8,84.5,77.3,16.2,74.4,25.6,9.5,9.1,9.6,1.3,8.3,6.2,6.7,1.0,0,5000,99.3,,0,,subcounty_exact,KE003011,Kilifi North
KILIFI,magarini,ADU,11563.0,Marereni Dispensary,Level 2,Operational,-3.4745903,39.5166723,2,22000,0.76,0.1430688616634187,20.883,semi_arid,1.0,0.0,37.0,7.2,19.5,83.8,84.5,77.3,16.2,74.4,25.6,9.5,9.1,9.6,1.3,8.3,6.2,6.7,1.0,0,5000,99.3,,1,,subcounty_exact,KE003017,Magarini
SAMBURU,samburu east,WASO,15028.0,Lerrata Dispensary,Level 2,Operational,1.0679655,37.231326,2,10200,0.87,0.16415413643525453,13.9,arid,0.0025968215682079013,0.997403178431792,31.4,15.4,30.2,49.1,56.6,56.3,50.9,19.9,80.1,5.8,1.5,2.8,8.8,9.7,10.0,7.8,1.0,1,5000,92.9,71.9,1,,subcounty_exact,KE025135,Samburu East
KILIFI,malindi,MALINDI TOWN,11347.0,Surgery Clinic,Level 2,Operational,-3.1116436,39.5512605,2,31200,0.76,0.12831770034594672,0.063,semi_arid,1.0,0.0,37.0,7.2,19.5,83.8,84.5,77.3,16.2,74.4,25.6,9.5,9.1,9.6,1.3,8.3,6.2,6.7,1.0,0,5000,99.3,,0,,subcounty_exact,KE003016,Malindi
KILIFI,ganze,BAMBA,11609.0,Midoina Dispensary,Level 2,Operational,-3.5440598,39.3154575,2,18900,0.76,0.14612703107594208,28.815,semi_arid,1.0,0.0,37.0,7.2,19.5,83.8,84.5,77.3,16.2,74.4,25.6,9.5,9.1,9.6,1.3,8.3,6.2,6.7,1.0,0,5000,99.3,,1,,subcounty_exact,KE003015,Ganze
KILIFI,ganze,SOKOKE,11305.0,Dida Dispensary,Level 2,Operational,-3.4745903,39.5166723,2,22000,0.76,0.14612703107594208,20.883,semi_arid,1.0,0.0,37.0,7.2,19.5,83.8,84.5,77.3,16.2,74.4,25.6,9.5,9.1,9.6,1.3,8.3,6.2,6.7,1.0,0,5000,99.3,,1,,subcounty_exact,KE003015,Ganze
SAMBURU,samburu north,NYIRO,15757.0,Tuum Dispensary,Level 2,Operational,1.0679655,37.231326,2,8900,0.87,0.16597543681267224,13.9,arid,0.0,1.0,31.4,15.4,30.2,49.1,56.6,56.3,50.9,19.9,80.1,5.8,1.5,2.8,8.8,9.7,10.0,7.8,1.0,1,5000,92.9,71.9,1,,subcounty_exact,KE025134,Samburu North
KILIFI,rabai,MWAWESA,11266.0,Bwagamoyo Dispensary,Level 2,Operational,-3.9401909,39.6447863,2,22000,0.76,0.12527744948257474,11.257,semi_arid,1.0,0.0,37.0,7.2,19.5,83.8,84.5,77.3,16.2,74.4,25.6,9.5,9.1,9.6,1.3,8.3,6.2,6.7,0.0,0,5000,99.3,,1,,subcounty_exact,KE003014,Rabai
KILIFI,rabai,MWAWESA,11498.0,Kombeni Dispensary,Level 2,Operational,-3.4745903,39.5166723,2,22000,0.76,0.12527744948257474,20.883,semi_arid,1.0,0.0,37.0,7.2,19.5,83.8,84.5,77.3,16.2,74.4,25.6,9.5,9.1,9.6,1.3,8.3,6.2,6.7,0.0,0,5000,99.3,,1,,subcounty_exact,KE003014,Rabai
GARISSA,fafi,FAFI,13459.0,Yumbis Dispensary,Level 2,Operational,0.3507864,40.1116395,2,11200,0.85,0.142575550431571,41.666,arid,0.00034280817026139125,0.9996571918297386,9.0,15.3,14.1,61.4,68.1,31.2,38.6,19.7,80.3,7.8,6.0,9.4,10.0,4.9,9.6,8.4,1.0,1,5000,77.5,67.8,1,,subcounty_exact,KE007031,Fafi
LAMU,lamu west,BAHARI,16202.0,Baraka Medical Clinic (Lamu),Level 2,Operational,-2.2934777,40.9135777,2,9600,0.75,0.12589658173524204,2.961,semi_arid,0.66505807148645,0.33494192851355,16.1,3.5,12.5,90.3,92.5,70.5,9.7,65.9,34.1,7.2,9.0,6.8,2.5,7.2,5.2,6.3,1.0,0,5000,97.9,,0,,subcounty_exact,KE005022,Lamu West
KILIFI,kilifi north,SOKONI,11487.0,Kisauni Medical Clinic,Level 2,Operational,-3.5226766,39.5291057,2,22000,0.76,0.1288760154851222,17.947,semi_arid,1.0,0.0,37.0,7.2,19.5,83.8,84.5,77.3,16.2,74.4,25.6,9.5,9.1,9.6,1.3,8.3,6.2,6.7,1.0,0,5000,99.3,,0,,subcounty_exact,KE003011,Kilifi North
KILIFI,rabai,RABAI/KISURUTINI,16186.0,Dagamra Medical Clinic,Level 2,Operational,-3.5226766,39.5291057,2,18700,0.76,0.12527744948257474,17.947,semi_arid,1.0,0.0,37.0,7.2,19.5,83.8,84.5,77.3,16.2,74.4,25.6,9.5,9.1,9.6,1.3,8.3,6.2,6.7,0.0,0,5000,99.3,,1,,subcounty_exact,KE003014,Rabai
ISIOLO,isiolo,NGARE MARA,12647.0,Ngaremara Dispensary,Level 2,Operational,0.2857858,37.5436727,2,18200,0.84,0.1472046236206165,8.725,arid,0.8542403183095184,0.14575968169048165,14.1,7.2,11.5,83.7,85.0,52.9,16.3,51.7,48.3,6.1,4.6,4.0,7.5,7.8,6.9,7.3,1.0,1,5000,99.3,,1,,county_mean,,
LAMU,lamu west,WITU,11733.0,Pandanguo Dispensary,Level 2,Operational,-1.6958246,41.52466,2,12400,0.75,0.12589658173524204,6.666,semi_arid,0.66505807148645,0.33494192851355,16.1,3.5,12.5,90.3,92.5,70.5,9.7,65.9,34.1,7.2,9.0,6.8,2.5,7.2,5.2,6.3,1.0,0,5000,97.9,,0,,subcounty_exact,KE005022,Lamu West
KILIFI,malindi,KAKUYUNI,11236.0,Bakhita Dispensary,Level 2,Operational,-3.4745903,39.5166723,2,22000,0.76,0.12831770034594672,20.883,semi_arid,1.0,0.0,37.0,7.2,19.5,83.8,84.5,77.3,16.2,74.4,25.6,9.5,9.1,9.6,1.3,8.3,6.2,6.7,1.0,0,5000,99.3,,0,,subcounty_exact,KE003016,Malindi
KILIFI,kaloleni,KAYAFUNGO,11859.0,Tsangatsini Dispensary,Level 2,Operational,-3.4745903,39.5166723,2,22000,0.76,0.13836680838586718,20.883,semi_arid,1.0,0.0,37.0,7.2,19.5,83.8,84.5,77.3,16.2,74.4,25.6,9.5,9.1,9.6,1.3,8.3,6.2,6.7,1.0,0,5000,99.3,,0,,subcounty_exact,KE003013,Kaloleni
KWALE,lunga lunga,VANGA,11712.0,Ngathini Dispensary,Level 2,Operational,-4.3959567,39.3108753,2,19800,0.8,0.15456647312342872,12.611,semi_arid,1.0,0.0,22.7,6.2,13.7,84.1,89.3,71.9,15.9,74.0,26.0,9.2,8.5,8.6,2.5,7.8,5.6,6.8,1.0,0,5000,99.3,,3,,subcounty_exact,KE002008,Lunga Lunga
KILIFI,rabai,KAMBE/RIBE,16192.0,Kambe Dispensary,Level 2,Operational,-3.4745903,39.5166723,2,22000,0.76,0.12527744948257474,20.883,semi_arid,1.0,0.0,37.0,7.2,19.5,83.8,84.5,77.3,16.2,74.4,25.6,9.5,9.1,9.6,1.3,8.3,6.2,6.7,0.0,0,5000,99.3,,0,,subcounty_exact,KE003014,Rabai
KILIFI,malindi,GANDA,11298.0,Danrose Clinic,Level 2,Operational,-3.1116436,39.5512605,2,22000,0.76,0.12831770034594672,0.063,semi_arid,1.0,0.0,37.0,7.2,19.5,83.8,84.5,77.3,16.2,74.4,25.6,9.5,9.1,9.6,1.3,8.3,6.2,6.7,1.0,0,5000,99.3,,0,,subcounty_exact,KE003016,Malindi
GARISSA,balambala,BALAMBALA,13319.0,Daley Dispensary,Level 2,Operational,0.3507864,40.1116395,2,12300,0.85,0.1425179211469534,41.666,arid,0.7055406212664277,0.2944593787335723,9.0,15.3,14.1,61.4,68.1,31.2,38.6,19.7,80.3,7.8,6.0,9.4,10.0,4.9,9.6,8.4,1.0,1,5000,77.5,67.8,1,,subcounty_exact,KE007028,Balambala
MARSABIT,laisamis,LOIYANGALANI,12432.0,Loiyangalani Dispensary,Level 2,Operational,3.5244107,39.0710346,2,9600,0.92,0.16039390545423807,0.0,arid,0.9338066961109585,0.06619330388904154,18.9,20.4,25.9,59.3,68.7,67.1,40.7,27.1,72.9,8.3,4.8,5.9,10.0,4.8,6.6,8.1,1.0,1,5000,93.8,66.1,0,,subcounty_exact,KE010048,Laisamis
KILIFI,malindi,MALINDI TOWN,11362.0,Ebenezer Medical Clinic (Malindi),Level 2,Operational,-3.5226766,39.5291057,2,31200,0.76,0.12831770034594672,17.947,semi_arid,1.0,0.0,37.0,7.2,19.5,83.8,84.5,77.3,16.2,74.4,25.6,9.5,9.1,9.6,1.3,8.3,6.2,6.7,1.0,0,5000,99.3,,0,,subcounty_exact,KE003016,Malindi
KILIFI,ganze,SOKOKE,11653.0,Muryachakwe Dispensary,Level 2,Operational,-3.4745903,39.5166723,2,22000,0.76,0.14612703107594208,20.883,semi_arid,1.0,0.0,37.0,7.2,19.5,83.8,84.5,77.3,16.2,74.4,25.6,9.5,9.1,9.6,1.3,8.3,6.2,6.7,1.0,0,5000,99.3,,0,,subcounty_exact,KE003015,Ganze
TANA RIVER,GARSEN,GARSEN NORTH,11586.0,Maziwa Dispensary,Level 2,Operational,-1.0182385,39.793616,2,9800,0.86,0.16186862077990055,18.955,arid,1.0,0.0,21.1,11.3,16.8,51.1,59.2,61.2,48.9,71.3,28.7,7.5,9.7,8.7,10.0,5.9,10.0,8.0,1.0,1,5000,95.3,66.7,1,,subcounty_exact,KE004018,Garsen
MARSABIT,laisamis,KORR/NGURUNIT,12385.0,Korr Dispensary,Level 2,Operational,3.5244107,39.0710346,2,11000,0.92,0.16039390545423807,0.0,arid,0.9338066961109585,0.06619330388904154,18.9,20.4,25.9,59.3,68.7,67.1,40.7,27.1,72.9,8.3,4.8,5.9,10.0,4.8,6.6,8.1,1.0,1,5000,93.8,66.1,1,,subcounty_exact,KE010048,Laisamis
KILIFI,magarini,SABAKI,16523.0,Mwavizi Medical Clinic,Level 2,Operational,-3.5226766,39.5291057,2,22000,0.76,0.1430688616634187,17.947,semi_arid,1.0,0.0,37.0,7.2,19.5,83.8,84.5,77.3,16.2,74.4,25.6,9.5,9.1,9.6,1.3,8.3,6.2,6.7,1.0,0,5000,99.3,,0,,subcounty_exact,KE003017,Magarini
KILIFI,ganze,SOKOKE,11532.0,Madamani Dispensary,Level 2,Operational,-3.4745903,39.5166723,2,22000,0.76,0.14612703107594208,20.883,semi_arid,1.0,0.0,37.0,7.2,19.5,83.8,84.5,77.3,16.2,74.4,25.6,9.5,9.1,9.6,1.3,8.3,6.2,6.7,1.0,0,5000,99.3,,2,,subcounty_exact,KE003015,Ganze
GARISSA,ijara,MASALANI,16659.0,Furqan Dispensary,Level 2,Operational,0.3507864,40.1116395,2,12800,0.85,0.14551991186078128,41.666,arid,1.0,0.0,9.0,15.3,14.1,61.4,68.1,31.2,38.6,19.7,80.3,7.8,6.0,9.4,10.0,4.9,9.6,8.4,1.0,1,5000,77.5,67.8,0,,subcounty_exact,KE007032,Ijara
KILIFI,ganze,BAMBA,16179.0,Maryango Medical Clinic,Level 2,Operational,-3.5226766,39.5291057,2,18900,0.76,0.14612703107594208,17.947,semi_arid,1.0,0.0,37.0,7.2,19.5,83.8,84.5,77.3,16.2,74.4,25.6,9.5,9.1,9.6,1.3,8.3,6.2,6.7,1.0,0,5000,99.3,,0,,subcounty_exact,KE003015,Ganze
KILIFI,kilifi north,MNARANI,11360.0,Dzitsoni Medical Clinic,Level 2,Operational,-3.5226766,39.5291057,2,22000,0.76,0.1288760154851222,17.947,semi_arid,1.0,0.0,37.0,7.2,19.5,83.8,84.5,77.3,16.2,74.4,25.6,9.5,9.1,9.6,1.3,8.3,6.2,6.7,1.0,0,5000,99.3,,0,,subcounty_exact,KE003011,Kilifi North
KILIFI,kilifi south,CHASIMBA,11287.0,Chizi Medical Clinic,Level 2,Operational,-3.5226766,39.5291057,2,22000,0.76,0.1265490109662199,17.947,semi_arid,1.0,0.0,37.0,7.2,19.5,83.8,84.5,77.3,16.2,74.4,25.6,9.5,9.1,9.6,1.3,8.3,6.2,6.7,1.0,0,5000,99.3,,0,,subcounty_exact,KE003012,Kilifi South
LAMU,lamu west,BAHARI,11877.0,Uzima Medical Clinic (Lamu),Level 2,Operational,-2.2934777,40.9135777,2,9600,0.75,0.12589658173524204,2.961,semi_arid,0.66505807148645,0.33494192851355,16.1,3.5,12.5,90.3,92.5,70.5,9.7,65.9,34.1,7.2,9.0,6.8,2.5,7.2,5.2,6.3,1.0,0,5000,97.9,,0,,subcounty_exact,KE005022,Lamu West
KILIFI,rabai,RURUMA,16193.0,Jamii Medical Clinic,Level 2,Operational,-3.5226766,39.5291057,2,22000,0.76,0.12527744948257474,17.947,semi_arid,1.0,0.0,37.0,7.2,19.5,83.8,84.5,77.3,16.2,74.4,25.6,9.5,9.1,9.6,1.3,8.3,6.2,6.7,0.0,0,5000,99.3,,0,,subcounty_exact,KE003014,Rabai
KILIFI,kilifi north,MATSANGONI,11876.0,Uzima Medical Clinic (Kilifi),Level 2,Operational,-3.5226766,39.5291057,2,22000,0.76,0.1288760154851222,17.947,semi_arid,1.0,0.0,37.0,7.2,19.5,83.8,84.5,77.3,16.2,74.4,25.6,9.5,9.1,9.6,1.3,8.3,6.2,6.7,1.0,0,5000,99.3,,0,,subcounty_exact,KE003011,Kilifi North
KILIFI,kilifi north,SOKONI,11663.0,Mtaani Clinic,Level 2,Operational,-3.1116436,39.5512605,2,22000,0.76,0.1288760154851222,0.063,semi_arid,1.0,0.0,37.0,7.2,19.5,83.8,84.5,77.3,16.2,74.4,25.6,9.5,9.1,9.6,1.3,8.3,6.2,6.7,1.0,0,5000,99.3,,0,,subcounty_exact,KE003011,Kilifi North
SAMBURU,samburu east,WAMBA NORTH,15444.0,Oromodei Dispensary,Level 2,Operational,1.0679655,37.231326,2,9800,0.87,0.16415413643525453,13.9,arid,0.0025968215682079013,0.997403178431792,31.4,15.4,30.2,49.1,56.6,56.3,50.9,19.9,80.1,5.8,1.5,2.8,8.8,9.7,10.0,7.8,1.0,1,5000,92.9,71.9,0,,subcounty_exact,KE025135,Samburu East
KWALE,lunga lunga,MWERENI,11691.0,Mwangulu Dispensary,Level 2,Operational,-4.3959567,39.3108753,2,19800,0.8,0.15456647312342872,12.611,semi_arid,1.0,0.0,22.7,6.2,13.7,84.1,89.3,71.9,15.9,74.0,26.0,9.2,8.5,8.6,2.5,7.8,5.6,6.8,1.0,0,5000,99.3,,3,,subcounty_exact,KE002008,Lunga Lunga
KILIFI,kilifi north,SOKONI,11493.0,Kiwandani Dispensary,Level 2,Operational,-3.4745903,39.5166723,2,22000,0.76,0.1288760154851222,20.883,semi_arid,1.0,0.0,37.0,7.2,19.5,83.8,84.5,77.3,16.2,74.4,25.6,9.5,9.1,9.6,1.3,8.3,6.2,6.7,1.0,0,5000,99.3,,1,,subcounty_exact,KE003011,Kilifi North
LAMU,lamu west,WITU,11306.0,Didewaride Dispensary,Level 2,Operational,-1.6958246,41.52466,2,12400,0.75,0.12589658173524204,6.666,semi_arid,0.66505807148645,0.33494192851355,16.1,3.5,12.5,90.3,92.5,70.5,9.7,65.9,34.1,7.2,9.0,6.8,2.5,7.2,5.2,6.3,1.0,0,5000,97.9,,2,,subcounty_exact,KE005022,Lamu West
KILIFI,kilifi north,MATSANGONI,11288.0,Roka Medical Clinic,Level 2,Operational,-3.5226766,39.5291057,2,22000,0.76,0.1288760154851222,17.947,semi_arid,1.0,0.0,37.0,7.2,19.5,83.8,84.5,77.3,16.2,74.4,25.6,9.5,9.1,9.6,1.3,8.3,6.2,6.7,1.0,0,5000,99.3,,0,,subcounty_exact,KE003011,Kilifi North
MANDERA,mandera south,ELWAK SOUTH,13341.0,Fincharo Dispensary,Level 2,Operational,3.16894,40.0978592,2,8700,0.9,0.1904437541067638,213.769,arid,0.5476866233886865,0.45231337661131354,20.5,17.3,23.2,50.4,54.7,40.4,49.6,15.7,84.3,9.6,8.2,1.4,10.0,7.5,6.6,8.5,1.0,1,5000,76.4,72.9,0,,subcounty_exact,KE009042,Mandera South
KILIFI,kilifi north,WATAMU,11894.0,Watamu Community Health Care,Level 2,Operational,-3.9551348,39.7471238,2,22000,0.76,0.1288760154851222,0.476,semi_arid,1.0,0.0,37.0,7.2,19.5,83.8,84.5,77.3,16.2,74.4,25.6,9.5,9.1,9.6,1.3,8.3,6.2,6.7,1.0,0,5000,99.3,,0,,subcounty_exact,KE003011,Kilifi North
KILIFI,kilifi north,TEZO,11848.0,Tezo Community Health Care,Level 2,Operational,-3.9551348,39.7471238,2,22000,0.76,0.1288760154851222,0.476,semi_arid,1.0,0.0,37.0,7.2,19.5,83.8,84.5,77.3,16.2,74.4,25.6,9.5,9.1,9.6,1.3,8.3,6.2,6.7,1.0,0,5000,99.3,,0,,subcounty_exact,KE003011,Kilifi North
TANA RIVER,BURA,SALA,11804.0,Sombo Dispensary,Level 2,Operational,-1.0182385,39.793616,2,10500,0.86,0.1575021369215992,18.955,arid,1.0,0.0,21.1,11.3,16.8,51.1,59.2,61.2,48.9,71.3,28.7,7.5,9.7,8.7,10.0,5.9,10.0,8.0,1.0,1,5000,95.3,66.7,3,,subcounty_exact,KE004020,Bura
KILIFI,magarini,MAGARINI,11559.0,Mambrui Dispensary,Level 2,Operational,-3.4745903,39.5166723,2,24500,0.76,0.1430688616634187,20.883,semi_arid,1.0,0.0,37.0,7.2,19.5,83.8,84.5,77.3,16.2,74.4,25.6,9.5,9.1,9.6,1.3,8.3,6.2,6.7,1.0,0,5000,99.3,,0,,subcounty_exact,KE003017,Magarini
KWALE,matuga,TSIMBA GOLINI,11587.0,Mazumalume Dispensary,Level 2,Operational,-4.2451664,39.4896925,2,19800,0.8,0.13139450546197343,10.891,semi_arid,1.0,0.0,22.7,6.2,13.7,84.1,89.3,71.9,15.9,74.0,26.0,9.2,8.5,8.6,2.5,7.8,5.6,6.8,1.0,0,5000,99.3,,1,,subcounty_exact,KE002009,Matuga
KILIFI,magarini,MAGARINI,11777.0,Sea Breeze Medical Clinic,Level 2,Operational,-3.5226766,39.5291057,2,24500,0.76,0.1430688616634187,17.947,semi_arid,1.0,0.0,37.0,7.2,19.5,83.8,84.5,77.3,16.2,74.4,25.6,9.5,9.1,9.6,1.3,8.3,6.2,6.7,1.0,0,5000,99.3,,0,,subcounty_exact,KE003017,Magarini
TANA RIVER,BURA,BURA,11264.0,Bura  Sub county Hospital,Level 4,Operational,-1.1825263,39.8391173,6,12400,0.86,0.1575021369215992,0.0,arid,1.0,0.0,21.1,11.3,16.8,51.1,59.2,61.2,48.9,71.3,28.7,7.5,9.7,8.7,10.0,5.9,10.0,8.0,1.0,1,5000,95.3,66.7,4,,subcounty_exact,KE004020,Bura
KWALE,lunga lunga,DZOMBO,11558.0,Mamba Dispensary,Level 2,Operational,-4.4591582,39.2436566,2,19800,0.8,0.15456647312342872,18.892,semi_arid,1.0,0.0,22.7,6.2,13.7,84.1,89.3,71.9,15.9,74.0,26.0,9.2,8.5,8.6,2.5,7.8,5.6,6.8,1.0,0,5000,99.3,,3,,subcounty_exact,KE002008,Lunga Lunga
MARSABIT,laisamis,KARGI/SOUTH HORR,12030.0,Gatab Health Centre,Level 3,Operational,2.0027755,37.909047,4,11000,0.92,0.16039390545423807,0.0,arid,0.9338066961109585,0.06619330388904154,18.9,20.4,25.9,59.3,68.7,67.1,40.7,27.1,72.9,8.3,4.8,5.9,10.0,4.8,6.6,8.1,1.0,1,5000,93.8,66.1,1,,subcounty_exact,KE010048,Laisamis
TANA RIVER,BURA,CHEWELE,11284.0,Chewele Dispensary,Level 2,Operational,-1.1578978,39.9517027,2,8100,0.86,0.1575021369215992,12.812,arid,1.0,0.0,21.1,11.3,16.8,51.1,59.2,61.2,48.9,71.3,28.7,7.5,9.7,8.7,10.0,5.9,10.0,8.0,1.0,1,5000,95.3,66.7,1,,subcounty_exact,KE004020,Bura
TANA RIVER,BURA,BANGALE,11242.0,Bangali Dispensary,Level 2,Operational,-1.0182385,39.793616,2,7600,0.86,0.1575021369215992,18.955,arid,1.0,0.0,21.1,11.3,16.8,51.1,59.2,61.2,48.9,71.3,28.7,7.5,9.7,8.7,10.0,5.9,10.0,8.0,1.0,1,5000,95.3,66.7,2,,subcounty_exact,KE004020,Bura
SAMBURU,samburu east,WASO,14212.0,Archers Post Health Centre,Level 3,Operational,1.7416357,37.3081385,4,10200,0.87,0.16415413643525453,0.0,arid,0.0025968215682079013,0.997403178431792,31.4,15.4,30.2,49.1,56.6,56.3,50.9,19.9,80.1,5.8,1.5,2.8,8.8,9.7,10.0,7.8,1.0,1,5000,92.9,71.9,2,,subcounty_exact,KE025135,Samburu East
KILIFI,ganze,SOKOKE,11359.0,Dzikunze Dispensary,Level 2,Operational,-3.4745903,39.5166723,2,22000,0.76,0.14612703107594208,20.883,semi_arid,1.0,0.0,37.0,7.2,19.5,83.8,84.5,77.3,16.2,74.4,25.6,9.5,9.1,9.6,1.3,8.3,6.2,6.7,1.0,0,5000,99.3,,2,,subcounty_exact,KE003015,Ganze
KILIFI,kaloleni,MARIAKANI,11529.0,Mabati Medical Clinic,Level 2,Operational,-3.5226766,39.5291057,2,22000,0.76,0.13836680838586718,17.947,semi_arid,1.0,0.0,37.0,7.2,19.5,83.8,84.5,77.3,16.2,74.4,25.6,9.5,9.1,9.6,1.3,8.3,6.2,6.7,1.0,0,5000,99.3,,0,,subcounty_exact,KE003013,Kaloleni
KILIFI,malindi,SHELLA,11796.0,Siloam Medical Clinic (Malindi),Level 2,Operational,-3.5226766,39.5291057,2,22000,0.76,0.12831770034594672,17.947,semi_arid,1.0,0.0,37.0,7.2,19.5,83.8,84.5,77.3,16.2,74.4,25.6,9.5,9.1,9.6,1.3,8.3,6.2,6.7,1.0,0,5000,99.3,,0,,subcounty_exact,KE003016,Malindi
MARSABIT,saku,MARSABIT CENTRAL,11940.0,Badassa Dispensary,Level 2,Operational,3.5244107,39.0710346,2,16700,0.92,0.14238372663895527,0.0,arid,1.0,0.0,18.9,20.4,25.9,59.3,68.7,67.1,40.7,27.1,72.9,8.3,4.8,5.9,10.0,4.8,6.6,8.1,1.0,1,5000,93.8,66.1,1,,subcounty_exact,KE010047,Saku
LAMU,lamu west,BAHARI,11565.0,Maria Teressa Nuzzo Health Centre,Level 3,Operational,-1.7436736,41.4885244,4,9600,0.75,0.12589658173524204,0.0,semi_arid,0.66505807148645,0.33494192851355,16.1,3.5,12.5,90.3,92.5,70.5,9.7,65.9,34.1,7.2,9.0,6.8,2.5,7.2,5.2,6.3,1.0,0,5000,97.9,,0,,subcounty_exact,KE005022,Lamu West
SAMBURU,samburu east,WAMBA EAST,15768.0,Wamba Health Centre,Level 3,Operational,1.7416357,37.3081385,4,10200,0.87,0.16415413643525453,0.0,arid,0.0025968215682079013,0.997403178431792,31.4,15.4,30.2,49.1,56.6,56.3,50.9,19.9,80.1,5.8,1.5,2.8,8.8,9.7,10.0,7.8,1.0,1,5000,92.9,71.9,3,,subcounty_exact,KE025135,Samburu East
MARSABIT,north horr,NORTH HORR,12668.0,North Horr Health Centre,Level 3,Operational,2.0027755,37.909047,4,8200,0.92,0.11560098828371891,0.0,arid,0.03895154171215453,0.9610484582878455,18.9,20.4,25.9,59.3,68.7,67.1,40.7,27.1,72.9,8.3,4.8,5.9,10.0,4.8,6.6,8.1,1.0,1,5000,93.8,66.1,1,,subcounty_exact,KE010046,North Horr
SAMBURU,samburu north,EL-BARTA,15622.0,South Horr Catholic Health Centre,Level 3,Operational,2.097966,36.9166058,4,10200,0.87,0.16597543681267224,0.0,arid,0.0,1.0,31.4,15.4,30.2,49.1,56.6,56.3,50.9,19.9,80.1,5.8,1.5,2.8,8.8,9.7,10.0,7.8,1.0,1,5000,92.9,71.9,0,,subcounty_exact,KE025134,Samburu North
GARISSA,ijara,MASALANI,13361.0,Hara Health Centre,Level 3,Operational,-0.4492675,39.637581,4,12800,0.85,0.14551991186078128,0.0,arid,1.0,0.0,9.0,15.3,14.1,61.4,68.1,31.2,38.6,19.7,80.3,7.8,6.0,9.4,10.0,4.9,9.6,8.4,1.0,1,5000,77.5,67.8,1,,subcounty_exact,KE007032,Ijara
GARISSA,balambala,SANKURI,13433.0,Sankuri Health Centre,Level 3,Operational,-0.4492675,39.637581,4,12800,0.85,0.1425179211469534,0.0,arid,0.7055406212664277,0.2944593787335723,9.0,15.3,14.1,61.4,68.1,31.2,38.6,19.7,80.3,7.8,6.0,9.4,10.0,4.9,9.6,8.4,1.0,1,5000,77.5,67.8,1,,subcounty_exact,KE007028,Balambala
ISIOLO,merti,CHERAB,12514.0,Merti Health Centre,Level 3,Operational,1.05,38.67,4,12800,0.84,0.1472046236206165,0.0,arid,0.8542403183095184,0.14575968169048165,14.1,7.2,11.5,83.7,85.0,52.9,16.3,51.7,48.3,6.1,4.6,4.0,7.5,7.8,6.9,7.3,1.0,1,5000,99.3,,1,,county_mean,,
GARISSA,ijara,IJARA,13370.0,Ijara Health Centre,Level 3,Operational,-1.5990447,40.5105691,4,9800,0.85,0.14551991186078128,0.0,arid,1.0,0.0,9.0,15.3,14.1,61.4,68.1,31.2,38.6,19.7,80.3,7.8,6.0,9.4,10.0,4.9,9.6,8.4,1.0,1,5000,77.5,67.8,2,,subcounty_exact,KE007032,Ijara
GARISSA,balambala,SANKURI,13443.0,Shimbrey Dispensary,Level 2,Operational,0.3507864,40.1116395,2,12800,0.85,0.1425179211469534,41.666,arid,0.7055406212664277,0.2944593787335723,9.0,15.3,14.1,61.4,68.1,31.2,38.6,19.7,80.3,7.8,6.0,9.4,10.0,4.9,9.6,8.4,1.0,1,5000,77.5,67.8,1,,subcounty_exact,KE007028,Balambala
TANA RIVER,GARSEN,GARSEN WEST,11385.0,Garsen Health Centre,Level 3,Operational,-1.821,40.112,4,10500,0.86,0.16186862077990055,0.0,arid,1.0,0.0,21.1,11.3,16.8,51.1,59.2,61.2,48.9,71.3,28.7,7.5,9.7,8.7,10.0,5.9,10.0,8.0,1.0,1,5000,95.3,66.7,1,,subcounty_exact,KE004018,Garsen
KILIFI,kilifi north,DABASO,11387.0,Gede Health Centre,Level 3,Operational,-3.305,39.978,4,22000,0.76,0.1288760154851222,0.0,semi_arid,1.0,0.0,37.0,7.2,19.5,83.8,84.5,77.3,16.2,74.4,25.6,9.5,9.1,9.6,1.3,8.3,6.2,6.7,1.0,0,5000,99.3,,2,,subcounty_exact,KE003011,Kilifi North
SAMBURU,samburu east,WAMBA WEST,15355.0,Ngutuk-Engiron Dispensary,Level 2,Operational,1.0679655,37.231326,2,11400,0.87,0.16415413643525453,13.9,arid,0.0025968215682079013,0.997403178431792,31.4,15.4,30.2,49.1,56.6,56.3,50.9,19.9,80.1,5.8,1.5,2.8,8.8,9.7,10.0,7.8,1.0,1,5000,92.9,71.9,1,,subcounty_exact,KE025135,Samburu East
KWALE,matuga,KUBO SOUTH,11787.0,Shimba Hills Health Centre,Level 3,Operational,-4.3573108,39.4180255,4,19800,0.8,0.13139450546197343,0.0,semi_arid,1.0,0.0,22.7,6.2,13.7,84.1,89.3,71.9,15.9,74.0,26.0,9.2,8.5,8.6,2.5,7.8,5.6,6.8,1.0,0,5000,99.3,,0,,subcounty_exact,KE002009,Matuga
KWALE,lunga lunga,PONGWE/KIKOKENI,11472.0,Kikoneni Health Centre,Level 3,Operational,-4.2490657,39.5878312,4,19800,0.8,0.15456647312342872,0.0,semi_arid,1.0,0.0,22.7,6.2,13.7,84.1,89.3,71.9,15.9,74.0,26.0,9.2,8.5,8.6,2.5,7.8,5.6,6.8,1.0,0,5000,99.3,,3,,subcounty_exact,KE002008,Lunga Lunga
SAMBURU,samburu east,WAMBA EAST,15769.0,Catholic Hospital Wamba,Level 4,Operational,0.9789405,37.3190914,6,10200,0.87,0.16415413643525453,0.0,arid,0.0025968215682079013,0.997403178431792,31.4,15.4,30.2,49.1,56.6,56.3,50.9,19.9,80.1,5.8,1.5,2.8,8.8,9.7,10.0,7.8,1.0,1,5000,92.9,71.9,0,,subcounty_exact,KE025135,Samburu East
GARISSA,dadaab,DAMAJALE,13320.0,Damajaley Dispensary,Level 2,Operational,0.3507864,40.1116395,2,12800,0.85,0.1428075264425628,41.666,arid,3.2158787227816065e-06,0.9999967841212772,9.0,15.3,14.1,61.4,68.1,31.2,38.6,19.7,80.3,7.8,6.0,9.4,10.0,4.9,9.6,8.4,1.0,1,5000,77.5,67.8,1,,subcounty_exact,KE007030,Dadaab
KILIFI,kilifi south,MWARAKAYA,11497.0,Kizingo Health Centre,Level 3,Operational,-3.4754826,39.7474738,4,22000,0.76,0.1265490109662199,0.0,semi_arid,1.0,0.0,37.0,7.2,19.5,83.8,84.5,77.3,16.2,74.4,25.6,9.5,9.1,9.6,1.3,8.3,6.2,6.7,1.0,0,5000,99.3,,2,,subcounty_exact,KE003012,Kilifi South
KILIFI,kaloleni,KALOLENI,16184.0,Bombululu Medical Clinic,Level 2,Operational,-3.5226766,39.5291057,2,23400,0.76,0.13836680838586718,17.947,semi_arid,1.0,0.0,37.0,7.2,19.5,83.8,84.5,77.3,16.2,74.4,25.6,9.5,9.1,9.6,1.3,8.3,6.2,6.7,1.0,0,5000,99.3,,0,,subcounty_exact,KE003013,Kaloleni
MARSABIT,moyale,OBBU,11985.0,Dambalafachana Health Centre,Level 3,Operational,2.0027755,37.909047,4,11000,0.92,0.1650847170987961,0.0,arid,0.0819002420488537,0.9180997579511463,18.9,20.4,25.9,59.3,68.7,67.1,40.7,27.1,72.9,8.3,4.8,5.9,10.0,4.8,6.6,8.1,1.0,1,5000,93.8,66.1,1,,subcounty_exact,KE010045,Moyale
GARISSA,dadaab,ABAKAILE,13434.0,Saretho Health Centre,Level 3,Operational,-0.023024,40.1376008,4,12800,0.85,0.1428075264425628,0.0,arid,3.2158787227816065e-06,0.9999967841212772,9.0,15.3,14.1,61.4,68.1,31.2,38.6,19.7,80.3,7.8,6.0,9.4,10.0,4.9,9.6,8.4,1.0,1,5000,77.5,67.8,1,,subcounty_exact,KE007030,Dadaab
GARISSA,balambala,SANKURI,13422.0,Raya Dispensary,Level 2,Operational,0.3507864,40.1116395,2,12800,0.85,0.1425179211469534,41.666,arid,0.7055406212664277,0.2944593787335723,9.0,15.3,14.1,61.4,68.1,31.2,38.6,19.7,80.3,7.8,6.0,9.4,10.0,4.9,9.6,8.4,1.0,1,5000,77.5,67.8,1,,subcounty_exact,KE007028,Balambala
MARSABIT,moyale,URAN,12828.0,Uran Health Centre,Level 3,Operational,2.0027755,37.909047,4,11000,0.92,0.1650847170987961,0.0,arid,0.0819002420488537,0.9180997579511463,18.9,20.4,25.9,59.3,68.7,67.1,40.7,27.1,72.9,8.3,4.8,5.9,10.0,4.8,6.6,8.1,1.0,1,5000,93.8,66.1,1,,subcounty_exact,KE010045,Moyale
GARISSA,lagdera,BENANE,13305.0,Benane Health Centre,Level 3,Operational,-0.4492675,39.637581,4,12800,0.85,0.14246651497129856,0.0,arid,0.7609505093861509,0.23904949061384906,9.0,15.3,14.1,61.4,68.1,31.2,38.6,19.7,80.3,7.8,6.0,9.4,10.0,4.9,9.6,8.4,1.0,1,5000,77.5,67.8,3,,subcounty_exact,KE007029,Lagdera
MARSABIT,saku,SAGANTE/JALDESA,12741.0,Songa Health Centre,Level 3,Operational,2.0027755,37.909047,4,11000,0.92,0.14238372663895527,0.0,arid,1.0,0.0,18.9,20.4,25.9,59.3,68.7,67.1,40.7,27.1,72.9,8.3,4.8,5.9,10.0,4.8,6.6,8.1,1.0,1,5000,93.8,66.1,1,,subcounty_exact,KE010047,Saku
GARISSA,ijara,MASALANI,13385.0,Kotile Health Centre,Level 3,Operational,-0.4492675,39.637581,4,12800,0.85,0.14551991186078128,0.0,arid,1.0,0.0,9.0,15.3,14.1,61.4,68.1,31.2,38.6,19.7,80.3,7.8,6.0,9.4,10.0,4.9,9.6,8.4,1.0,1,5000,77.5,67.8,1,,subcounty_exact,KE007032,Ijara
KWALE,msambweni,GAMBATO BONGWE,11304.0,Diani Health Centre,Level 3,Operational,-4.2490657,39.5878312,4,19800,0.8,0.1214771089299197,0.0,semi_arid,1.0,0.0,22.7,6.2,13.7,84.1,89.3,71.9,15.9,74.0,26.0,9.2,8.5,8.6,2.5,7.8,5.6,6.8,1.0,0,5000,99.3,,1,,subcounty_exact,KE002007,Msambweni
MARSABIT,moyale,SOLOLO,12708.0,Ramata Health Centre,Level 3,Operational,2.0027755,37.909047,4,11000,0.92,0.1650847170987961,0.0,arid,0.0819002420488537,0.9180997579511463,18.9,20.4,25.9,59.3,68.7,67.1,40.7,27.1,72.9,8.3,4.8,5.9,10.0,4.8,6.6,8.1,1.0,1,5000,93.8,66.1,0,,subcounty_exact,KE010045,Moyale
TANA RIVER,GALOLE,CHEWANI,11411.0,Hola District Hospital,Level 4,Operational,-1.498,40.032,6,10500,0.86,0.16477542855605093,0.0,arid,1.0,0.0,21.1,11.3,16.8,51.1,59.2,61.2,48.9,71.3,28.7,7.5,9.7,8.7,10.0,5.9,10.0,8.0,1.0,1,5000,95.3,66.7,0,,subcounty_exact,KE004019,Galole
MARSABIT,saku,SAGANTE/JALDESA,12470.0,Manyatta Jillo Health Centre,Level 3,Operational,2.0027755,37.909047,4,11000,0.92,0.14238372663895527,0.0,arid,1.0,0.0,18.9,20.4,25.9,59.3,68.7,67.1,40.7,27.1,72.9,8.3,4.8,5.9,10.0,4.8,6.6,8.1,1.0,1,5000,93.8,66.1,1,,subcounty_exact,KE010047,Saku
GARISSA,balambala,DANYERE,13324.0,Danyere Health Centre,Level 3,Operational,-0.4492675,39.637581,4,12800,0.85,0.1425179211469534,0.0,arid,0.7055406212664277,0.2944593787335723,9.0,15.3,14.1,61.4,68.1,31.2,38.6,19.7,80.3,7.8,6.0,9.4,10.0,4.9,9.6,8.4,1.0,1,5000,77.5,67.8,1,,subcounty_exact,KE007028,Balambala
GARISSA,garissa,GALBET,13408.0,Medina Health Centre,Level 3,Operational,-0.4492675,39.637581,4,12800,0.85,0.14363793869304695,0.0,arid,0.5778061924502605,0.42219380754973956,9.0,15.3,14.1,61.4,68.1,31.2,38.6,19.7,80.3,7.8,6.0,9.4,10.0,4.9,9.6,8.4,1.0,1,5000,77.5,67.8,2,,county_mean,,
GARISSA,dadaab,LIBOI,13386.0,Kulan Health Centre,Level 3,Operational,-0.4492675,39.637581,4,12800,0.85,0.1428075264425628,0.0,arid,3.2158787227816065e-06,0.9999967841212772,9.0,15.3,14.1,61.4,68.1,31.2,38.6,19.7,80.3,7.8,6.0,9.4,10.0,4.9,9.6,8.4,1.0,1,5000,77.5,67.8,1,,subcounty_exact,KE007030,Dadaab
MARSABIT,moyale,URAN,12840.0,Walda Health Centre,Level 3,Operational,2.0027755,37.909047,4,11000,0.92,0.1650847170987961,0.0,arid,0.0819002420488537,0.9180997579511463,18.9,20.4,25.9,59.3,68.7,67.1,40.7,27.1,72.9,8.3,4.8,5.9,10.0,4.8,6.6,8.1,1.0,1,5000,93.8,66.1,1,,subcounty_exact,KE010045,Moyale
KWALE,matuga,MKONGANI,11629.0,Mkongani Health Centre,Level 3,Operational,-4.2909777,39.2678301,4,19800,0.8,0.13139450546197343,0.0,semi_arid,1.0,0.0,22.7,6.2,13.7,84.1,89.3,71.9,15.9,74.0,26.0,9.2,8.5,8.6,2.5,7.8,5.6,6.8,1.0,0,5000,99.3,,1,,subcounty_exact,KE002009,Matuga
SAMBURU,samburu north,EL-BARTA,15144.0,Marti Dispensary,Level 2,Operational,1.0679655,37.231326,2,10200,0.87,0.16597543681267224,13.9,arid,0.0,1.0,31.4,15.4,30.2,49.1,56.6,56.3,50.9,19.9,80.1,5.8,1.5,2.8,8.8,9.7,10.0,7.8,1.0,1,5000,92.9,71.9,1,,subcounty_exact,KE025134,Samburu North
MARSABIT,moyale,BUTIYE,12740.0,Somare Dispensary,Level 2,Operational,3.5244107,39.0710346,2,11000,0.92,0.1650847170987961,0.0,arid,0.0819002420488537,0.9180997579511463,18.9,20.4,25.9,59.3,68.7,67.1,40.7,27.1,72.9,8.3,4.8,5.9,10.0,4.8,6.6,8.1,1.0,1,5000,93.8,66.1,1,,subcounty_exact,KE010045,Moyale
KWALE,kinango,NDAVAYA,11701.0,Ndavaya Health centre,Level 3,Operational,-4.2490657,39.5878312,4,19800,0.8,0.16069809559414464,0.0,semi_arid,1.0,0.0,22.7,6.2,13.7,84.1,89.3,71.9,15.9,74.0,26.0,9.2,8.5,8.6,2.5,7.8,5.6,6.8,1.0,0,5000,99.3,,1,,subcounty_exact,KE002010,Kinango
KILIFI,malindi,JILORE,11452.0,Kakoneni Dispensary,Level 2,Operational,-3.4745903,39.5166723,2,22000,0.76,0.12831770034594672,20.883,semi_arid,1.0,0.0,37.0,7.2,19.5,83.8,84.5,77.3,16.2,74.4,25.6,9.5,9.1,9.6,1.3,8.3,6.2,6.7,1.0,0,5000,99.3,,0,,subcounty_exact,KE003016,Malindi
KWALE,matuga,WaaNgombeni,11581.0,Matuga Dispensary,Level 2,Operational,-4.1681352,39.5709169,2,19800,0.8,0.13139450546197343,9.192,semi_arid,1.0,0.0,22.7,6.2,13.7,84.1,89.3,71.9,15.9,74.0,26.0,9.2,8.5,8.6,2.5,7.8,5.6,6.8,1.0,0,5000,99.3,,1,,subcounty_exact,KE002009,Matuga
ISIOLO,isiolo,WABERA,12094.0,Isiolo District Hospital,Level 4,Operational,0.3542,37.5821,6,18900,0.84,0.1472046236206165,0.0,arid,0.8542403183095184,0.14575968169048165,14.1,7.2,11.5,83.7,85.0,52.9,16.3,51.7,48.3,6.1,4.6,4.0,7.5,7.8,6.9,7.3,1.0,1,5000,99.3,,1,,county_mean,,
KILIFI,kilifi south,MTEPENI,11255.0,Bomani Dispensary,Level 2,Operational,-3.4745903,39.5166723,2,22000,0.76,0.1265490109662199,20.883,semi_arid,1.0,0.0,37.0,7.2,19.5,83.8,84.5,77.3,16.2,74.4,25.6,9.5,9.1,9.6,1.3,8.3,6.2,6.7,1.0,0,5000,99.3,,0,,subcounty_exact,KE003012,Kilifi South
KILIFI,magarini,ADU,11753.0,Ramada Dispensary,Level 2,Operational,-3.4745903,39.5166723,2,22000,0.76,0.1430688616634187,20.883,semi_arid,1.0,0.0,37.0,7.2,19.5,83.8,84.5,77.3,16.2,74.4,25.6,9.5,9.1,9.6,1.3,8.3,6.2,6.7,1.0,0,5000,99.3,,0,,subcounty_exact,KE003017,Magarini
MANDERA,mandera south,ELWAK NORTH,13335.0,Mandera Central Sub county Hospital,Level 4,Operational,3.9420918,41.8614143,6,10200,0.9,0.1904437541067638,0.0,arid,0.5476866233886865,0.45231337661131354,20.5,17.3,23.2,50.4,54.7,40.4,49.6,15.7,84.3,9.6,8.2,1.4,10.0,7.5,6.6,8.5,1.0,1,5000,76.4,72.9,0,,subcounty_exact,KE009042,Mandera South
LAMU,lamu east,KIUNGA,11628.0,Mkokoni Dispensary,Level 2,Operational,-1.6958246,41.52466,2,12800,0.75,0.11947817786498383,6.666,semi_arid,0.0,1.0,16.1,3.5,12.5,90.3,92.5,70.5,9.7,65.9,34.1,7.2,9.0,6.8,2.5,7.2,5.2,6.3,1.0,0,5000,97.9,,0,,subcounty_exact,KE005021,Lamu East
LAMU,lamu east,KIUNGA,11700.0,Ndau Dispensary,Level 2,Operational,-1.6958246,41.52466,2,12800,0.75,0.11947817786498383,6.666,semi_arid,0.0,1.0,16.1,3.5,12.5,90.3,92.5,70.5,9.7,65.9,34.1,7.2,9.0,6.8,2.5,7.2,5.2,6.3,1.0,0,5000,97.9,,0,,subcounty_exact,KE005021,Lamu East
KWALE,kinango,CHENGONI/SAMBURU,11794.0,Silaloni Dispensary,Level 2,Operational,-4.3959567,39.3108753,2,19800,0.8,0.16069809559414464,12.611,semi_arid,1.0,0.0,22.7,6.2,13.7,84.1,89.3,71.9,15.9,74.0,26.0,9.2,8.5,8.6,2.5,7.8,5.6,6.8,1.0,0,5000,99.3,,1,,subcounty_exact,KE002010,Kinango
KILIFI,magarini,GARASHI,11297.0,Dagamra Dispensary,Level 2,Operational,-3.4745903,39.5166723,2,22000,0.76,0.1430688616634187,20.883,semi_arid,1.0,0.0,37.0,7.2,19.5,83.8,84.5,77.3,16.2,74.4,25.6,9.5,9.1,9.6,1.3,8.3,6.2,6.7,1.0,0,5000,99.3,,1,,subcounty_exact,KE003017,Magarini
MARSABIT,moyale,MOYALE TOWNSHIP,12544.0,Moyale Sub county Referral  Hospital,Level 4,Operational,2.3238476,37.9910718,6,18900,0.92,0.1650847170987961,0.0,arid,0.0819002420488537,0.9180997579511463,18.9,20.4,25.9,59.3,68.7,67.1,40.7,27.1,72.9,8.3,4.8,5.9,10.0,4.8,6.6,8.1,1.0,1,5000,93.8,66.1,0,,subcounty_exact,KE010045,Moyale
KWALE,matuga,MKONGANI,11495.0,Kizibe Dispensary,Level 2,Operational,-4.2557882,39.3012101,2,19800,0.8,0.13139450546197343,5.386,semi_arid,1.0,0.0,22.7,6.2,13.7,84.1,89.3,71.9,15.9,74.0,26.0,9.2,8.5,8.6,2.5,7.8,5.6,6.8,1.0,0,5000,99.3,,0,,subcounty_exact,KE002009,Matuga
GARISSA,balambala,SAKA,13430.0,Saka Health Centre,Level 3,Operational,-0.4492675,39.637581,4,12800,0.85,0.1425179211469534,0.0,arid,0.7055406212664277,0.2944593787335723,9.0,15.3,14.1,61.4,68.1,31.2,38.6,19.7,80.3,7.8,6.0,9.4,10.0,4.9,9.6,8.4,1.0,1,5000,77.5,67.8,1,,subcounty_exact,KE007028,Balambala
GARISSA,dadaab,LIBOI,13398.0,Liboi Health Centre,Level 3,Operational,-0.4492675,39.637581,4,12800,0.85,0.1428075264425628,0.0,arid,3.2158787227816065e-06,0.9999967841212772,9.0,15.3,14.1,61.4,68.1,31.2,38.6,19.7,80.3,7.8,6.0,9.4,10.0,4.9,9.6,8.4,1.0,1,5000,77.5,67.8,2,,subcounty_exact,KE007030,Dadaab
KILIFI,kaloleni,MARIAKANI,16189.0,Shangia Dispensary,Level 2,Operational,-3.4745903,39.5166723,2,22000,0.76,0.13836680838586718,20.883,semi_arid,1.0,0.0,37.0,7.2,19.5,83.8,84.5,77.3,16.2,74.4,25.6,9.5,9.1,9.6,1.3,8.3,6.2,6.7,1.0,0,5000,99.3,,0,,subcounty_exact,KE003013,Kaloleni
MANDERA,mandera west,TAKABA,13445.0,Mandera West Sub County Hospital,Level 4,Operational,3.9420918,41.8614143,6,12100,0.9,0.2104910595345934,0.0,arid,1.0,0.0,20.5,17.3,23.2,50.4,54.7,40.4,49.6,15.7,84.3,9.6,8.2,1.4,10.0,7.5,6.6,8.5,1.0,1,5000,76.4,72.9,1,,subcounty_exact,KE009039,Mandera West
TANA RIVER,GALOLE,CHEWANI,11283.0,Chewani Dispensary,Level 2,Operational,-1.0182385,39.793616,2,10500,0.86,0.16477542855605093,18.955,arid,1.0,0.0,21.1,11.3,16.8,51.1,59.2,61.2,48.9,71.3,28.7,7.5,9.7,8.7,10.0,5.9,10.0,8.0,1.0,1,5000,95.3,66.7,2,,subcounty_exact,KE004019,Galole
KILIFI,magarini,GARASHI,11384.0,Garashi Dispensary,Level 2,Operational,-3.4745903,39.5166723,2,22000,0.76,0.1430688616634187,20.883,semi_arid,1.0,0.0,37.0,7.2,19.5,83.8,84.5,77.3,16.2,74.4,25.6,9.5,9.1,9.6,1.3,8.3,6.2,6.7,1.0,0,5000,99.3,,0,,subcounty_exact,KE003017,Magarini
KILIFI,magarini,GONGONI,11401.0,Gongoni Health Centre,Level 3,Operational,-3.4754826,39.7474738,4,22000,0.76,0.1430688616634187,0.0,semi_arid,1.0,0.0,37.0,7.2,19.5,83.8,84.5,77.3,16.2,74.4,25.6,9.5,9.1,9.6,1.3,8.3,6.2,6.7,1.0,0,5000,99.3,,1,,subcounty_exact,KE003017,Magarini
KILIFI,magarini,MARAFA,11562.0,Marafa Health Centre,Level 3,Operational,-3.4754826,39.7474738,4,18200,0.76,0.1430688616634187,0.0,semi_arid,1.0,0.0,37.0,7.2,19.5,83.8,84.5,77.3,16.2,74.4,25.6,9.5,9.1,9.6,1.3,8.3,6.2,6.7,1.0,0,5000,99.3,,0,,subcounty_exact,KE003017,Magarini
GARISSA,dadaab,DERTU,13327.0,Dertu Health Centre,Level 3,Operational,-0.4492675,39.637581,4,12800,0.85,0.1428075264425628,0.0,arid,3.2158787227816065e-06,0.9999967841212772,9.0,15.3,14.1,61.4,68.1,31.2,38.6,19.7,80.3,7.8,6.0,9.4,10.0,4.9,9.6,8.4,1.0,1,5000,77.5,67.8,0,,subcounty_exact,KE007030,Dadaab
KWALE,kinango,KASEMENI,11585.0,Mazeras Health centre,Level 3,Operational,-4.2490657,39.5878312,4,19800,0.8,0.16069809559414464,0.0,semi_arid,1.0,0.0,22.7,6.2,13.7,84.1,89.3,71.9,15.9,74.0,26.0,9.2,8.5,8.6,2.5,7.8,5.6,6.8,1.0,0,5000,99.3,,0,,subcounty_exact,KE002010,Kinango
GARISSA,fafi,NANIGHI,13413.0,Nanighi Health Centre,Level 3,Operational,-0.4492675,39.637581,4,12800,0.85,0.142575550431571,0.0,arid,0.00034280817026139125,0.9996571918297386,9.0,15.3,14.1,61.4,68.1,31.2,38.6,19.7,80.3,7.8,6.0,9.4,10.0,4.9,9.6,8.4,1.0,1,5000,77.5,67.8,0,,subcounty_exact,KE007031,Fafi
KWALE,lunga lunga,PONGWE/KIKOKENI,11633.0,Mkwiro Dispensary,Level 2,Operational,-4.3959567,39.3108753,2,19800,0.8,0.15456647312342872,12.611,semi_arid,1.0,0.0,22.7,6.2,13.7,84.1,89.3,71.9,15.9,74.0,26.0,9.2,8.5,8.6,2.5,7.8,5.6,6.8,1.0,0,5000,99.3,,0,,subcounty_exact,KE002008,Lunga Lunga
LAMU,lamu west,WITU,11907.0,Witu Health Centre,Level 3,Operational,-2.385,40.435,4,12400,0.75,0.12589658173524204,0.0,semi_arid,0.66505807148645,0.33494192851355,16.1,3.5,12.5,90.3,92.5,70.5,9.7,65.9,34.1,7.2,9.0,6.8,2.5,7.2,5.2,6.3,1.0,0,5000,97.9,,0,,subcounty_exact,KE005022,Lamu West
MARSABIT,north horr,MAIKONA,12019.0,Forolle Dispensary,Level 2,Operational,3.5244107,39.0710346,2,11000,0.92,0.11560098828371891,0.0,arid,0.03895154171215453,0.9610484582878455,18.9,20.4,25.9,59.3,68.7,67.1,40.7,27.1,72.9,8.3,4.8,5.9,10.0,4.8,6.6,8.1,1.0,1,5000,93.8,66.1,0,,subcounty_exact,KE010046,North Horr
GARISSA,fafi,JARAJILA,13282.0,Alinjugur Health Centre,Level 3,Operational,-0.4492675,39.637581,4,12800,0.85,0.142575550431571,0.0,arid,0.00034280817026139125,0.9996571918297386,9.0,15.3,14.1,61.4,68.1,31.2,38.6,19.7,80.3,7.8,6.0,9.4,10.0,4.9,9.6,8.4,1.0,1,5000,77.5,67.8,1,,subcounty_exact,KE007031,Fafi
KWALE,lunga lunga,DZOMBO,16549.0,Mwananyamala (CDF) Dispensary,Level 2,Operational,-4.4360225,39.2658107,2,19800,0.8,0.15456647312342872,16.13,semi_arid,1.0,0.0,22.7,6.2,13.7,84.1,89.3,71.9,15.9,74.0,26.0,9.2,8.5,8.6,2.5,7.8,5.6,6.8,1.0,0,5000,99.3,,1,,subcounty_exact,KE002008,Lunga Lunga
KWALE,matuga,WaaNgombeni,11714.0,Ng'ombeni Dispensary,Level 2,Operational,-4.3959567,39.3108753,2,19800,0.8,0.13139450546197343,12.611,semi_arid,1.0,0.0,22.7,6.2,13.7,84.1,89.3,71.9,15.9,74.0,26.0,9.2,8.5,8.6,2.5,7.8,5.6,6.8,1.0,0,5000,99.3,,2,,subcounty_exact,KE002009,Matuga
KILIFI,rabai,KAMBE/RIBE,11756.0,Ribe Dispensary,Level 2,Operational,-3.4745903,39.5166723,2,22000,0.76,0.12527744948257474,20.883,semi_arid,1.0,0.0,37.0,7.2,19.5,83.8,84.5,77.3,16.2,74.4,25.6,9.5,9.1,9.6,1.3,8.3,6.2,6.7,0.0,0,5000,99.3,,1,,subcounty_exact,KE003014,Rabai
ISIOLO,garbatulla,GARBA TULLA,12029.0,Garbatulla District Hospital,Level 4,Operational,0.32,38.52,6,12800,0.84,0.1472046236206165,0.0,arid,0.8542403183095184,0.14575968169048165,14.1,7.2,11.5,83.7,85.0,52.9,16.3,51.7,48.3,6.1,4.6,4.0,7.5,7.8,6.9,7.3,1.0,1,5000,99.3,,3,,county_mean,,
SAMBURU,samburu central,LODOKEJEK,15017.0,Ledero Dispensary,Level 2,Operational,1.0679655,37.231326,2,10200,0.87,0.16191447860565616,13.9,arid,0.0008656071894026338,0.9991343928105975,31.4,15.4,30.2,49.1,56.6,56.3,50.9,19.9,80.1,5.8,1.5,2.8,8.8,9.7,10.0,7.8,1.0,1,5000,92.9,71.9,0,,county_mean,,
GARISSA,garissa,WABERI,13346.0,Garissa County Referral Hospital,Level 5,Operational,-0.4532,39.646,8,12800,0.85,0.14363793869304695,0.0,arid,0.5778061924502605,0.42219380754973956,9.0,15.3,14.1,61.4,68.1,31.2,38.6,19.7,80.3,7.8,6.0,9.4,10.0,4.9,9.6,8.4,1.0,1,5000,77.5,67.8,1,,county_mean,,
GARISSA,lagdera,MAALAMIN,13411.0,Modogashe Sub-County Hospital,Level 4,Operational,0.7333109,39.1856628,6,12800,0.85,0.14246651497129856,0.0,arid,0.7609505093861509,0.23904949061384906,9.0,15.3,14.1,61.4,68.1,31.2,38.6,19.7,80.3,7.8,6.0,9.4,10.0,4.9,9.6,8.4,1.0,1,5000,77.5,67.8,0,,subcounty_exact,KE007029,Lagdera
ISIOLO,isiolo,BULLA PESA,16219.0,Kambi Ya Juu Catholic Dispensary (Isiolo),Level 2,Operational,0.3962497,37.5964538,2,12800,0.84,0.1472046236206165,4.941,arid,0.8542403183095184,0.14575968169048165,14.1,7.2,11.5,83.7,85.0,52.9,16.3,51.7,48.3,6.1,4.6,4.0,7.5,7.8,6.9,7.3,1.0,1,5000,99.3,,0,,county_mean,,
KILIFI,rabai,RABAI/KISURUTINI,11748.0,Rabai Rural Health Demonstration Centre,Level 3,Operational,-3.4754826,39.7474738,4,18700,0.76,0.12527744948257474,0.0,semi_arid,1.0,0.0,37.0,7.2,19.5,83.8,84.5,77.3,16.2,74.4,25.6,9.5,9.1,9.6,1.3,8.3,6.2,6.7,0.0,0,5000,99.3,,2,,subcounty_exact,KE003014,Rabai
TANA RIVER,GALOLE,CHEWANI,11548.0,Makere Dispensary,Level 2,Operational,-1.3316445,39.9978459,2,10500,0.86,0.16477542855605093,18.883,arid,1.0,0.0,21.1,11.3,16.8,51.1,59.2,61.2,48.9,71.3,28.7,7.5,9.7,8.7,10.0,5.9,10.0,8.0,1.0,1,5000,95.3,66.7,2,,subcounty_exact,KE004019,Galole
KWALE,lunga lunga,VANGA,11879.0,Vanga Health Centre,Level 3,Operational,-4.2490657,39.5878312,4,19800,0.8,0.15456647312342872,0.0,semi_arid,1.0,0.0,22.7,6.2,13.7,84.1,89.3,71.9,15.9,74.0,26.0,9.2,8.5,8.6,2.5,7.8,5.6,6.8,1.0,0,5000,99.3,,2,,subcounty_exact,KE002008,Lunga Lunga
MARSABIT,moyale,GOLBO,11982.0,Dabel Health Centre (Moyale),Level 3,Operational,2.0027755,37.909047,4,11000,0.92,0.1650847170987961,0.0,arid,0.0819002420488537,0.9180997579511463,18.9,20.4,25.9,59.3,68.7,67.1,40.7,27.1,72.9,8.3,4.8,5.9,10.0,4.8,6.6,8.1,1.0,1,5000,93.8,66.1,0,,subcounty_exact,KE010045,Moyale
LAMU,lamu east,KIUNGA,11492.0,Kiunga Health Centre,Level 3,Operational,-1.7436736,41.4885244,4,12800,0.75,0.11947817786498383,0.0,semi_arid,0.0,1.0,16.1,3.5,12.5,90.3,92.5,70.5,9.7,65.9,34.1,7.2,9.0,6.8,2.5,7.2,5.2,6.3,1.0,0,5000,97.9,,0,,subcounty_exact,KE005021,Lamu East
TANA RIVER,BURA,MADOGO,11635.0,Mlanjo Dispensary,Level 2,Operational,-1.0182385,39.793616,2,8900,0.86,0.1575021369215992,18.955,arid,1.0,0.0,21.1,11.3,16.8,51.1,59.2,61.2,48.9,71.3,28.7,7.5,9.7,8.7,10.0,5.9,10.0,8.0,1.0,1,5000,95.3,66.7,1,,subcounty_exact,KE004020,Bura
TANA RIVER,GARSEN,GARSEN NORTH,11901.0,Wema Catholic Dispensary,Level 2,Operational,-2.2189976,40.1781074,2,9800,0.86,0.16186862077990055,44.861,arid,1.0,0.0,21.1,11.3,16.8,51.1,59.2,61.2,48.9,71.3,28.7,7.5,9.7,8.7,10.0,5.9,10.0,8.0,1.0,1,5000,95.3,66.7,1,,subcounty_exact,KE004018,Garsen
MARSABIT,moyale,GOLBO,12050.0,Godoma Model Health Centre (Moyale),Level 3,Operational,2.0027755,37.909047,4,11000,0.92,0.1650847170987961,0.0,arid,0.0819002420488537,0.9180997579511463,18.9,20.4,25.9,59.3,68.7,67.1,40.7,27.1,72.9,8.3,4.8,5.9,10.0,4.8,6.6,8.1,1.0,1,5000,93.8,66.1,1,,subcounty_exact,KE010045,Moyale
TANA RIVER,GARSEN,GARSEN SOUTH,11711.0,Ngao District Hospital,Level 4,Operational,-1.49853,40.0301403,6,11200,0.86,0.16186862077990055,0.0,arid,1.0,0.0,21.1,11.3,16.8,51.1,59.2,61.2,48.9,71.3,28.7,7.5,9.7,8.7,10.0,5.9,10.0,8.0,1.0,1,5000,95.3,66.7,0,,subcounty_exact,KE004018,Garsen
SAMBURU,samburu central,PORRO,15543.0,Seketet Dispensary,Level 2,Operational,1.0679655,37.231326,2,10200,0.87,0.16191447860565616,13.9,arid,0.0008656071894026338,0.9991343928105975,31.4,15.4,30.2,49.1,56.6,56.3,50.9,19.9,80.1,5.8,1.5,2.8,8.8,9.7,10.0,7.8,1.0,1,5000,92.9,71.9,0,,county_mean,,
SAMBURU,samburu north,NDOTO,15029.0,Lesirikan Health Centre,Level 3,Operational,1.7416357,37.3081385,4,10200,0.87,0.16597543681267224,0.0,arid,0.0,1.0,31.4,15.4,30.2,49.1,56.6,56.3,50.9,19.9,80.1,5.8,1.5,2.8,8.8,9.7,10.0,7.8,1.0,1,5000,92.9,71.9,1,,subcounty_exact,KE025134,Samburu North
SAMBURU,samburu central,MARALAL,15126.0,Maralal District Hospital,Level 4,Operational,1.0967,36.698,6,22400,0.87,0.16191447860565616,0.0,arid,0.0008656071894026338,0.9991343928105975,31.4,15.4,30.2,49.1,56.6,56.3,50.9,19.9,80.1,5.8,1.5,2.8,8.8,9.7,10.0,7.8,1.0,1,5000,92.9,71.9,2,,county_mean,,
KILIFI,kilifi north,DABASO,11610.0,Mijomboni Dispensary,Level 2,Operational,-3.4745903,39.5166723,2,22000,0.76,0.1288760154851222,20.883,semi_arid,1.0,0.0,37.0,7.2,19.5,83.8,84.5,77.3,16.2,74.4,25.6,9.5,9.1,9.6,1.3,8.3,6.2,6.7,1.0,0,5000,99.3,,0,,subcounty_exact,KE003011,Kilifi North
GARISSA,lagdera,GOREALE,13438.0,Shantaabaq Health Centre (Lagdera),Level 3,Operational,-0.4492675,39.637581,4,12800,0.85,0.14246651497129856,0.0,arid,0.7609505093861509,0.23904949061384906,9.0,15.3,14.1,61.4,68.1,31.2,38.6,19.7,80.3,7.8,6.0,9.4,10.0,4.9,9.6,8.4,1.0,1,5000,77.5,67.8,2,,subcounty_exact,KE007029,Lagdera
GARISSA,fafi,BURA,13342.0,Galmagalla Health Centre,Level 3,Operational,-0.4492675,39.637581,4,12400,0.85,0.142575550431571,0.0,arid,0.00034280817026139125,0.9996571918297386,9.0,15.3,14.1,61.4,68.1,31.2,38.6,19.7,80.3,7.8,6.0,9.4,10.0,4.9,9.6,8.4,1.0,1,5000,77.5,67.8,0,,subcounty_exact,KE007031,Fafi
MARSABIT,laisamis,LAISAMIS,16217.0,Merille Health centre,Level 3,Operational,2.0027755,37.909047,4,12400,0.92,0.16039390545423807,0.0,arid,0.9338066961109585,0.06619330388904154,18.9,20.4,25.9,59.3,68.7,67.1,40.7,27.1,72.9,8.3,4.8,5.9,10.0,4.8,6.6,8.1,1.0,1,5000,93.8,66.1,1,,subcounty_exact,KE010048,Laisamis
KWALE,matuga,TSIMBA GOLINI,11507.0,Kwale District Hospital,Level 4,Operational,-4.1393915,39.3132265,6,19800,0.8,0.13139450546197343,0.0,semi_arid,1.0,0.0,22.7,6.2,13.7,84.1,89.3,71.9,15.9,74.0,26.0,9.2,8.5,8.6,2.5,7.8,5.6,6.8,1.0,0,5000,99.3,,1,,subcounty_exact,KE002009,Matuga
KWALE,lunga lunga,PONGWE/KIKOKENI,11892.0,Wasini Dispensary,Level 2,Operational,-4.3959567,39.3108753,2,19800,0.8,0.15456647312342872,12.611,semi_arid,1.0,0.0,22.7,6.2,13.7,84.1,89.3,71.9,15.9,74.0,26.0,9.2,8.5,8.6,2.5,7.8,5.6,6.8,1.0,0,5000,99.3,,1,,subcounty_exact,KE002008,Lunga Lunga
KILIFI,malindi,SHELLA,11555.0,Malindi District Hospital,Level 4,Operational,-3.2255905,40.125235,6,22000,0.76,0.12831770034594672,0.0,semi_arid,1.0,0.0,37.0,7.2,19.5,83.8,84.5,77.3,16.2,74.4,25.6,9.5,9.1,9.6,1.3,8.3,6.2,6.7,1.0,0,5000,99.3,,0,,subcounty_exact,KE003016,Malindi
TANA RIVER,GALOLE,WAYU,11900.0,Wayu Dispensary,Level 2,Operational,-1.0182385,39.793616,2,10500,0.86,0.16477542855605093,18.955,arid,1.0,0.0,21.1,11.3,16.8,51.1,59.2,61.2,48.9,71.3,28.7,7.5,9.7,8.7,10.0,5.9,10.0,8.0,1.0,1,5000,95.3,66.7,0,,subcounty_exact,KE004019,Galole
WAJIR,wajir east,TOWNSHIP,13452.0,Wajir County Referral Hospital,Level 4,Operational,1.7471,40.0573,6,45200,0.88,0.137552081876905,0.0,arid,1.0,0.0,12.4,22.8,16.2,53.6,56.6,44.9,46.4,43.6,56.4,7.6,5.0,3.4,10.0,7.5,4.8,8.4,1.0,1,5000,84.0,64.7,1,,subcounty_exact,KE008034,Wajir East
TANA RIVER,GALOLE,WAYU,11889.0,Waldena Dispensary,Level 2,Operational,-1.0182385,39.793616,2,10500,0.86,0.16477542855605093,18.955,arid,1.0,0.0,21.1,11.3,16.8,51.1,59.2,61.2,48.9,71.3,28.7,7.5,9.7,8.7,10.0,5.9,10.0,8.0,1.0,1,5000,95.3,66.7,1,,subcounty_exact,KE004019,Galole
GARISSA,hulugho,SANGAILU,13431.0,Sangailu Health Centre,Level 3,Operational,-0.4492675,39.637581,4,12800,0.85,0.14363793869304695,0.0,arid,0.5778061924502605,0.42219380754973956,9.0,15.3,14.1,61.4,68.1,31.2,38.6,19.7,80.3,7.8,6.0,9.4,10.0,4.9,9.6,8.4,1.0,1,5000,77.5,67.8,0,,county_mean,,
SAMBURU,samburu north,BAAWA,15442.0,Opiroi Dispensary,Level 2,Operational,1.0679655,37.231326,2,10200,0.87,0.16597543681267224,13.9,arid,0.0,1.0,31.4,15.4,30.2,49.1,56.6,56.3,50.9,19.9,80.1,5.8,1.5,2.8,8.8,9.7,10.0,7.8,1.0,1,5000,92.9,71.9,0,,subcounty_exact,KE025134,Samburu North
MANDERA,banissa,BANISSA,13300.0,Banisa Sub County Hospital,Level 4,Operational,3.9420918,41.8614143,6,11300,0.9,0.2004659940560853,0.0,arid,0.0,1.0,20.5,17.3,23.2,50.4,54.7,40.4,49.6,15.7,84.3,9.6,8.2,1.4,10.0,7.5,6.6,8.5,1.0,1,5000,76.4,72.9,1,,subcounty_exact,KE009040,Banissa
KILIFI,kilifi north,SOKONI,11474.0,Kilifi County Hospital,Level 4,Operational,-3.6307,39.8499,6,22000,0.76,0.1288760154851222,0.0,semi_arid,1.0,0.0,37.0,7.2,19.5,83.8,84.5,77.3,16.2,74.4,25.6,9.5,9.1,9.6,1.3,8.3,6.2,6.7,1.0,0,5000,99.3,,2,,subcounty_exact,KE003011,Kilifi North
KWALE,msambweni,KINONDO,11676.0,Muhaka Dispensary,Level 2,Operational,-4.3959567,39.3108753,2,19800,0.8,0.1214771089299197,12.611,semi_arid,1.0,0.0,22.7,6.2,13.7,84.1,89.3,71.9,15.9,74.0,26.0,9.2,8.5,8.6,2.5,7.8,5.6,6.8,1.0,0,5000,99.3,,2,,subcounty_exact,KE002007,Msambweni
KWALE,kinango,KASEMENI,11638.0,Mnyenzeni Health centre,Level 3,Operational,-4.2490657,39.5878312,4,19800,0.8,0.16069809559414464,0.0,semi_arid,1.0,0.0,22.7,6.2,13.7,84.1,89.3,71.9,15.9,74.0,26.0,9.2,8.5,8.6,2.5,7.8,5.6,6.8,1.0,0,5000,99.3,,0,,subcounty_exact,KE002010,Kinango
MANDERA,mandera east,TOWNSHIP,16313.0,Buruburu Dispensary,Level 2,Operational,3.16894,40.0978592,2,45200,0.9,0.16136107711138312,213.769,arid,0.0,1.0,20.5,17.3,23.2,50.4,54.7,40.4,49.6,15.7,84.3,9.6,8.2,1.4,10.0,7.5,6.6,8.5,1.0,1,5000,76.4,72.9,0,,subcounty_exact,KE009043,Mandera East
KWALE,msambweni,GAMBATO BONGWE,16552.0,Ukunda Medical Clinic,Level 2,Operational,-4.2847917,39.565746,2,19800,0.8,0.1214771089299197,4.667,semi_arid,1.0,0.0,22.7,6.2,13.7,84.1,89.3,71.9,15.9,74.0,26.0,9.2,8.5,8.6,2.5,7.8,5.6,6.8,1.0,0,5000,99.3,,0,,subcounty_exact,KE002007,Msambweni
MARSABIT,north horr,MAIKONA,11999.0,Elgade Dispensary,Level 2,Operational,3.5244107,39.0710346,2,11000,0.92,0.11560098828371891,0.0,arid,0.03895154171215453,0.9610484582878455,18.9,20.4,25.9,59.3,68.7,67.1,40.7,27.1,72.9,8.3,4.8,5.9,10.0,4.8,6.6,8.1,1.0,1,5000,93.8,66.1,1,,subcounty_exact,KE010046,North Horr
TANA RIVER,GALOLE,KINAKOMBA,11903.0,Wenje Dispensary,Level 2,Operational,-1.0182385,39.793616,2,10500,0.86,0.16477542855605093,18.955,arid,1.0,0.0,21.1,11.3,16.8,51.1,59.2,61.2,48.9,71.3,28.7,7.5,9.7,8.7,10.0,5.9,10.0,8.0,1.0,1,5000,95.3,66.7,2,,subcounty_exact,KE004019,Galole
GARISSA,balambala,BALAMBALA,13376.0,Jarajara Dispensary,Level 2,Operational,0.3507864,40.1116395,2,12300,0.85,0.1425179211469534,41.666,arid,0.7055406212664277,0.2944593787335723,9.0,15.3,14.1,61.4,68.1,31.2,38.6,19.7,80.3,7.8,6.0,9.4,10.0,4.9,9.6,8.4,1.0,1,5000,77.5,67.8,1,,subcounty_exact,KE007028,Balambala
KILIFI,ganze,SOKOKE,11883.0,Vitengeni Health Centre,Level 3,Operational,-3.4754826,39.7474738,4,22000,0.76,0.14612703107594208,0.0,semi_arid,1.0,0.0,37.0,7.2,19.5,83.8,84.5,77.3,16.2,74.4,25.6,9.5,9.1,9.6,1.3,8.3,6.2,6.7,1.0,0,5000,99.3,,1,,subcounty_exact,KE003015,Ganze
KILIFI,kilifi south,CHASIMBA,11282.0,Chasimba Health Centre,Level 3,Operational,-3.4754826,39.7474738,4,22000,0.76,0.1265490109662199,0.0,semi_arid,1.0,0.0,37.0,7.2,19.5,83.8,84.5,77.3,16.2,74.4,25.6,9.5,9.1,9.6,1.3,8.3,6.2,6.7,1.0,0,5000,99.3,,1,,subcounty_exact,KE003012,Kilifi South
KWALE,kinango,KINANGO,11480.0,Kinango District Hospital,Level 4,Operational,-4.1393915,39.3132265,6,24600,0.8,0.16069809559414464,0.0,semi_arid,1.0,0.0,22.7,6.2,13.7,84.1,89.3,71.9,15.9,74.0,26.0,9.2,8.5,8.6,2.5,7.8,5.6,6.8,1.0,0,5000,99.3,,0,,subcounty_exact,KE002010,Kinango
KILIFI,kilifi south,JUNJU,11881.0,Vipingo Rural Demonstration Health Centre,Level 3,Operational,-3.4754826,39.7474738,4,22000,0.76,0.1265490109662199,0.0,semi_arid,1.0,0.0,37.0,7.2,19.5,83.8,84.5,77.3,16.2,74.4,25.6,9.5,9.1,9.6,1.3,8.3,6.2,6.7,1.0,0,5000,99.3,,1,,subcounty_exact,KE003012,Kilifi South
KILIFI,kilifi north,MATSANGONI,11580.0,Matsangoni Model Health Centre,Level 3,Operational,-3.3897418,39.9290262,4,22000,0.76,0.1288760154851222,0.0,semi_arid,1.0,0.0,37.0,7.2,19.5,83.8,84.5,77.3,16.2,74.4,25.6,9.5,9.1,9.6,1.3,8.3,6.2,6.7,1.0,0,5000,99.3,,1,,subcounty_exact,KE003011,Kilifi North
KILIFI,ganze,GANZE,11618.0,Mirihini Dispensary,Level 2,Operational,-3.4349907,39.5857227,2,21400,0.76,0.14612703107594208,16.806,semi_arid,1.0,0.0,37.0,7.2,19.5,83.8,84.5,77.3,16.2,74.4,25.6,9.5,9.1,9.6,1.3,8.3,6.2,6.7,1.0,0,5000,99.3,,1,,subcounty_exact,KE003015,Ganze
KILIFI,ganze,GANZE,11383.0,Ganze Health Centre,Level 3,Operational,-3.5425794,39.6920661,4,21400,0.76,0.14612703107594208,0.0,semi_arid,1.0,0.0,37.0,7.2,19.5,83.8,84.5,77.3,16.2,74.4,25.6,9.5,9.1,9.6,1.3,8.3,6.2,6.7,1.0,0,5000,99.3,,3,,subcounty_exact,KE003015,Ganze
KWALE,matuga,KUBO SOUTH,11525.0,Lukore Dispensary,Level 2,Operational,-4.3959567,39.3108753,2,19800,0.8,0.13139450546197343,12.611,semi_arid,1.0,0.0,22.7,6.2,13.7,84.1,89.3,71.9,15.9,74.0,26.0,9.2,8.5,8.6,2.5,7.8,5.6,6.8,1.0,0,5000,99.3,,0,,subcounty_exact,KE002009,Matuga
KILIFI,malindi,SHELLA,11677.0,Muyeye Health Centre (Municipal),Level 3,Operational,-3.4754826,39.7474738,4,22000,0.76,0.12831770034594672,0.0,semi_arid,1.0,0.0,37.0,7.2,19.5,83.8,84.5,77.3,16.2,74.4,25.6,9.5,9.1,9.6,1.3,8.3,6.2,6.7,1.0,0,5000,99.3,,3,,subcounty_exact,KE003016,Malindi
ISIOLO,garbatulla,SERICHO,11953.0,Iresaboru Dispensary,Level 2,Operational,0.2857858,37.5436727,2,12800,0.84,0.1472046236206165,8.725,arid,0.8542403183095184,0.14575968169048165,14.1,7.2,11.5,83.7,85.0,52.9,16.3,51.7,48.3,6.1,4.6,4.0,7.5,7.8,6.9,7.3,1.0,1,5000,99.3,,1,,county_mean,,
MARSABIT,north horr,MAIKONA,12142.0,Kalacha Sub County Referral Hospital (Chalbi),Level 4,Operational,3.1273212,37.4236449,6,11000,0.92,0.11560098828371891,0.0,arid,0.03895154171215453,0.9610484582878455,18.9,20.4,25.9,59.3,68.7,67.1,40.7,27.1,72.9,8.3,4.8,5.9,10.0,4.8,6.6,8.1,1.0,1,5000,93.8,66.1,3,,subcounty_exact,KE010046,North Horr
ISIOLO,merti,CHERAB,12513.0,Merti Catholic Dispensary,Level 2,Operational,0.3962497,37.5964538,2,12800,0.84,0.1472046236206165,4.941,arid,0.8542403183095184,0.14575968169048165,14.1,7.2,11.5,83.7,85.0,52.9,16.3,51.7,48.3,6.1,4.6,4.0,7.5,7.8,6.9,7.3,1.0,1,5000,99.3,,0,,county_mean,,
MARSABIT,north horr,ILLERET,12087.0,Illeret Health Centre (North Horr),Level 3,Operational,2.0027755,37.909047,4,11000,0.92,0.11560098828371891,0.0,arid,0.03895154171215453,0.9610484582878455,18.9,20.4,25.9,59.3,68.7,67.1,40.7,27.1,72.9,8.3,4.8,5.9,10.0,4.8,6.6,8.1,1.0,1,5000,93.8,66.1,1,,subcounty_exact,KE010046,North Horr
SAMBURU,samburu central,LODOKEJEK,15682.0,Suguta Marmar Health Centre,Level 3,Operational,1.7416357,37.3081385,4,10200,0.87,0.16191447860565616,0.0,arid,0.0008656071894026338,0.9991343928105975,31.4,15.4,30.2,49.1,56.6,56.3,50.9,19.9,80.1,5.8,1.5,2.8,8.8,9.7,10.0,7.8,1.0,1,5000,92.9,71.9,1,,county_mean,,
MARSABIT,north horr,DUKANA,11990.0,Dukana Health Centre (North Horr),Level 3,Operational,2.0027755,37.909047,4,11000,0.92,0.11560098828371891,0.0,arid,0.03895154171215453,0.9610484582878455,18.9,20.4,25.9,59.3,68.7,67.1,40.7,27.1,72.9,8.3,4.8,5.9,10.0,4.8,6.6,8.1,1.0,1,5000,93.8,66.1,1,,subcounty_exact,KE010046,North Horr
KILIFI,kilifi south,SHIMO LA TEWA,11672.0,Mtwapa Health Centre,Level 3,Operational,-3.4754826,39.7474738,4,22000,0.76,0.1265490109662199,0.0,semi_arid,1.0,0.0,37.0,7.2,19.5,83.8,84.5,77.3,16.2,74.4,25.6,9.5,9.1,9.6,1.3,8.3,6.2,6.7,1.0,0,5000,99.3,,4,,subcounty_exact,KE003012,Kilifi South
KWALE,kinango,CHENGONI/SAMBURU,11768.0,Samburu Health Centre,Level 3,Operational,-4.2490657,39.5878312,4,19800,0.8,0.16069809559414464,0.0,semi_arid,1.0,0.0,22.7,6.2,13.7,84.1,89.3,71.9,15.9,74.0,26.0,9.2,8.5,8.6,2.5,7.8,5.6,6.8,1.0,0,5000,99.3,,1,,subcounty_exact,KE002010,Kinango
LAMU,lamu west,MKOMANI,11729.0,Pablo Hortsman Health Centre,Level 3,Operational,-1.7436736,41.4885244,4,12800,0.75,0.12589658173524204,0.0,semi_arid,0.66505807148645,0.33494192851355,16.1,3.5,12.5,90.3,92.5,70.5,9.7,65.9,34.1,7.2,9.0,6.8,2.5,7.2,5.2,6.3,1.0,0,5000,97.9,,0,,subcounty_exact,KE005022,Lamu West
LAMU,lamu west,HINDI,11642.0,Mokowe Health Centre,Level 3,Operational,-1.7436736,41.4885244,4,11300,0.75,0.12589658173524204,0.0,semi_arid,0.66505807148645,0.33494192851355,16.1,3.5,12.5,90.3,92.5,70.5,9.7,65.9,34.1,7.2,9.0,6.8,2.5,7.2,5.2,6.3,1.0,0,5000,97.9,,1,,subcounty_exact,KE005022,Lamu West
MARSABIT,laisamis,LOIYANGALANI,12433.0,Loiyangalani Health Centre,Level 3,Operational,2.0027755,37.909047,4,9600,0.92,0.16039390545423807,0.0,arid,0.9338066961109585,0.06619330388904154,18.9,20.4,25.9,59.3,68.7,67.1,40.7,27.1,72.9,8.3,4.8,5.9,10.0,4.8,6.6,8.1,1.0,1,5000,93.8,66.1,0,,subcounty_exact,KE010048,Laisamis
KILIFI,kilifi south,SHIMO LA TEWA,11673.0,Mtwapa Nursing Home,Level 3,Operational,-3.1122001,39.5513698,4,22000,0.76,0.1265490109662199,0.0,semi_arid,1.0,0.0,37.0,7.2,19.5,83.8,84.5,77.3,16.2,74.4,25.6,9.5,9.1,9.6,1.3,8.3,6.2,6.7,1.0,0,5000,99.3,,0,,subcounty_exact,KE003012,Kilifi South
KILIFI,kilifi north,SOKONI,11746.0,Pwani Maternity and Nursing Home,Level 3,Operational,-3.1122001,39.5513698,4,22000,0.76,0.1288760154851222,0.0,semi_arid,1.0,0.0,37.0,7.2,19.5,83.8,84.5,77.3,16.2,74.4,25.6,9.5,9.1,9.6,1.3,8.3,6.2,6.7,1.0,0,5000,99.3,,0,,subcounty_exact,KE003011,Kilifi North
KILIFI,kilifi north,SOKONI,11891.0,Wananchi Nursing Home,Level 3,Operational,-3.1122001,39.5513698,4,22000,0.76,0.1288760154851222,0.0,semi_arid,1.0,0.0,37.0,7.2,19.5,83.8,84.5,77.3,16.2,74.4,25.6,9.5,9.1,9.6,1.3,8.3,6.2,6.7,1.0,0,5000,99.3,,0,,subcounty_exact,KE003011,Kilifi North
ISIOLO,garbatulla,SERICHO,11998.0,Eldera Dispensary,Level 2,Operational,0.2857858,37.5436727,2,12800,0.84,0.1472046236206165,8.725,arid,0.8542403183095184,0.14575968169048165,14.1,7.2,11.5,83.7,85.0,52.9,16.3,51.7,48.3,6.1,4.6,4.0,7.5,7.8,6.9,7.3,1.0,1,5000,99.3,,0,,county_mean,,
GARISSA,hulugho,HULUGHO,13374.0,Jalish Dispensary,Level 2,Operational,0.3507864,40.1116395,2,7400,0.85,0.14363793869304695,41.666,arid,0.5778061924502605,0.42219380754973956,9.0,15.3,14.1,61.4,68.1,31.2,38.6,19.7,80.3,7.8,6.0,9.4,10.0,4.9,9.6,8.4,1.0,1,5000,77.5,67.8,1,,county_mean,,
KILIFI,ganze,JARIBUNI,11430.0,Jaribuni Dispensary,Level 2,Operational,-3.4745903,39.5166723,2,22000,0.76,0.14612703107594208,20.883,semi_arid,1.0,0.0,37.0,7.2,19.5,83.8,84.5,77.3,16.2,74.4,25.6,9.5,9.1,9.6,1.3,8.3,6.2,6.7,1.0,0,5000,99.3,,1,,subcounty_exact,KE003015,Ganze
ISIOLO,merti,CHERAB,12384.0,Korbesa Dispensary,Level 2,Operational,0.2857858,37.5436727,2,12800,0.84,0.1472046236206165,8.725,arid,0.8542403183095184,0.14575968169048165,14.1,7.2,11.5,83.7,85.0,52.9,16.3,51.7,48.3,6.1,4.6,4.0,7.5,7.8,6.9,7.3,1.0,1,5000,99.3,,0,,county_mean,,
ISIOLO,isiolo,OLDO/NYIRO,12330.0,Kipsing Dispensary,Level 2,Operational,0.2857858,37.5436727,2,8900,0.84,0.1472046236206165,8.725,arid,0.8542403183095184,0.14575968169048165,14.1,7.2,11.5,83.7,85.0,52.9,16.3,51.7,48.3,6.1,4.6,4.0,7.5,7.8,6.9,7.3,1.0,1,5000,99.3,,1,,county_mean,,
ISIOLO,isiolo,BURAT,11933.0,Apu Dispensary,Level 2,Operational,0.2857858,37.5436727,2,12400,0.84,0.1472046236206165,8.725,arid,0.8542403183095184,0.14575968169048165,14.1,7.2,11.5,83.7,85.0,52.9,16.3,51.7,48.3,6.1,4.6,4.0,7.5,7.8,6.9,7.3,1.0,1,5000,99.3,,1,,county_mean,,
KILIFI,kilifi north,WATAMU,11896.0,Watamu Maternity and Nursing Home,Level 3,Operational,-3.1122001,39.5513698,4,22000,0.76,0.1288760154851222,0.0,semi_arid,1.0,0.0,37.0,7.2,19.5,83.8,84.5,77.3,16.2,74.4,25.6,9.5,9.1,9.6,1.3,8.3,6.2,6.7,1.0,0,5000,99.3,,0,,subcounty_exact,KE003011,Kilifi North
KILIFI,magarini,ADU,11276.0,Chakama Dispensary,Level 2,Operational,-3.4745903,39.5166723,2,22000,0.76,0.1430688616634187,20.883,semi_arid,1.0,0.0,37.0,7.2,19.5,83.8,84.5,77.3,16.2,74.4,25.6,9.5,9.1,9.6,1.3,8.3,6.2,6.7,1.0,0,5000,99.3,,0,,subcounty_exact,KE003017,Magarini
MARSABIT,north horr,DUKANA,11941.0,Balesa Dispensary,Level 2,Operational,3.5244107,39.0710346,2,11000,0.92,0.11560098828371891,0.0,arid,0.03895154171215453,0.9610484582878455,18.9,20.4,25.9,59.3,68.7,67.1,40.7,27.1,72.9,8.3,4.8,5.9,10.0,4.8,6.6,8.1,1.0,1,5000,93.8,66.1,1,,subcounty_exact,KE010046,North Horr
KWALE,kinango,KINANGO,16518.0,Kinango Medical Clinic,Level 2,Operational,-4.2945303,39.5630696,2,24600,0.8,0.16069809559414464,5.753,semi_arid,1.0,0.0,22.7,6.2,13.7,84.1,89.3,71.9,15.9,74.0,26.0,9.2,8.5,8.6,2.5,7.8,5.6,6.8,1.0,0,5000,99.3,,0,,subcounty_exact,KE002010,Kinango
GARISSA,hulugho,HULUGHO,13365.0,Hulugho Sub County Hospital,Level 4,Operational,0.7333109,39.1856628,6,7400,0.85,0.14363793869304695,0.0,arid,0.5778061924502605,0.42219380754973956,9.0,15.3,14.1,61.4,68.1,31.2,38.6,19.7,80.3,7.8,6.0,9.4,10.0,4.9,9.6,8.4,1.0,1,5000,77.5,67.8,3,,county_mean,,
KWALE,kinango,KASEMENI,11253.0,Bofu Dispensary,Level 2,Operational,-4.3959567,39.3108753,2,19800,0.8,0.16069809559414464,12.611,semi_arid,1.0,0.0,22.7,6.2,13.7,84.1,89.3,71.9,15.9,74.0,26.0,9.2,8.5,8.6,2.5,7.8,5.6,6.8,1.0,0,5000,99.3,,0,,subcounty_exact,KE002010,Kinango
KILIFI,malindi,MALINDI TOWN,11829.0,Star Hospital,Level 4,Operational,-3.1469458,39.7210856,6,31200,0.76,0.12831770034594672,0.0,semi_arid,1.0,0.0,37.0,7.2,19.5,83.8,84.5,77.3,16.2,74.4,25.6,9.5,9.1,9.6,1.3,8.3,6.2,6.7,1.0,0,5000,99.3,,0,,subcounty_exact,KE003016,Malindi
LAMU,lamu east,FAZA,11373.0,Faza Hospital,Level 4,Operational,-2.1796048,40.8079343,6,8100,0.75,0.11947817786498383,0.0,semi_arid,0.0,1.0,16.1,3.5,12.5,90.3,92.5,70.5,9.7,65.9,34.1,7.2,9.0,6.8,2.5,7.2,5.2,6.3,1.0,0,5000,97.9,,0,,subcounty_exact,KE005021,Lamu East
GARISSA,lagdera,SABENA,16289.0,Baraki Dispensary,Level 2,Operational,0.3507864,40.1116395,2,12800,0.85,0.14246651497129856,41.666,arid,0.7609505093861509,0.23904949061384906,9.0,15.3,14.1,61.4,68.1,31.2,38.6,19.7,80.3,7.8,6.0,9.4,10.0,4.9,9.6,8.4,1.0,1,5000,77.5,67.8,1,,subcounty_exact,KE007029,Lagdera
GARISSA,garissa,IFTIN,13311.0,Bour-Algy Dispensary,Level 2,Operational,0.3507864,40.1116395,2,12800,0.85,0.14363793869304695,41.666,arid,0.5778061924502605,0.42219380754973956,9.0,15.3,14.1,61.4,68.1,31.2,38.6,19.7,80.3,7.8,6.0,9.4,10.0,4.9,9.6,8.4,1.0,1,5000,77.5,67.8,1,,county_mean,,
GARISSA,dadaab,DADAAB,13318.0,Dagahaley Hospital,Level 4,Operational,0.7640011,39.3096495,6,38500,0.85,0.1428075264425628,0.0,arid,3.2158787227816065e-06,0.9999967841212772,9.0,15.3,14.1,61.4,68.1,31.2,38.6,19.7,80.3,7.8,6.0,9.4,10.0,4.9,9.6,8.4,1.0,1,5000,77.5,67.8,0,,subcounty_exact,KE007030,Dadaab
KILIFI,malindi,MALINDI TOWN,11424.0,Jambo Clinic,Level 2,Operational,-3.1116436,39.5512605,2,31200,0.76,0.12831770034594672,0.063,semi_arid,1.0,0.0,37.0,7.2,19.5,83.8,84.5,77.3,16.2,74.4,25.6,9.5,9.1,9.6,1.3,8.3,6.2,6.7,1.0,0,5000,99.3,,0,,subcounty_exact,KE003016,Malindi
KILIFI,kilifi south,MTEPENI,11470.0,Kikambala Catholic Medical Clinic,Level 2,Operational,-3.5226766,39.5291057,2,22000,0.76,0.1265490109662199,17.947,semi_arid,1.0,0.0,37.0,7.2,19.5,83.8,84.5,77.3,16.2,74.4,25.6,9.5,9.1,9.6,1.3,8.3,6.2,6.7,1.0,0,5000,99.3,,0,,subcounty_exact,KE003012,Kilifi South
KILIFI,kilifi north,DABASO,11897.0,Watamu Hospital,Level 4,Operational,-2.8287209,40.1490494,6,22000,0.76,0.1288760154851222,0.0,semi_arid,1.0,0.0,37.0,7.2,19.5,83.8,84.5,77.3,16.2,74.4,25.6,9.5,9.1,9.6,1.3,8.3,6.2,6.7,1.0,0,5000,99.3,,1,,subcounty_exact,KE003011,Kilifi North
GARISSA,ijara,IJARA,16285.0,Bultohama Dispensary,Level 2,Operational,0.3507864,40.1116395,2,9800,0.85,0.14551991186078128,41.666,arid,1.0,0.0,9.0,15.3,14.1,61.4,68.1,31.2,38.6,19.7,80.3,7.8,6.0,9.4,10.0,4.9,9.6,8.4,1.0,1,5000,77.5,67.8,1,,subcounty_exact,KE007032,Ijara
KWALE,matuga,WaaNgombeni,11888.0,Waa Dispensary,Level 2,Operational,-4.1734008,39.6025599,2,19800,0.8,0.13139450546197343,8.571,semi_arid,1.0,0.0,22.7,6.2,13.7,84.1,89.3,71.9,15.9,74.0,26.0,9.2,8.5,8.6,2.5,7.8,5.6,6.8,1.0,0,5000,99.3,,0,,subcounty_exact,KE002009,Matuga
KILIFI,ganze,BAMBA,11237.0,Bamba Sub-County Hospital,Level 4,Operational,-3.684,39.534,6,18900,0.76,0.14612703107594208,0.0,semi_arid,1.0,0.0,37.0,7.2,19.5,83.8,84.5,77.3,16.2,74.4,25.6,9.5,9.1,9.6,1.3,8.3,6.2,6.7,1.0,0,5000,99.3,,4,,subcounty_exact,KE003015,Ganze
GARISSA,ijara,IJARA,13308.0,Bodhai Dispensary,Level 2,Operational,0.3507864,40.1116395,2,9800,0.85,0.14551991186078128,41.666,arid,1.0,0.0,9.0,15.3,14.1,61.4,68.1,31.2,38.6,19.7,80.3,7.8,6.0,9.4,10.0,4.9,9.6,8.4,1.0,1,5000,77.5,67.8,0,,subcounty_exact,KE007032,Ijara
LAMU,lamu west,BAHARI,11649.0,Mpeketoni Sub-County Hospital,Level 4,Operational,-2.018,40.895,6,9600,0.75,0.12589658173524204,0.0,semi_arid,0.66505807148645,0.33494192851355,16.1,3.5,12.5,90.3,92.5,70.5,9.7,65.9,34.1,7.2,9.0,6.8,2.5,7.2,5.2,6.3,1.0,0,5000,97.9,,0,,subcounty_exact,KE005022,Lamu West
GARISSA,fafi,JARAJILA,13359.0,Hagadera Hospital,Level 4,Operational,0.7640011,39.3096495,6,12800,0.85,0.142575550431571,0.0,arid,0.00034280817026139125,0.9996571918297386,9.0,15.3,14.1,61.4,68.1,31.2,38.6,19.7,80.3,7.8,6.0,9.4,10.0,4.9,9.6,8.4,1.0,1,5000,77.5,67.8,0,,subcounty_exact,KE007031,Fafi
MARSABIT,saku,MARSABIT CENTRAL,12472.0,Marsabit County Referral Hospital,Level 5,Operational,2.334,37.99,8,16700,0.92,0.14238372663895527,0.0,arid,1.0,0.0,18.9,20.4,25.9,59.3,68.7,67.1,40.7,27.1,72.9,8.3,4.8,5.9,10.0,4.8,6.6,8.1,1.0,1,5000,93.8,66.1,0,,subcounty_exact,KE010047,Saku
TURKANA,turkana central,LODWAR TOWNSHIP,15049.0,Lodwar County Referral Hospital,Level 5,Operational,3.1191,35.5973,8,10500,0.89,0.15780605951198964,0.0,arid,0.0,1.0,23.0,22.6,31.7,43.2,52.6,57.7,56.8,49.4,50.6,8.6,9.9,6.1,8.8,5.9,3.5,8.8,1.0,1,5000,99.5,82.7,2,,subcounty_exact,KE023125,Turkana Central
MANDERA,mandera east,TOWNSHIP,13402.0,Mandera County Refferal Hospital,Level 5,Operational,3.9420918,41.8614143,8,45200,0.9,0.16136107711138312,0.0,arid,0.0,1.0,20.5,17.3,23.2,50.4,54.7,40.4,49.6,15.7,84.3,9.6,8.2,1.4,10.0,7.5,6.6,8.5,1.0,1,5000,76.4,72.9,0,,subcounty_exact,KE009043,Mandera East
WEST POKOT,west pokot,KAPENGURIA,14701.0,Kapenguria County Referral Hospital,Level 5,Operational,1.238,35.112,8,22400,0.83,0.1815939520462156,0.0,semi_arid,0.6093682652151844,0.3906317347848156,33.5,11.0,27.1,55.5,65.3,35.0,44.5,78.8,21.2,8.7,2.4,3.9,1.3,7.7,6.0,6.6,1.0,0,5000,97.9,,1,,county_mean,,
NAROK,narok north,NAROK TOWN,15311.0,Narok County Referral Hospital,Level 5,Operational,-1.083,35.873,8,21000,0.78,0.15117207386495118,0.0,semi_arid,1.0,0.0,21.5,2.1,10.7,64.2,70.1,55.3,35.8,76.0,24.0,3.5,2.7,4.3,2.5,9.3,6.0,6.2,1.0,0,5000,96.5,26.2,0,,subcounty_exact,KE033179,Narok North
KILIFI,kilifi south,MTEPENI,11454.0,Kanamai Health Care,Level 2,Operational,-3.9551348,39.7471238,2,22000,0.76,0.1265490109662199,0.476,semi_arid,1.0,0.0,37.0,7.2,19.5,83.8,84.5,77.3,16.2,74.4,25.6,9.5,9.1,9.6,1.3,8.3,6.2,6.7,1.0,0,5000,99.3,,0,,subcounty_exact,KE003012,Kilifi South
KWALE,msambweni,RAMISI,11655.0,Msambweni District Hospital,Level 4,Operational,-4.1393915,39.3132265,6,12400,0.8,0.1214771089299197,0.0,semi_arid,1.0,0.0,22.7,6.2,13.7,84.1,89.3,71.9,15.9,74.0,26.0,9.2,8.5,8.6,2.5,7.8,5.6,6.8,1.0,0,5000,99.3,,0,,subcounty_exact,KE002007,Msambweni
KILIFI,kilifi north,MNARANI,11217.0,Amani Medical Clinic (Kilifi),Level 2,Operational,-3.5226766,39.5291057,2,22000,0.76,0.1288760154851222,17.947,semi_arid,1.0,0.0,37.0,7.2,19.5,83.8,84.5,77.3,16.2,74.4,25.6,9.5,9.1,9.6,1.3,8.3,6.2,6.7,1.0,0,5000,99.3,,0,,subcounty_exact,KE003011,Kilifi North
GARISSA,dadaab,DADAAB,13316.0,Dadaab Sub-County Hospital,Level 4,Operational,-0.0504,40.3021,6,38500,0.85,0.1428075264425628,0.0,arid,3.2158787227816065e-06,0.9999967841212772,9.0,15.3,14.1,61.4,68.1,31.2,38.6,19.7,80.3,7.8,6.0,9.4,10.0,4.9,9.6,8.4,1.0,1,5000,77.5,67.8,2,,subcounty_exact,KE007030,Dadaab
KILIFI,kilifi south,JUNJU,11606.0,Michaela Denis Medical Clinic,Level 2,Operational,-3.5226766,39.5291057,2,22000,0.76,0.1265490109662199,17.947,semi_arid,1.0,0.0,37.0,7.2,19.5,83.8,84.5,77.3,16.2,74.4,25.6,9.5,9.1,9.6,1.3,8.3,6.2,6.7,1.0,0,5000,99.3,,0,,subcounty_exact,KE003012,Kilifi South
LAMU,lamu west,MKOMANI,11512.0,Lamu County Referral Hospital,Level 4,Operational,-2.2694,40.9022,6,12800,0.75,0.12589658173524204,0.0,semi_arid,0.66505807148645,0.33494192851355,16.1,3.5,12.5,90.3,92.5,70.5,9.7,65.9,34.1,7.2,9.0,6.8,2.5,7.2,5.2,6.3,1.0,0,5000,97.9,,0,,subcounty_exact,KE005022,Lamu West
GARISSA,hulugho,SANGAILU,13360.0,Handaro Dispensary,Level 2,Operational,0.3507864,40.1116395,2,12800,0.85,0.14363793869304695,41.666,arid,0.5778061924502605,0.42219380754973956,9.0,15.3,14.1,61.4,68.1,31.2,38.6,19.7,80.3,7.8,6.0,9.4,10.0,4.9,9.6,8.4,1.0,1,5000,77.5,67.8,3,,county_mean,,
MARSABIT,moyale,BUTIYE,11952.0,Bori Dispensary,Level 2,Operational,3.5244107,39.0710346,2,11000,0.92,0.1650847170987961,0.0,arid,0.0819002420488537,0.9180997579511463,18.9,20.4,25.9,59.3,68.7,67.1,40.7,27.1,72.9,8.3,4.8,5.9,10.0,4.8,6.6,8.1,1.0,1,5000,93.8,66.1,1,,subcounty_exact,KE010045,Moyale
MANDERA,mandera south,KUTULO,16444.0,Garsesala Dispensary,Level 2,Operational,3.16894,40.0978592,2,12100,0.9,0.1904437541067638,213.769,arid,0.5476866233886865,0.45231337661131354,20.5,17.3,23.2,50.4,54.7,40.4,49.6,15.7,84.3,9.6,8.2,1.4,10.0,7.5,6.6,8.5,1.0,1,5000,76.4,72.9,0,,subcounty_exact,KE009042,Mandera South
KILIFI,magarini,MARAFA,11689.0,Mwangatini Dispensary,Level 2,Operational,-3.4745903,39.5166723,2,18200,0.76,0.1430688616634187,20.883,semi_arid,1.0,0.0,37.0,7.2,19.5,83.8,84.5,77.3,16.2,74.4,25.6,9.5,9.1,9.6,1.3,8.3,6.2,6.7,1.0,0,5000,99.3,,1,,subcounty_exact,KE003017,Magarini
LAMU,lamu west,SHELLA,11784.0,Shella Dispensary,Level 2,Operational,-2.2928516,40.9131005,2,12800,0.75,0.12589658173524204,2.875,semi_arid,0.66505807148645,0.33494192851355,16.1,3.5,12.5,90.3,92.5,70.5,9.7,65.9,34.1,7.2,9.0,6.8,2.5,7.2,5.2,6.3,1.0,0,5000,97.9,,1,,subcounty_exact,KE005022,Lamu West
SAMBURU,samburu east,WAMBA NORTH,14459.0,Ngilai Dispensary,Level 2,Operational,1.0679655,37.231326,2,9800,0.87,0.16415413643525453,13.9,arid,0.0025968215682079013,0.997403178431792,31.4,15.4,30.2,49.1,56.6,56.3,50.9,19.9,80.1,5.8,1.5,2.8,8.8,9.7,10.0,7.8,1.0,1,5000,92.9,71.9,2,,subcounty_exact,KE025135,Samburu East
KILIFI,kilifi north,SOKONI,11623.0,Mission Medical Clinic (Bahari),Level 2,Operational,-3.5226766,39.5291057,2,22000,0.76,0.1288760154851222,17.947,semi_arid,1.0,0.0,37.0,7.2,19.5,83.8,84.5,77.3,16.2,74.4,25.6,9.5,9.1,9.6,1.3,8.3,6.2,6.7,1.0,0,5000,99.3,,0,,subcounty_exact,KE003011,Kilifi North
KILIFI,rabai,RURUMA,11547.0,Makanzani Dispensary,Level 2,Operational,-3.4745903,39.5166723,2,22000,0.76,0.12527744948257474,20.883,semi_arid,1.0,0.0,37.0,7.2,19.5,83.8,84.5,77.3,16.2,74.4,25.6,9.5,9.1,9.6,1.3,8.3,6.2,6.7,0.0,0,5000,99.3,,1,,subcounty_exact,KE003014,Rabai
KWALE,msambweni,RAMISI,11368.0,Eshu Dispensary,Level 2,Operational,-4.3959567,39.3108753,2,12400,0.8,0.1214771089299197,12.611,semi_arid,1.0,0.0,22.7,6.2,13.7,84.1,89.3,71.9,15.9,74.0,26.0,9.2,8.5,8.6,2.5,7.8,5.6,6.8,1.0,0,5000,99.3,,0,,subcounty_exact,KE002007,Msambweni
KWALE,matuga,MKONGANI,11684.0,Mwaluphamba Dispensary,Level 2,Operational,-4.2258619,39.3663112,2,19800,0.8,0.13139450546197343,11.274,semi_arid,1.0,0.0,22.7,6.2,13.7,84.1,89.3,71.9,15.9,74.0,26.0,9.2,8.5,8.6,2.5,7.8,5.6,6.8,1.0,0,5000,99.3,,1,,subcounty_exact,KE002009,Matuga
GARISSA,balambala,SANKURI,13299.0,Balich Dispensary,Level 2,Operational,0.3507864,40.1116395,2,12800,0.85,0.1425179211469534,41.666,arid,0.7055406212664277,0.2944593787335723,9.0,15.3,14.1,61.4,68.1,31.2,38.6,19.7,80.3,7.8,6.0,9.4,10.0,4.9,9.6,8.4,1.0,1,5000,77.5,67.8,1,,subcounty_exact,KE007028,Balambala
KILIFI,ganze,JARIBUNI,11730.0,Palakumi Dispensary,Level 2,Operational,-3.4745903,39.5166723,2,22000,0.76,0.14612703107594208,20.883,semi_arid,1.0,0.0,37.0,7.2,19.5,83.8,84.5,77.3,16.2,74.4,25.6,9.5,9.1,9.6,1.3,8.3,6.2,6.7,1.0,0,5000,99.3,,0,,subcounty_exact,KE003015,Ganze
KILIFI,kilifi north,WATAMU,11293.0,Cowdray Dispensary,Level 2,Operational,-3.4745903,39.5166723,2,22000,0.76,0.1288760154851222,20.883,semi_arid,1.0,0.0,37.0,7.2,19.5,83.8,84.5,77.3,16.2,74.4,25.6,9.5,9.1,9.6,1.3,8.3,6.2,6.7,1.0,0,5000,99.3,,0,,subcounty_exact,KE003011,Kilifi North
KWALE,matuga,TSIMBA GOLINI,11590.0,Mbuguni Dispensary,Level 2,Operational,-4.1086103,39.5547138,2,19800,0.8,0.13139450546197343,16.044,semi_arid,1.0,0.0,22.7,6.2,13.7,84.1,89.3,71.9,15.9,74.0,26.0,9.2,8.5,8.6,2.5,7.8,5.6,6.8,1.0,0,5000,99.3,,0,,subcounty_exact,KE002009,Matuga
KILIFI,ganze,BAMBA,11617.0,Rimarapera Dispensary,Level 2,Operational,-3.4745903,39.5166723,2,18900,0.76,0.14612703107594208,20.883,semi_arid,1.0,0.0,37.0,7.2,19.5,83.8,84.5,77.3,16.2,74.4,25.6,9.5,9.1,9.6,1.3,8.3,6.2,6.7,1.0,0,5000,99.3,,0,,subcounty_exact,KE003015,Ganze
ISIOLO,isiolo,WABERA,16745.0,Kambi Garba Dispensary,Level 2,Operational,0.3962497,37.5964538,2,18900,0.84,0.1472046236206165,4.941,arid,0.8542403183095184,0.14575968169048165,14.1,7.2,11.5,83.7,85.0,52.9,16.3,51.7,48.3,6.1,4.6,4.0,7.5,7.8,6.9,7.3,1.0,1,5000,99.3,,1,,county_mean,,
KILIFI,magarini,ADU,11805.0,Sosoni Dispensary,Level 2,Operational,-3.4745903,39.5166723,2,22000,0.76,0.1430688616634187,20.883,semi_arid,1.0,0.0,37.0,7.2,19.5,83.8,84.5,77.3,16.2,74.4,25.6,9.5,9.1,9.6,1.3,8.3,6.2,6.7,1.0,0,5000,99.3,,0,,subcounty_exact,KE003017,Magarini
MARSABIT,saku,MARSABIT CENTRAL,11983.0,Dakabaricha Dispensary,Level 2,Operational,3.5244107,39.0710346,2,16700,0.92,0.14238372663895527,0.0,arid,1.0,0.0,18.9,20.4,25.9,59.3,68.7,67.1,40.7,27.1,72.9,8.3,4.8,5.9,10.0,4.8,6.6,8.1,1.0,1,5000,93.8,66.1,1,,subcounty_exact,KE010047,Saku
KILIFI,malindi,SHELLA,11855.0,Town Centre Medical Clinic,Level 2,Operational,-3.5226766,39.5291057,2,22000,0.76,0.12831770034594672,17.947,semi_arid,1.0,0.0,37.0,7.2,19.5,83.8,84.5,77.3,16.2,74.4,25.6,9.5,9.1,9.6,1.3,8.3,6.2,6.7,1.0,0,5000,99.3,,0,,subcounty_exact,KE003016,Malindi
KILIFI,rabai,RABAI/KISURUTINI,16185.0,Bengo Medical Clinic,Level 2,Operational,-3.5226766,39.5291057,2,18700,0.76,0.12527744948257474,17.947,semi_arid,1.0,0.0,37.0,7.2,19.5,83.8,84.5,77.3,16.2,74.4,25.6,9.5,9.1,9.6,1.3,8.3,6.2,6.7,0.0,0,5000,99.3,,0,,subcounty_exact,KE003014,Rabai
KILIFI,malindi,SHELLA,11364.0,Egah Medical Clinic,Level 2,Operational,-3.5226766,39.5291057,2,22000,0.76,0.12831770034594672,17.947,semi_arid,1.0,0.0,37.0,7.2,19.5,83.8,84.5,77.3,16.2,74.4,25.6,9.5,9.1,9.6,1.3,8.3,6.2,6.7,1.0,0,5000,99.3,,0,,subcounty_exact,KE003016,Malindi
SAMBURU,samburu north,EL-BARTA,14228.0,Baragoi Sub-County Hospital,Level 4,Operational,1.785346,36.7930969,6,10200,0.87,0.16597543681267224,0.0,arid,0.0,1.0,31.4,15.4,30.2,49.1,56.6,56.3,50.9,19.9,80.1,5.8,1.5,2.8,8.8,9.7,10.0,7.8,1.0,1,5000,92.9,71.9,2,,subcounty_exact,KE025134,Samburu North
KWALE,lunga lunga,DZOMBO,11543.0,Majimoto Dispensary,Level 2,Operational,-4.3959567,39.3108753,2,19800,0.8,0.15456647312342872,12.611,semi_arid,1.0,0.0,22.7,6.2,13.7,84.1,89.3,71.9,15.9,74.0,26.0,9.2,8.5,8.6,2.5,7.8,5.6,6.8,1.0,0,5000,99.3,,1,,subcounty_exact,KE002008,Lunga Lunga
KWALE,kinango,KASEMENI,11662.0,Mtaa Dispensary,Level 2,Operational,-4.3959567,39.3108753,2,19800,0.8,0.16069809559414464,12.611,semi_arid,1.0,0.0,22.7,6.2,13.7,84.1,89.3,71.9,15.9,74.0,26.0,9.2,8.5,8.6,2.5,7.8,5.6,6.8,1.0,0,5000,99.3,,0,,subcounty_exact,KE002010,Kinango
SAMBURU,samburu central,LOOSUK,15079.0,Loosuk  Health Centre,Level 2,Operational,1.7416357,37.3081385,2,8200,0.87,0.16191447860565616,0.0,arid,0.0008656071894026338,0.9991343928105975,31.4,15.4,30.2,49.1,56.6,56.3,50.9,19.9,80.1,5.8,1.5,2.8,8.8,9.7,10.0,7.8,1.0,1,5000,92.9,71.9,1,,county_mean,,
SAMBURU,samburu central,PORRO,15468.0,Porro Health Centre,Level 2,Operational,1.7416357,37.3081385,2,10200,0.87,0.16191447860565616,0.0,arid,0.0008656071894026338,0.9991343928105975,31.4,15.4,30.2,49.1,56.6,56.3,50.9,19.9,80.1,5.8,1.5,2.8,8.8,9.7,10.0,7.8,1.0,1,5000,92.9,71.9,1,,county_mean,,
SAMBURU,samburu north,NACHOLA,15270.0,Nachola Health Centre,Level 2,Operational,1.7416357,37.3081385,2,7200,0.87,0.16597543681267224,0.0,arid,0.0,1.0,31.4,15.4,30.2,49.1,56.6,56.3,50.9,19.9,80.1,5.8,1.5,2.8,8.8,9.7,10.0,7.8,1.0,1,5000,92.9,71.9,1,,subcounty_exact,KE025134,Samburu North
KILIFI,ganze,GANZE,11845.0,Chamalo Medical Clinic,Level 2,Operational,-3.5226766,39.5291057,2,21400,0.76,0.14612703107594208,17.947,semi_arid,1.0,0.0,37.0,7.2,19.5,83.8,84.5,77.3,16.2,74.4,25.6,9.5,9.1,9.6,1.3,8.3,6.2,6.7,1.0,0,5000,99.3,,0,,subcounty_exact,KE003015,Ganze
MARSABIT,saku,MARSABIT CENTRAL,12723.0,Sagante Dispensary,Level 2,Operational,3.5244107,39.0710346,2,16700,0.92,0.14238372663895527,0.0,arid,1.0,0.0,18.9,20.4,25.9,59.3,68.7,67.1,40.7,27.1,72.9,8.3,4.8,5.9,10.0,4.8,6.6,8.1,1.0,1,5000,93.8,66.1,1,,subcounty_exact,KE010047,Saku
KILIFI,kilifi south,SHIMO LA TEWA,11912.0,Oasis Medical Center,Level 2,Operational,-3.183852,39.7841425,2,22000,0.76,0.1265490109662199,8.115,semi_arid,1.0,0.0,37.0,7.2,19.5,83.8,84.5,77.3,16.2,74.4,25.6,9.5,9.1,9.6,1.3,8.3,6.2,6.7,1.0,0,5000,99.3,,0,,subcounty_exact,KE003012,Kilifi South
KILIFI,malindi,JILORE,11870.0,Upendo Health Care Clinic,Level 2,Operational,-3.1735948,39.8601264,2,22000,0.76,0.12831770034594672,15.719,semi_arid,1.0,0.0,37.0,7.2,19.5,83.8,84.5,77.3,16.2,74.4,25.6,9.5,9.1,9.6,1.3,8.3,6.2,6.7,1.0,0,5000,99.3,,0,,subcounty_exact,KE003016,Malindi
MANDERA,mandera north,RHAMU,13423.0,Mandera North Sub county Hospital,Level 4,Operational,3.9420918,41.8614143,6,12400,0.9,0.17047954134766874,0.0,arid,0.0,1.0,20.5,17.3,23.2,50.4,54.7,40.4,49.6,15.7,84.3,9.6,8.2,1.4,10.0,7.5,6.6,8.5,1.0,1,5000,76.4,72.9,0,,subcounty_exact,KE009041,Mandera North
MARSABIT,moyale,GOLBO,12634.0,Nana Dispensary,Level 2,Operational,3.5244107,39.0710346,2,11000,0.92,0.1650847170987961,0.0,arid,0.0819002420488537,0.9180997579511463,18.9,20.4,25.9,59.3,68.7,67.1,40.7,27.1,72.9,8.3,4.8,5.9,10.0,4.8,6.6,8.1,1.0,1,5000,93.8,66.1,1,,subcounty_exact,KE010045,Moyale
KWALE,kinango,MWAVUMBO,11473.0,Kilibasi Dispensary,Level 2,Operational,-4.3959567,39.3108753,2,19800,0.8,0.16069809559414464,12.611,semi_arid,1.0,0.0,22.7,6.2,13.7,84.1,89.3,71.9,15.9,74.0,26.0,9.2,8.5,8.6,2.5,7.8,5.6,6.8,1.0,0,5000,99.3,,1,,subcounty_exact,KE002010,Kinango
KILIFI,kaloleni,MWANAMWINGA,11481.0,Kinarani Dispensary,Level 2,Operational,-3.4745903,39.5166723,2,22000,0.76,0.13836680838586718,20.883,semi_arid,1.0,0.0,37.0,7.2,19.5,83.8,84.5,77.3,16.2,74.4,25.6,9.5,9.1,9.6,1.3,8.3,6.2,6.7,1.0,0,5000,99.3,,3,,subcounty_exact,KE003013,Kaloleni
LAMU,lamu west,HINDI,11247.0,Bargoni Nys Dispensary,Level 2,Operational,-1.6958246,41.52466,2,11300,0.75,0.12589658173524204,6.666,semi_arid,0.66505807148645,0.33494192851355,16.1,3.5,12.5,90.3,92.5,70.5,9.7,65.9,34.1,7.2,9.0,6.8,2.5,7.2,5.2,6.3,1.0,0,5000,97.9,,1,,subcounty_exact,KE005022,Lamu West
ISIOLO,garbatulla,SERICHO,12540.0,Modogashe Dispensary,Level 2,Operational,0.2857858,37.5436727,2,12800,0.84,0.1472046236206165,8.725,arid,0.8542403183095184,0.14575968169048165,14.1,7.2,11.5,83.7,85.0,52.9,16.3,51.7,48.3,6.1,4.6,4.0,7.5,7.8,6.9,7.3,1.0,1,5000,99.3,,2,,county_mean,,
GARISSA,balambala,BALAMBALA,13331.0,Dujis Health Centre,Level 3,Operational,-0.4492675,39.637581,4,12300,0.85,0.1425179211469534,0.0,arid,0.7055406212664277,0.2944593787335723,9.0,15.3,14.1,61.4,68.1,31.2,38.6,19.7,80.3,7.8,6.0,9.4,10.0,4.9,9.6,8.4,1.0,1,5000,77.5,67.8,1,,subcounty_exact,KE007028,Balambala
MARSABIT,moyale,SOLOLO,11930.0,Anona Dispensary,Level 2,Operational,3.5244107,39.0710346,2,11000,0.92,0.1650847170987961,0.0,arid,0.0819002420488537,0.9180997579511463,18.9,20.4,25.9,59.3,68.7,67.1,40.7,27.1,72.9,8.3,4.8,5.9,10.0,4.8,6.6,8.1,1.0,1,5000,93.8,66.1,1,,subcounty_exact,KE010045,Moyale
KWALE,matuga,TIWI,11537.0,Magodzoni Dispensary,Level 2,Operational,-4.2110867,39.5564276,2,19800,0.8,0.13139450546197343,5.474,semi_arid,1.0,0.0,22.7,6.2,13.7,84.1,89.3,71.9,15.9,74.0,26.0,9.2,8.5,8.6,2.5,7.8,5.6,6.8,1.0,0,5000,99.3,,1,,subcounty_exact,KE002009,Matuga
MARSABIT,north horr,TURBI,11956.0,Bubisa Dispensary,Level 2,Operational,3.72,37.54,2,8800,0.92,0.11560098828371891,67.156,arid,0.03895154171215453,0.9610484582878455,18.9,20.4,25.9,59.3,68.7,67.1,40.7,27.1,72.9,8.3,4.8,5.9,10.0,4.8,6.6,8.1,1.0,1,5000,93.8,66.1,2,,subcounty_exact,KE010046,North Horr
KILIFI,malindi,SHELLA,11678.0,Muyeye Medical Clinic,Level 2,Operational,-3.5226766,39.5291057,2,22000,0.76,0.12831770034594672,17.947,semi_arid,1.0,0.0,37.0,7.2,19.5,83.8,84.5,77.3,16.2,74.4,25.6,9.5,9.1,9.6,1.3,8.3,6.2,6.7,1.0,0,5000,99.3,,1,,subcounty_exact,KE003016,Malindi
KILIFI,magarini,GONGONI,11402.0,Gongoni Medical Clinic,Level 2,Operational,-3.5226766,39.5291057,2,22000,0.76,0.1430688616634187,17.947,semi_arid,1.0,0.0,37.0,7.2,19.5,83.8,84.5,77.3,16.2,74.4,25.6,9.5,9.1,9.6,1.3,8.3,6.2,6.7,1.0,0,5000,99.3,,1,,subcounty_exact,KE003017,Magarini
KILIFI,kilifi north,TEZO,11668.0,Mtondia Medical Clinic,Level 2,Operational,-3.5226766,39.5291057,2,22000,0.76,0.1288760154851222,17.947,semi_arid,1.0,0.0,37.0,7.2,19.5,83.8,84.5,77.3,16.2,74.4,25.6,9.5,9.1,9.6,1.3,8.3,6.2,6.7,1.0,0,5000,99.3,,0,,subcounty_exact,KE003011,Kilifi North
GARISSA,garissa,GALBET,13448.0,Utawala Dispensary,Level 2,Operational,0.3507864,40.1116395,2,12800,0.85,0.14363793869304695,41.666,arid,0.5778061924502605,0.42219380754973956,9.0,15.3,14.1,61.4,68.1,31.2,38.6,19.7,80.3,7.8,6.0,9.4,10.0,4.9,9.6,8.4,1.0,1,5000,77.5,67.8,1,,county_mean,,
KILIFI,magarini,ADU,11564.0,Marereni Medical Clinic,Level 2,Operational,-2.8642006,40.1464021,2,22000,0.76,0.1430688616634187,3.956,semi_arid,1.0,0.0,37.0,7.2,19.5,83.8,84.5,77.3,16.2,74.4,25.6,9.5,9.1,9.6,1.3,8.3,6.2,6.7,1.0,0,5000,99.3,,1,,subcounty_exact,KE003017,Magarini
KILIFI,magarini,ADU,11256.0,Bombi Dispensary,Level 2,Operational,-3.4745903,39.5166723,2,22000,0.76,0.1430688616634187,20.883,semi_arid,1.0,0.0,37.0,7.2,19.5,83.8,84.5,77.3,16.2,74.4,25.6,9.5,9.1,9.6,1.3,8.3,6.2,6.7,1.0,0,5000,99.3,,0,,subcounty_exact,KE003017,Magarini
KILIFI,kilifi north,DABASO,11388.0,Gede Medical Clinic,Level 2,Operational,-3.5226766,39.5291057,2,22000,0.76,0.1288760154851222,17.947,semi_arid,1.0,0.0,37.0,7.2,19.5,83.8,84.5,77.3,16.2,74.4,25.6,9.5,9.1,9.6,1.3,8.3,6.2,6.7,1.0,0,5000,99.3,,2,,subcounty_exact,KE003011,Kilifi North
KILIFI,magarini,MARAFA,16524.0,Sacred Heart Medical Clinic,Level 2,Operational,-3.5226766,39.5291057,2,18200,0.76,0.1430688616634187,17.947,semi_arid,1.0,0.0,37.0,7.2,19.5,83.8,84.5,77.3,16.2,74.4,25.6,9.5,9.1,9.6,1.3,8.3,6.2,6.7,1.0,0,5000,99.3,,0,,subcounty_exact,KE003017,Magarini
KILIFI,malindi,SHELLA,11696.0,Mwawesa Medical Clinic,Level 2,Operational,-3.5226766,39.5291057,2,22000,0.76,0.12831770034594672,17.947,semi_arid,1.0,0.0,37.0,7.2,19.5,83.8,84.5,77.3,16.2,74.4,25.6,9.5,9.1,9.6,1.3,8.3,6.2,6.7,1.0,0,5000,99.3,,0,,subcounty_exact,KE003016,Malindi
TANA RIVER,BURA,MADOGO,11588.0,Mbalambala Dispensary,Level 2,Operational,-1.0182385,39.793616,2,8900,0.86,0.1575021369215992,18.955,arid,1.0,0.0,21.1,11.3,16.8,51.1,59.2,61.2,48.9,71.3,28.7,7.5,9.7,8.7,10.0,5.9,10.0,8.0,1.0,1,5000,95.3,66.7,0,,subcounty_exact,KE004020,Bura
ISIOLO,isiolo,WABERA,11960.0,Catholic Dispensary (Isiolo),Level 2,Operational,0.3962497,37.5964538,2,18900,0.84,0.1472046236206165,4.941,arid,0.8542403183095184,0.14575968169048165,14.1,7.2,11.5,83.7,85.0,52.9,16.3,51.7,48.3,6.1,4.6,4.0,7.5,7.8,6.9,7.3,1.0,1,5000,99.3,,0,,county_mean,,
MARSABIT,laisamis,KORR/NGURUNIT,12086.0,Illaut Dispensary,Level 2,Operational,3.5244107,39.0710346,2,11000,0.92,0.16039390545423807,0.0,arid,0.9338066961109585,0.06619330388904154,18.9,20.4,25.9,59.3,68.7,67.1,40.7,27.1,72.9,8.3,4.8,5.9,10.0,4.8,6.6,8.1,1.0,1,5000,93.8,66.1,0,,subcounty_exact,KE010048,Laisamis
KWALE,matuga,TSIMBA GOLINI,11887.0,Vyongwani Dispensary,Level 2,Operational,-4.1528061,39.4881484,2,19800,0.8,0.13139450546197343,15.387,semi_arid,1.0,0.0,22.7,6.2,13.7,84.1,89.3,71.9,15.9,74.0,26.0,9.2,8.5,8.6,2.5,7.8,5.6,6.8,1.0,0,5000,99.3,,2,,subcounty_exact,KE002009,Matuga
KILIFI,magarini,SABAKI,11506.0,Kwa Ndomo Medical Clinic,Level 2,Operational,-3.5226766,39.5291057,2,22000,0.76,0.1430688616634187,17.947,semi_arid,1.0,0.0,37.0,7.2,19.5,83.8,84.5,77.3,16.2,74.4,25.6,9.5,9.1,9.6,1.3,8.3,6.2,6.7,1.0,0,5000,99.3,,0,,subcounty_exact,KE003017,Magarini
LAMU,lamu east,FAZA,11799.0,Siu Dispensary,Level 2,Operational,-1.6958246,41.52466,2,8100,0.75,0.11947817786498383,6.666,semi_arid,0.0,1.0,16.1,3.5,12.5,90.3,92.5,70.5,9.7,65.9,34.1,7.2,9.0,6.8,2.5,7.2,5.2,6.3,1.0,0,5000,97.9,,0,,subcounty_exact,KE005021,Lamu East
KILIFI,malindi,GANDA,11380.0,Gahaleni Dispensary,Level 2,Operational,-3.4745903,39.5166723,2,22000,0.76,0.12831770034594672,20.883,semi_arid,1.0,0.0,37.0,7.2,19.5,83.8,84.5,77.3,16.2,74.4,25.6,9.5,9.1,9.6,1.3,8.3,6.2,6.7,1.0,0,5000,99.3,,0,,subcounty_exact,KE003016,Malindi
ISIOLO,garbatulla,KINNA,11945.0,Barambate Dispensary,Level 2,Operational,0.2857858,37.5436727,2,9100,0.84,0.1472046236206165,8.725,arid,0.8542403183095184,0.14575968169048165,14.1,7.2,11.5,83.7,85.0,52.9,16.3,51.7,48.3,6.1,4.6,4.0,7.5,7.8,6.9,7.3,1.0,1,5000,99.3,,0,,county_mean,,
MARSABIT,saku,KARARE,16205.0,Hulahula Dispensary,Level 2,Operational,3.5244107,39.0710346,2,11000,0.92,0.14238372663895527,0.0,arid,1.0,0.0,18.9,20.4,25.9,59.3,68.7,67.1,40.7,27.1,72.9,8.3,4.8,5.9,10.0,4.8,6.6,8.1,1.0,1,5000,93.8,66.1,1,,subcounty_exact,KE010047,Saku
LAMU,lamu west,HONGWE,11412.0,Hongwe Catholic Dispensary,Level 2,Operational,-1.6958246,41.52466,2,8800,0.75,0.12589658173524204,6.666,semi_arid,0.66505807148645,0.33494192851355,16.1,3.5,12.5,90.3,92.5,70.5,9.7,65.9,34.1,7.2,9.0,6.8,2.5,7.2,5.2,6.3,1.0,0,5000,97.9,,1,,subcounty_exact,KE005022,Lamu West
KILIFI,magarini,MARAFA,11625.0,Mizijini Dispensary,Level 2,Operational,-3.4745903,39.5166723,2,18200,0.76,0.1430688616634187,20.883,semi_arid,1.0,0.0,37.0,7.2,19.5,83.8,84.5,77.3,16.2,74.4,25.6,9.5,9.1,9.6,1.3,8.3,6.2,6.7,1.0,0,5000,99.3,,0,,subcounty_exact,KE003017,Magarini
MARSABIT,moyale,HEILLU/MANYATTA,16218.0,Mansile Dispensary,Level 2,Operational,3.5244107,39.0710346,2,11000,0.92,0.1650847170987961,0.0,arid,0.0819002420488537,0.9180997579511463,18.9,20.4,25.9,59.3,68.7,67.1,40.7,27.1,72.9,8.3,4.8,5.9,10.0,4.8,6.6,8.1,1.0,1,5000,93.8,66.1,1,,subcounty_exact,KE010045,Moyale
SAMBURU,samburu north,NYIRO,15621.0,South Horr health Centre,Level 2,Operational,2.097966,36.9166058,2,8900,0.87,0.16597543681267224,0.0,arid,0.0,1.0,31.4,15.4,30.2,49.1,56.6,56.3,50.9,19.9,80.1,5.8,1.5,2.8,8.8,9.7,10.0,7.8,1.0,1,5000,92.9,71.9,1,,subcounty_exact,KE025134,Samburu North
KILIFI,malindi,MALINDI TOWN,11382.0,Ganda Dispensary,Level 2,Operational,-3.4745903,39.5166723,2,31200,0.76,0.12831770034594672,20.883,semi_arid,1.0,0.0,37.0,7.2,19.5,83.8,84.5,77.3,16.2,74.4,25.6,9.5,9.1,9.6,1.3,8.3,6.2,6.7,1.0,0,5000,99.3,,0,,subcounty_exact,KE003016,Malindi
KWALE,msambweni,RAMISI,11536.0,Mafisini Dispensary,Level 2,Operational,-4.3959567,39.3108753,2,12400,0.8,0.1214771089299197,12.611,semi_arid,1.0,0.0,22.7,6.2,13.7,84.1,89.3,71.9,15.9,74.0,26.0,9.2,8.5,8.6,2.5,7.8,5.6,6.8,1.0,0,5000,99.3,,1,,subcounty_exact,KE002007,Msambweni
WAJIR,wajir east,BARWAGO,24620.0,WAJIR MATERNITY AND NURSING HOME,Level 4,Operational,1.740842,40.049532,6,11400,0.88,0.137552081876905,0.0,arid,1.0,0.0,12.4,22.8,16.2,53.6,56.6,44.9,46.4,43.6,56.4,7.6,5.0,3.4,10.0,7.5,4.8,8.4,1.0,1,5000,84.0,64.7,0,,subcounty_exact,KE008034,Wajir East
WEST POKOT,pokot central,SEKERR,24605.0,Kiwakan Dispensary,Level 2,Operational,1.2509717,35.051975,2,13500,0.83,0.1815939520462156,6.827,semi_arid,0.6093682652151844,0.3906317347848156,33.5,11.0,27.1,55.5,65.3,35.0,44.5,78.8,21.2,8.7,2.4,3.9,1.3,7.7,6.0,6.6,1.0,0,5000,97.9,,0,,county_mean,,
WAJIR,wajir east,TOWNSHIP,24531.0,MAMA GUTHA MEDICAL CLINIC,Level 3,Operational,1.7371504,40.0627419,4,45200,0.88,0.137552081876905,0.0,arid,1.0,0.0,12.4,22.8,16.2,53.6,56.6,44.9,46.4,43.6,56.4,7.6,5.0,3.4,10.0,7.5,4.8,8.4,1.0,1,5000,84.0,64.7,0,,subcounty_exact,KE008034,Wajir East
NAROK,transmara west,ANGATA BARIKOI,24515.0,Oldonyorok Dispensary,Level 2,Operational,-1.6039992,35.6657745,2,21000,0.78,0.15674438967657692,61.914,semi_arid,0.7227641320945796,0.2772358679054203,21.5,2.1,10.7,64.2,70.1,55.3,35.8,76.0,24.0,3.5,2.7,4.3,2.5,9.3,6.0,6.2,1.0,0,5000,96.5,26.2,0,,county_mean,,
TURKANA,turkana central,KANAMKEMER,24499.0,Uzuri Medical Clinic,Level 2,Operational,3.7080543,34.8636959,2,10500,0.89,0.15780605951198964,0.943,arid,0.0,1.0,23.0,22.6,31.7,43.2,52.6,57.7,56.8,49.4,50.6,8.6,9.9,6.1,8.8,5.9,3.5,8.8,1.0,1,5000,99.5,82.7,0,,subcounty_exact,KE023125,Turkana Central
WAJIR,wajir east,TOWNSHIP,24480.0,MAARUF MED,Level 2,Operational,1.7491847,40.0585766,2,45200,0.88,0.137552081876905,0.107,arid,1.0,0.0,12.4,22.8,16.2,53.6,56.6,44.9,46.4,43.6,56.4,7.6,5.0,3.4,10.0,7.5,4.8,8.4,1.0,1,5000,84.0,64.7,0,,subcounty_exact,KE008034,Wajir East
WAJIR,wajir east,TOWNSHIP,24328.0,Camel Hospital,Level 3,Operational,1.7508246,40.0593115,4,45200,0.88,0.137552081876905,0.0,arid,1.0,0.0,12.4,22.8,16.2,53.6,56.6,44.9,46.4,43.6,56.4,7.6,5.0,3.4,10.0,7.5,4.8,8.4,1.0,1,5000,84.0,64.7,0,,subcounty_exact,KE008034,Wajir East
WEST POKOT,west pokot,SIYOI,24240.0,Kaprech Dispensary,Level 2,Operational,1.2509717,35.051975,2,13500,0.83,0.1815939520462156,6.827,semi_arid,0.6093682652151844,0.3906317347848156,33.5,11.0,27.1,55.5,65.3,35.0,44.5,78.8,21.2,8.7,2.4,3.9,1.3,7.7,6.0,6.6,1.0,0,5000,97.9,,0,,county_mean,,
WAJIR,wajir north,GODOMA,24170.0,WATITI DISPENSARY,Level 2,Operational,1.8785676,40.6291198,2,11400,0.88,0.16962182979119392,18.532,arid,1.0,0.0,12.4,22.8,16.2,53.6,56.6,44.9,46.4,43.6,56.4,7.6,5.0,3.4,10.0,7.5,4.8,8.4,1.0,1,5000,84.0,64.7,0,,subcounty_exact,KE008033,Wajir North
NAROK,narok south,SAGAMIAN,24142.0,Saptet Dispensary,Level 2,Operational,-1.6039992,35.6657745,2,21000,0.78,0.1690642707642044,61.914,semi_arid,0.5167525992478772,0.4832474007521228,21.5,2.1,10.7,64.2,70.1,55.3,35.8,76.0,24.0,3.5,2.7,4.3,2.5,9.3,6.0,6.2,1.0,0,5000,96.5,26.2,0,,subcounty_exact,KE033181,Narok South
WEST POKOT,pokot south,TAPACH,24095.0,Kaporowo dispensary,Level 2,Operational,1.2509717,35.051975,2,13500,0.83,0.1767883522831671,6.827,semi_arid,1.0,0.0,33.5,11.0,27.1,55.5,65.3,35.0,44.5,78.8,21.2,8.7,2.4,3.9,1.3,7.7,6.0,6.6,1.0,0,5000,97.9,,0,,subcounty_exact,KE024132,Pokot South
WEST POKOT,west pokot,ENDUGH,24087.0,Tipet Dispensary,Level 2,Operational,1.2509717,35.051975,2,13500,0.83,0.1815939520462156,6.827,semi_arid,0.6093682652151844,0.3906317347848156,33.5,11.0,27.1,55.5,65.3,35.0,44.5,78.8,21.2,8.7,2.4,3.9,1.3,7.7,6.0,6.6,1.0,0,5000,97.9,,0,,county_mean,,
WEST POKOT,pokot south,CHEPARERIA,24078.0,Tiriken Dispensary,Level 2,Operational,1.2509717,35.051975,2,18900,0.83,0.1767883522831671,6.827,semi_arid,1.0,0.0,33.5,11.0,27.1,55.5,65.3,35.0,44.5,78.8,21.2,8.7,2.4,3.9,1.3,7.7,6.0,6.6,1.0,0,5000,97.9,,0,,subcounty_exact,KE024132,Pokot South
WEST POKOT,west pokot,ENDUGH,24075.0,Tamarukwo Dispensary,Level 2,Operational,1.2509717,35.051975,2,13500,0.83,0.1815939520462156,6.827,semi_arid,0.6093682652151844,0.3906317347848156,33.5,11.0,27.1,55.5,65.3,35.0,44.5,78.8,21.2,8.7,2.4,3.9,1.3,7.7,6.0,6.6,1.0,0,5000,97.9,,0,,county_mean,,
WEST POKOT,west pokot,KAPENGURIA,24097.0,Emboasis Dispensary,Level 2,Operational,1.4130011,35.1270712,2,22400,0.83,0.1815939520462156,16.744,semi_arid,0.6093682652151844,0.3906317347848156,33.5,11.0,27.1,55.5,65.3,35.0,44.5,78.8,21.2,8.7,2.4,3.9,1.3,7.7,6.0,6.6,1.0,0,5000,97.9,,0,,county_mean,,
WEST POKOT,pokot north,KIWAWA,24019.0,Kamila GOK Dispensary,Level 2,Operational,1.2509717,35.051975,2,13500,0.83,0.1815939520462156,6.827,semi_arid,0.6093682652151844,0.3906317347848156,33.5,11.0,27.1,55.5,65.3,35.0,44.5,78.8,21.2,8.7,2.4,3.9,1.3,7.7,6.0,6.6,1.0,0,5000,97.9,,0,,county_mean,,
WEST POKOT,pokot north,SUAM,24017.0,Kanyikeny Dispensary,Level 2,Operational,1.2509717,35.051975,2,13500,0.83,0.1815939520462156,6.827,semi_arid,0.6093682652151844,0.3906317347848156,33.5,11.0,27.1,55.5,65.3,35.0,44.5,78.8,21.2,8.7,2.4,3.9,1.3,7.7,6.0,6.6,1.0,0,5000,97.9,,0,,county_mean,,
WEST POKOT,west pokot,KAPENGURIA,23967.0,St.Francis dispensary Kapenguria,Level 2,Operational,1.2509717,35.051975,2,22400,0.83,0.1815939520462156,6.827,semi_arid,0.6093682652151844,0.3906317347848156,33.5,11.0,27.1,55.5,65.3,35.0,44.5,78.8,21.2,8.7,2.4,3.9,1.3,7.7,6.0,6.6,1.0,0,5000,97.9,,0,,county_mean,,
NAROK,narok west,MARA,23823.0,Naishorua Medical Clinic,Level 2,Operational,-1.5413936,36.0141881,2,18200,0.78,0.16826634103750007,53.333,semi_arid,0.1186595635641209,0.8813404364358791,21.5,2.1,10.7,64.2,70.1,55.3,35.8,76.0,24.0,3.5,2.7,4.3,2.5,9.3,6.0,6.2,1.0,0,5000,96.5,26.2,0,,subcounty_exact,KE033182,Narok West
TURKANA,turkana central,KERIO DELTA,23699.0,Elelea Dispensary,Level 2,Operational,3.7743965,34.6261937,2,10500,0.89,0.15780605951198964,24.094,arid,0.0,1.0,23.0,22.6,31.7,43.2,52.6,57.7,56.8,49.4,50.6,8.6,9.9,6.1,8.8,5.9,3.5,8.8,1.0,1,5000,99.5,82.7,1,,subcounty_exact,KE023125,Turkana Central
TURKANA,turkana central,KALOKOL,23698.0,Moruongor Dispensary,Level 2,Operational,3.7743965,34.6261937,2,10500,0.89,0.15780605951198964,24.094,arid,0.0,1.0,23.0,22.6,31.7,43.2,52.6,57.7,56.8,49.4,50.6,8.6,9.9,6.1,8.8,5.9,3.5,8.8,1.0,1,5000,99.5,82.7,0,,subcounty_exact,KE023125,Turkana Central
TURKANA,turkana central,KANG'ATOTHA,23697.0,Kenya Oil Dispensary,Level 2,Operational,3.7743965,34.6261937,2,10500,0.89,0.15780605951198964,24.094,arid,0.0,1.0,23.0,22.6,31.7,43.2,52.6,57.7,56.8,49.4,50.6,8.6,9.9,6.1,8.8,5.9,3.5,8.8,1.0,1,5000,99.5,82.7,0,,subcounty_exact,KE023125,Turkana Central
WAJIR,wajir west,HADADO/ATHIBOHOL,23627.0,Bojiyare Dispensary,Level 2,Operational,1.8785676,40.6291198,2,11400,0.88,0.1538258126664526,18.532,arid,1.0,0.0,12.4,22.8,16.2,53.6,56.6,44.9,46.4,43.6,56.4,7.6,5.0,3.4,10.0,7.5,4.8,8.4,1.0,1,5000,84.0,64.7,0,,subcounty_exact,KE008036,Wajir West
WAJIR,wajir west,GANYURE/WAGALLA,23626.0,Boa Dispensary,Level 2,Operational,1.8785676,40.6291198,2,11400,0.88,0.1538258126664526,18.532,arid,1.0,0.0,12.4,22.8,16.2,53.6,56.6,44.9,46.4,43.6,56.4,7.6,5.0,3.4,10.0,7.5,4.8,8.4,1.0,1,5000,84.0,64.7,0,,subcounty_exact,KE008036,Wajir West
WEST POKOT,west pokot,SOOK,23569.0,Wonyoi Dispensary,Level 2,Operational,1.2509717,35.051975,2,11200,0.83,0.1815939520462156,6.827,semi_arid,0.6093682652151844,0.3906317347848156,33.5,11.0,27.1,55.5,65.3,35.0,44.5,78.8,21.2,8.7,2.4,3.9,1.3,7.7,6.0,6.6,1.0,0,5000,97.9,,0,,county_mean,,
TURKANA,turkana central,KANAMKEMER,23530.0,Nabulon Dispensary,Level 2,Operational,3.7743965,34.6261937,2,10500,0.89,0.15780605951198964,24.094,arid,0.0,1.0,23.0,22.6,31.7,43.2,52.6,57.7,56.8,49.4,50.6,8.6,9.9,6.1,8.8,5.9,3.5,8.8,1.0,1,5000,99.5,82.7,0,,subcounty_exact,KE023125,Turkana Central
WAJIR,wajir west,ADEMASAJIDE,23532.0,Lagdima dispensary,Level 2,Operational,1.8785676,40.6291198,2,11400,0.88,0.1538258126664526,18.532,arid,1.0,0.0,12.4,22.8,16.2,53.6,56.6,44.9,46.4,43.6,56.4,7.6,5.0,3.4,10.0,7.5,4.8,8.4,1.0,1,5000,84.0,64.7,0,,subcounty_exact,KE008036,Wajir West
WAJIR,wajir west,GANYURE/WAGALLA,23531.0,Maumau dispensary,Level 2,Operational,1.8785676,40.6291198,2,11400,0.88,0.1538258126664526,18.532,arid,1.0,0.0,12.4,22.8,16.2,53.6,56.6,44.9,46.4,43.6,56.4,7.6,5.0,3.4,10.0,7.5,4.8,8.4,1.0,1,5000,84.0,64.7,0,,subcounty_exact,KE008036,Wajir West
WAJIR,wajir west,ARBAJAHAN,23533.0,Qara Dispensary,Level 2,Operational,1.8785676,40.6291198,2,11400,0.88,0.1538258126664526,18.532,arid,1.0,0.0,12.4,22.8,16.2,53.6,56.6,44.9,46.4,43.6,56.4,7.6,5.0,3.4,10.0,7.5,4.8,8.4,1.0,1,5000,84.0,64.7,0,,subcounty_exact,KE008036,Wajir West
TURKANA,turkana central,LODWAR TOWNSHIP,23450.0,Shepherds Medical Centre,Level 2,Operational,3.7086577,34.8650925,2,10500,0.89,0.15780605951198964,1.077,arid,0.0,1.0,23.0,22.6,31.7,43.2,52.6,57.7,56.8,49.4,50.6,8.6,9.9,6.1,8.8,5.9,3.5,8.8,1.0,1,5000,99.5,82.7,0,,subcounty_exact,KE023125,Turkana Central
WAJIR,wajir east,WAGBERI,23406.0,AFARSHANLE DISPENSARY,Level 2,Operational,1.8785676,40.6291198,2,11400,0.88,0.137552081876905,18.532,arid,1.0,0.0,12.4,22.8,16.2,53.6,56.6,44.9,46.4,43.6,56.4,7.6,5.0,3.4,10.0,7.5,4.8,8.4,1.0,1,5000,84.0,64.7,0,,subcounty_exact,KE008034,Wajir East
TURKANA,turkana north,KAERIS,23618.0,Lomi Dispensary,Level 2,Operational,3.7743965,34.6261937,2,10500,0.89,0.15423652551061806,24.094,arid,0.00596735289995648,0.9940326471000435,23.0,22.6,31.7,43.2,52.6,57.7,56.8,49.4,50.6,8.6,9.9,6.1,8.8,5.9,3.5,8.8,1.0,1,5000,99.5,82.7,0,,subcounty_exact,KE023123,Turkana North
TURKANA,turkana north,KAERIS,23395.0,Lokapelpus dispensary,Level 2,Operational,3.7743965,34.6261937,2,10500,0.89,0.15423652551061806,24.094,arid,0.00596735289995648,0.9940326471000435,23.0,22.6,31.7,43.2,52.6,57.7,56.8,49.4,50.6,8.6,9.9,6.1,8.8,5.9,3.5,8.8,1.0,1,5000,99.5,82.7,0,,subcounty_exact,KE023123,Turkana North
TURKANA,turkana west,LOKICHOGGIO,22971.0,Songot Medical Clinic,Level 2,Operational,3.7080543,34.8636959,2,8920,0.89,0.1365070952706123,0.943,arid,1.0,0.0,23.0,22.6,31.7,43.2,52.6,57.7,56.8,49.4,50.6,8.6,9.9,6.1,8.8,5.9,3.5,8.8,1.0,1,5000,99.5,82.7,0,,subcounty_exact,KE023124,Turkana West
NAROK,narok west,MARA,22968.0,Emayian Medical Clinic,Level 2,Operational,-1.5413936,36.0141881,2,18200,0.78,0.16826634103750007,53.333,semi_arid,0.1186595635641209,0.8813404364358791,21.5,2.1,10.7,64.2,70.1,55.3,35.8,76.0,24.0,3.5,2.7,4.3,2.5,9.3,6.0,6.2,1.0,0,5000,96.5,26.2,0,,subcounty_exact,KE033182,Narok West
WAJIR,wajir south,BENANE,22878.0,shidley dispensary,Level 2,Operational,1.8785676,40.6291198,2,11400,0.88,0.15192846408331026,18.532,arid,0.35907377852732647,0.6409262214726735,12.4,22.8,16.2,53.6,56.6,44.9,46.4,43.6,56.4,7.6,5.0,3.4,10.0,7.5,4.8,8.4,1.0,1,5000,84.0,64.7,0,,subcounty_exact,KE008038,Wajir South
TURKANA,loima,TURKWEL,22853.0,Naagis Dispensary,Level 2,Operational,3.7743965,34.6261937,2,10500,0.89,0.14487383922708938,24.094,arid,0.0621624881075214,0.9378375118924785,23.0,22.6,31.7,43.2,52.6,57.7,56.8,49.4,50.6,8.6,9.9,6.1,8.8,5.9,3.5,8.8,1.0,1,5000,99.5,82.7,0,,subcounty_exact,KE023126,Loima
TURKANA,turkana north,LAPUR,22852.0,Sasame Dispensary,Level 2,Operational,3.7743965,34.6261937,2,10500,0.89,0.15423652551061806,24.094,arid,0.00596735289995648,0.9940326471000435,23.0,22.6,31.7,43.2,52.6,57.7,56.8,49.4,50.6,8.6,9.9,6.1,8.8,5.9,3.5,8.8,1.0,1,5000,99.5,82.7,0,,subcounty_exact,KE023123,Turkana North
TURKANA,turkana west,KALOBEYEI,22779.0,Lomunyenekirionok dispensary,Level 2,Operational,3.7743965,34.6261937,2,14800,0.89,0.1365070952706123,24.094,arid,1.0,0.0,23.0,22.6,31.7,43.2,52.6,57.7,56.8,49.4,50.6,8.6,9.9,6.1,8.8,5.9,3.5,8.8,1.0,1,5000,99.5,82.7,0,,subcounty_exact,KE023124,Turkana West
WAJIR,wajir south,BENANE,22667.0,machesa dispensary,Level 2,Operational,1.8785676,40.6291198,2,11400,0.88,0.15192846408331026,18.532,arid,0.35907377852732647,0.6409262214726735,12.4,22.8,16.2,53.6,56.6,44.9,46.4,43.6,56.4,7.6,5.0,3.4,10.0,7.5,4.8,8.4,1.0,1,5000,84.0,64.7,0,,subcounty_exact,KE008038,Wajir South
TURKANA,turkana east,KATILIA,22663.0,Lokorkor Dispensary,Level 2,Operational,3.7743965,34.6261937,2,10500,0.89,0.1030812324929972,24.094,arid,0.0,1.0,23.0,22.6,31.7,43.2,52.6,57.7,56.8,49.4,50.6,8.6,9.9,6.1,8.8,5.9,3.5,8.8,1.0,1,5000,99.5,82.7,0,,subcounty_exact,KE023128,Turkana East
NAROK,narok south,MAJI MOTO/NAROOSURA,22622.0,Oltumusoi Dispensary,Level 2,Operational,-1.6039992,35.6657745,2,21000,0.78,0.1690642707642044,61.914,semi_arid,0.5167525992478772,0.4832474007521228,21.5,2.1,10.7,64.2,70.1,55.3,35.8,76.0,24.0,3.5,2.7,4.3,2.5,9.3,6.0,6.2,1.0,0,5000,96.5,26.2,0,,subcounty_exact,KE033181,Narok South
TURKANA,turkana central,LODWAR TOWNSHIP,22409.0,Kawalase Dispensary,Level 2,Operational,3.7743965,34.6261937,2,10500,0.89,0.15780605951198964,24.094,arid,0.0,1.0,23.0,22.6,31.7,43.2,52.6,57.7,56.8,49.4,50.6,8.6,9.9,6.1,8.8,5.9,3.5,8.8,1.0,1,5000,99.5,82.7,0,,subcounty_exact,KE023125,Turkana Central
WEST POKOT,west pokot,KAPENGURIA,22374.0,Komol Dispensary,Level 2,Operational,1.3436033,35.0866983,2,22400,0.83,0.1815939520462156,9.713,semi_arid,0.6093682652151844,0.3906317347848156,33.5,11.0,27.1,55.5,65.3,35.0,44.5,78.8,21.2,8.7,2.4,3.9,1.3,7.7,6.0,6.6,1.0,0,5000,97.9,,0,,county_mean,,
WEST POKOT,west pokot,RIWO,22373.0,Kreswo dispensary,Level 2,Operational,1.2509717,35.051975,2,13500,0.83,0.1815939520462156,6.827,semi_arid,0.6093682652151844,0.3906317347848156,33.5,11.0,27.1,55.5,65.3,35.0,44.5,78.8,21.2,8.7,2.4,3.9,1.3,7.7,6.0,6.6,1.0,0,5000,97.9,,0,,county_mean,,
TURKANA,turkana west,SONGOT,22363.0,Lomidat dispensary,Level 2,Operational,3.7743965,34.6261937,2,10500,0.89,0.1365070952706123,24.094,arid,1.0,0.0,23.0,22.6,31.7,43.2,52.6,57.7,56.8,49.4,50.6,8.6,9.9,6.1,8.8,5.9,3.5,8.8,1.0,1,5000,99.5,82.7,0,,subcounty_exact,KE023124,Turkana West
TURKANA,turkana west,KAKUMA,22362.0,Kenyangaluk dispensary,Level 2,Operational,3.7743965,34.6261937,2,18450,0.89,0.1365070952706123,24.094,arid,1.0,0.0,23.0,22.6,31.7,43.2,52.6,57.7,56.8,49.4,50.6,8.6,9.9,6.1,8.8,5.9,3.5,8.8,1.0,1,5000,99.5,82.7,0,,subcounty_exact,KE023124,Turkana West
WEST POKOT,pokot south,TAPACH,22357.0,sukut dispensary,Level 2,Operational,1.2509717,35.051975,2,13500,0.83,0.1767883522831671,6.827,semi_arid,1.0,0.0,33.5,11.0,27.1,55.5,65.3,35.0,44.5,78.8,21.2,8.7,2.4,3.9,1.3,7.7,6.0,6.6,1.0,0,5000,97.9,,0,,subcounty_exact,KE024132,Pokot South
TURKANA,turkana west,KAKUMA,22335.0,IOM Migration Health Assessment Centre Kakuma,Level 2,Operational,3.735405,34.8397987,2,18450,0.89,0.1365070952706123,0.0,arid,1.0,0.0,23.0,22.6,31.7,43.2,52.6,57.7,56.8,49.4,50.6,8.6,9.9,6.1,8.8,5.9,3.5,8.8,1.0,1,5000,99.5,82.7,0,,subcounty_exact,KE023124,Turkana West
NAROK,transmara east,IIKERIN,22325.0,mogondo dispensary,Level 2,Operational,-1.6039992,35.6657745,2,21000,0.78,0.15674438967657692,61.914,semi_arid,0.7227641320945796,0.2772358679054203,21.5,2.1,10.7,64.2,70.1,55.3,35.8,76.0,24.0,3.5,2.7,4.3,2.5,9.3,6.0,6.2,1.0,0,5000,96.5,26.2,0,,county_mean,,
TURKANA,turkana west,KALOBEYEI,22215.0,Kenya Red Cross Kalobeyei Health centre,Level 3,Operational,3.735405,34.8397987,4,14800,0.89,0.1365070952706123,0.0,arid,1.0,0.0,23.0,22.6,31.7,43.2,52.6,57.7,56.8,49.4,50.6,8.6,9.9,6.1,8.8,5.9,3.5,8.8,1.0,1,5000,99.5,82.7,0,,subcounty_exact,KE023124,Turkana West
NAROK,transmara east,OLOlMASANI,22083.0,kelonget dispensary,Level 2,Operational,-1.6039992,35.6657745,2,21000,0.78,0.15674438967657692,61.914,semi_arid,0.7227641320945796,0.2772358679054203,21.5,2.1,10.7,64.2,70.1,55.3,35.8,76.0,24.0,3.5,2.7,4.3,2.5,9.3,6.0,6.2,1.0,0,5000,96.5,26.2,0,,county_mean,,
TURKANA,turkana south,KATILU,22000.0,Korinyang Dispensary,Level 2,Operational,3.7743965,34.6261937,2,10500,0.89,0.1319170700709337,24.094,arid,0.0,1.0,23.0,22.6,31.7,43.2,52.6,57.7,56.8,49.4,50.6,8.6,9.9,6.1,8.8,5.9,3.5,8.8,1.0,1,5000,99.5,82.7,0,,subcounty_exact,KE023127,Turkana South
WEST POKOT,pokot south,BATEI,21929.0,Kapkaremba Dispensary,Level 2,Operational,1.2509717,35.051975,2,8100,0.83,0.1767883522831671,6.827,semi_arid,1.0,0.0,33.5,11.0,27.1,55.5,65.3,35.0,44.5,78.8,21.2,8.7,2.4,3.9,1.3,7.7,6.0,6.6,1.0,0,5000,97.9,,0,,subcounty_exact,KE024132,Pokot South
WEST POKOT,pokot south,CHEPARERIA,21928.0,Chesra Dispensary,Level 2,Operational,1.2509717,35.051975,2,18900,0.83,0.1767883522831671,6.827,semi_arid,1.0,0.0,33.5,11.0,27.1,55.5,65.3,35.0,44.5,78.8,21.2,8.7,2.4,3.9,1.3,7.7,6.0,6.6,1.0,0,5000,97.9,,0,,subcounty_exact,KE024132,Pokot South
WAJIR,eldas,ELDAS,21772.0,Eldas Nomadic Clinic,Level 2,Operational,2.4952611,39.5678001,2,11400,0.88,0.1521753543818705,50.974,arid,1.0,0.0,12.4,22.8,16.2,53.6,56.6,44.9,46.4,43.6,56.4,7.6,5.0,3.4,10.0,7.5,4.8,8.4,1.0,1,5000,84.0,64.7,0,,subcounty_exact,KE008037,Eldas
TURKANA,turkana north,KAALENG/KAIKOR,21394.0,Nakapelewoi Dispensary,Level 2,Operational,3.7743965,34.6261937,2,10500,0.89,0.15423652551061806,24.094,arid,0.00596735289995648,0.9940326471000435,23.0,22.6,31.7,43.2,52.6,57.7,56.8,49.4,50.6,8.6,9.9,6.1,8.8,5.9,3.5,8.8,1.0,1,5000,99.5,82.7,0,,subcounty_exact,KE023123,Turkana North
TURKANA,turkana north,KAERIS,21393.0,Nakitoekakumon Dispensary,Level 2,Operational,3.7743965,34.6261937,2,10500,0.89,0.15423652551061806,24.094,arid,0.00596735289995648,0.9940326471000435,23.0,22.6,31.7,43.2,52.6,57.7,56.8,49.4,50.6,8.6,9.9,6.1,8.8,5.9,3.5,8.8,1.0,1,5000,99.5,82.7,0,,subcounty_exact,KE023123,Turkana North
TURKANA,turkana north,LAKEZONE,21392.0,Epur Dispensary,Level 2,Operational,3.7743965,34.6261937,2,10500,0.89,0.15423652551061806,24.094,arid,0.00596735289995648,0.9940326471000435,23.0,22.6,31.7,43.2,52.6,57.7,56.8,49.4,50.6,8.6,9.9,6.1,8.8,5.9,3.5,8.8,1.0,1,5000,99.5,82.7,0,,subcounty_exact,KE023123,Turkana North
TURKANA,turkana north,LAKEZONE,21391.0,Riokomor Dispensary,Level 2,Operational,3.7743965,34.6261937,2,10500,0.89,0.15423652551061806,24.094,arid,0.00596735289995648,0.9940326471000435,23.0,22.6,31.7,43.2,52.6,57.7,56.8,49.4,50.6,8.6,9.9,6.1,8.8,5.9,3.5,8.8,1.0,1,5000,99.5,82.7,0,,subcounty_exact,KE023123,Turkana North
TURKANA,kibish,KIBISH,21389.0,Ekicheles Dispensary,Level 2,Operational,3.7743965,34.6261937,2,10500,0.89,0.13807030368070672,24.094,arid,0.178021640167913,0.821978359832087,23.0,22.6,31.7,43.2,52.6,57.7,56.8,49.4,50.6,8.6,9.9,6.1,8.8,5.9,3.5,8.8,1.0,1,5000,99.5,82.7,1,,county_mean,,
TURKANA,turkana west,LOPUR,21388.0,Nakoyo Dispensary,Level 2,Operational,3.7743965,34.6261937,2,10500,0.89,0.1365070952706123,24.094,arid,1.0,0.0,23.0,22.6,31.7,43.2,52.6,57.7,56.8,49.4,50.6,8.6,9.9,6.1,8.8,5.9,3.5,8.8,1.0,1,5000,99.5,82.7,0,,subcounty_exact,KE023124,Turkana West
TURKANA,turkana west,KAKUMA,21376.0,Shephards Hospital,Level 2,Operational,3.7106229,34.8555924,2,18450,0.89,0.1365070952706123,0.0,arid,1.0,0.0,23.0,22.6,31.7,43.2,52.6,57.7,56.8,49.4,50.6,8.6,9.9,6.1,8.8,5.9,3.5,8.8,1.0,1,5000,99.5,82.7,0,,subcounty_exact,KE023124,Turkana West
TURKANA,turkana west,SONGOT,21375.0,Teremkus Dispensary,Level 2,Operational,3.7743965,34.6261937,2,10500,0.89,0.1365070952706123,24.094,arid,1.0,0.0,23.0,22.6,31.7,43.2,52.6,57.7,56.8,49.4,50.6,8.6,9.9,6.1,8.8,5.9,3.5,8.8,1.0,1,5000,99.5,82.7,0,,subcounty_exact,KE023124,Turkana West
TURKANA,turkana west,KAKUMA,21374.0,Moruangibuin Dispensary,Level 2,Operational,3.7743965,34.6261937,2,18450,0.89,0.1365070952706123,24.094,arid,1.0,0.0,23.0,22.6,31.7,43.2,52.6,57.7,56.8,49.4,50.6,8.6,9.9,6.1,8.8,5.9,3.5,8.8,1.0,1,5000,99.5,82.7,0,,subcounty_exact,KE023124,Turkana West
TURKANA,turkana west,LETEA,21371.0,Kaemeyan Dispensary (Letea),Level 2,Operational,3.7743965,34.6261937,2,10500,0.89,0.1365070952706123,24.094,arid,1.0,0.0,23.0,22.6,31.7,43.2,52.6,57.7,56.8,49.4,50.6,8.6,9.9,6.1,8.8,5.9,3.5,8.8,1.0,1,5000,99.5,82.7,0,,subcounty_exact,KE023124,Turkana West
TURKANA,turkana central,KALOKOL,21369.0,Kapokor Dispensary,Level 2,Operational,3.7743965,34.6261937,2,10500,0.89,0.15780605951198964,24.094,arid,0.0,1.0,23.0,22.6,31.7,43.2,52.6,57.7,56.8,49.4,50.6,8.6,9.9,6.1,8.8,5.9,3.5,8.8,1.0,1,5000,99.5,82.7,0,,subcounty_exact,KE023125,Turkana Central
TURKANA,turkana central,LODWAR TOWNSHIP,21368.0,Chokchok Dispensary,Level 2,Operational,3.7743965,34.6261937,2,10500,0.89,0.15780605951198964,24.094,arid,0.0,1.0,23.0,22.6,31.7,43.2,52.6,57.7,56.8,49.4,50.6,8.6,9.9,6.1,8.8,5.9,3.5,8.8,1.0,1,5000,99.5,82.7,0,,subcounty_exact,KE023125,Turkana Central
TURKANA,turkana central,LODWAR TOWNSHIP,21367.0,Monti Dispensary,Level 2,Operational,3.7743965,34.6261937,2,10500,0.89,0.15780605951198964,24.094,arid,0.0,1.0,23.0,22.6,31.7,43.2,52.6,57.7,56.8,49.4,50.6,8.6,9.9,6.1,8.8,5.9,3.5,8.8,1.0,1,5000,99.5,82.7,0,,subcounty_exact,KE023125,Turkana Central
TURKANA,turkana central,KALOKOL,21366.0,Nakiria Dispensary,Level 2,Operational,3.7743965,34.6261937,2,10500,0.89,0.15780605951198964,24.094,arid,0.0,1.0,23.0,22.6,31.7,43.2,52.6,57.7,56.8,49.4,50.6,8.6,9.9,6.1,8.8,5.9,3.5,8.8,1.0,1,5000,99.5,82.7,0,,subcounty_exact,KE023125,Turkana Central
TURKANA,turkana central,KANG'ATOTHA,21365.0,Akatuman Dispensary,Level 2,Operational,3.7743965,34.6261937,2,10500,0.89,0.15780605951198964,24.094,arid,0.0,1.0,23.0,22.6,31.7,43.2,52.6,57.7,56.8,49.4,50.6,8.6,9.9,6.1,8.8,5.9,3.5,8.8,1.0,1,5000,99.5,82.7,0,,subcounty_exact,KE023125,Turkana Central
TURKANA,turkana central,KERIO DELTA,21363.0,Lodoketengol Dispensary,Level 2,Operational,3.7743965,34.6261937,2,10500,0.89,0.15780605951198964,24.094,arid,0.0,1.0,23.0,22.6,31.7,43.2,52.6,57.7,56.8,49.4,50.6,8.6,9.9,6.1,8.8,5.9,3.5,8.8,1.0,1,5000,99.5,82.7,0,,subcounty_exact,KE023125,Turkana Central
TURKANA,turkana central,KERIO DELTA,21362.0,Louwae Dispensary,Level 2,Operational,3.7743965,34.6261937,2,10500,0.89,0.15780605951198964,24.094,arid,0.0,1.0,23.0,22.6,31.7,43.2,52.6,57.7,56.8,49.4,50.6,8.6,9.9,6.1,8.8,5.9,3.5,8.8,1.0,1,5000,99.5,82.7,0,,subcounty_exact,KE023125,Turkana Central
TURKANA,loima,TURKWEL,21350.0,Kaesogoletom dispensary,Level 2,Operational,3.7743965,34.6261937,2,10500,0.89,0.14487383922708938,24.094,arid,0.0621624881075214,0.9378375118924785,23.0,22.6,31.7,43.2,52.6,57.7,56.8,49.4,50.6,8.6,9.9,6.1,8.8,5.9,3.5,8.8,1.0,1,5000,99.5,82.7,0,,subcounty_exact,KE023126,Loima
TURKANA,loima,TURKWEL,21349.0,Nakorimunyen dispensary,Level 2,Operational,3.7743965,34.6261937,2,10500,0.89,0.14487383922708938,24.094,arid,0.0621624881075214,0.9378375118924785,23.0,22.6,31.7,43.2,52.6,57.7,56.8,49.4,50.6,8.6,9.9,6.1,8.8,5.9,3.5,8.8,1.0,1,5000,99.5,82.7,0,,subcounty_exact,KE023126,Loima
TURKANA,loima,LOIMA,21348.0,Lochoredome Dispensary (Loima),Level 2,Operational,3.7743965,34.6261937,2,11200,0.89,0.14487383922708938,24.094,arid,0.0621624881075214,0.9378375118924785,23.0,22.6,31.7,43.2,52.6,57.7,56.8,49.4,50.6,8.6,9.9,6.1,8.8,5.9,3.5,8.8,1.0,1,5000,99.5,82.7,1,,subcounty_exact,KE023126,Loima
TURKANA,loima,LOIMA,21347.0,Lochoralomala dispensary,Level 2,Operational,3.7743965,34.6261937,2,11200,0.89,0.14487383922708938,24.094,arid,0.0621624881075214,0.9378375118924785,23.0,22.6,31.7,43.2,52.6,57.7,56.8,49.4,50.6,8.6,9.9,6.1,8.8,5.9,3.5,8.8,1.0,1,5000,99.5,82.7,0,,subcounty_exact,KE023126,Loima
TURKANA,turkana south,LOKICHAR,21346.0,Kaekorisogol Dispensary,Level 2,Operational,3.7743965,34.6261937,2,8700,0.89,0.1319170700709337,24.094,arid,0.0,1.0,23.0,22.6,31.7,43.2,52.6,57.7,56.8,49.4,50.6,8.6,9.9,6.1,8.8,5.9,3.5,8.8,1.0,1,5000,99.5,82.7,0,,subcounty_exact,KE023127,Turkana South
TURKANA,turkana south,LOKICHAR,21345.0,Lokichar Health Centre,Level 3,Operational,3.735405,34.8397987,4,8700,0.89,0.1319170700709337,0.0,arid,0.0,1.0,23.0,22.6,31.7,43.2,52.6,57.7,56.8,49.4,50.6,8.6,9.9,6.1,8.8,5.9,3.5,8.8,1.0,1,5000,99.5,82.7,0,,subcounty_exact,KE023127,Turkana South
TURKANA,turkana west,SONGOT,21344.0,Atiir Dispensary,Level 2,Operational,3.7743965,34.6261937,2,10500,0.89,0.1365070952706123,24.094,arid,1.0,0.0,23.0,22.6,31.7,43.2,52.6,57.7,56.8,49.4,50.6,8.6,9.9,6.1,8.8,5.9,3.5,8.8,1.0,1,5000,99.5,82.7,0,,subcounty_exact,KE023124,Turkana West
TURKANA,turkana west,KAKUMA,21343.0,Pokotom Dispensary,Level 2,Operational,3.7743965,34.6261937,2,18450,0.89,0.1365070952706123,24.094,arid,1.0,0.0,23.0,22.6,31.7,43.2,52.6,57.7,56.8,49.4,50.6,8.6,9.9,6.1,8.8,5.9,3.5,8.8,1.0,1,5000,99.5,82.7,0,,subcounty_exact,KE023124,Turkana West
TURKANA,turkana west,NANAAM,21342.0,Nasinyono Dispensary,Level 2,Operational,3.7743965,34.6261937,2,10500,0.89,0.1365070952706123,24.094,arid,1.0,0.0,23.0,22.6,31.7,43.2,52.6,57.7,56.8,49.4,50.6,8.6,9.9,6.1,8.8,5.9,3.5,8.8,1.0,1,5000,99.5,82.7,1,,subcounty_exact,KE023124,Turkana West
TURKANA,turkana west,LOPUR,21341.0,Namon Dispensary,Level 2,Operational,3.7743965,34.6261937,2,10500,0.89,0.1365070952706123,24.094,arid,1.0,0.0,23.0,22.6,31.7,43.2,52.6,57.7,56.8,49.4,50.6,8.6,9.9,6.1,8.8,5.9,3.5,8.8,1.0,1,5000,99.5,82.7,1,,subcounty_exact,KE023124,Turkana West
TURKANA,turkana west,KALOBEYEI,21340.0,Nalapatui Dispensary,Level 2,Operational,3.7743965,34.6261937,2,14800,0.89,0.1365070952706123,24.094,arid,1.0,0.0,23.0,22.6,31.7,43.2,52.6,57.7,56.8,49.4,50.6,8.6,9.9,6.1,8.8,5.9,3.5,8.8,1.0,1,5000,99.5,82.7,0,,subcounty_exact,KE023124,Turkana West
TURKANA,turkana west,LETEA,21339.0,Loreng Dispensary,Level 2,Operational,3.7743965,34.6261937,2,10500,0.89,0.1365070952706123,24.094,arid,1.0,0.0,23.0,22.6,31.7,43.2,52.6,57.7,56.8,49.4,50.6,8.6,9.9,6.1,8.8,5.9,3.5,8.8,1.0,1,5000,99.5,82.7,1,,subcounty_exact,KE023124,Turkana West
TURKANA,turkana west,KAKUMA,21337.0,Lochorangierengo Dispensary,Level 2,Operational,3.7743965,34.6261937,2,18450,0.89,0.1365070952706123,24.094,arid,1.0,0.0,23.0,22.6,31.7,43.2,52.6,57.7,56.8,49.4,50.6,8.6,9.9,6.1,8.8,5.9,3.5,8.8,1.0,1,5000,99.5,82.7,3,,subcounty_exact,KE023124,Turkana West
TURKANA,turkana west,KAKUMA,21336.0,Komudei Dispensary,Level 2,Operational,3.7743965,34.6261937,2,18450,0.89,0.1365070952706123,24.094,arid,1.0,0.0,23.0,22.6,31.7,43.2,52.6,57.7,56.8,49.4,50.6,8.6,9.9,6.1,8.8,5.9,3.5,8.8,1.0,1,5000,99.5,82.7,0,,subcounty_exact,KE023124,Turkana West
TURKANA,turkana west,KAKUMA,21335.0,Kakuma Health Centre,Level 3,Operational,3.735405,34.8397987,4,18450,0.89,0.1365070952706123,0.0,arid,1.0,0.0,23.0,22.6,31.7,43.2,52.6,57.7,56.8,49.4,50.6,8.6,9.9,6.1,8.8,5.9,3.5,8.8,1.0,1,5000,99.5,82.7,3,,subcounty_exact,KE023124,Turkana West
TURKANA,turkana south,KALAPATA,21334.0,Kakalel Dispensary,Level 2,Operational,3.7743965,34.6261937,2,10500,0.89,0.1319170700709337,24.094,arid,0.0,1.0,23.0,22.6,31.7,43.2,52.6,57.7,56.8,49.4,50.6,8.6,9.9,6.1,8.8,5.9,3.5,8.8,1.0,1,5000,99.5,82.7,0,,subcounty_exact,KE023127,Turkana South
TURKANA,turkana south,KATILU,21333.0,Namakat Dispensary,Level 2,Operational,3.7743965,34.6261937,2,10500,0.89,0.1319170700709337,24.094,arid,0.0,1.0,23.0,22.6,31.7,43.2,52.6,57.7,56.8,49.4,50.6,8.6,9.9,6.1,8.8,5.9,3.5,8.8,1.0,1,5000,99.5,82.7,0,,subcounty_exact,KE023127,Turkana South
TURKANA,turkana south,KATILU,21332.0,Kagitankori Dispensary,Level 2,Operational,3.7743965,34.6261937,2,10500,0.89,0.1319170700709337,24.094,arid,0.0,1.0,23.0,22.6,31.7,43.2,52.6,57.7,56.8,49.4,50.6,8.6,9.9,6.1,8.8,5.9,3.5,8.8,1.0,1,5000,99.5,82.7,0,,subcounty_exact,KE023127,Turkana South
TURKANA,loima,KOTARUK/LOBEI,21330.0,Lokipetotarengan Dispensary,Level 2,Operational,3.7743965,34.6261937,2,10500,0.89,0.14487383922708938,24.094,arid,0.0621624881075214,0.9378375118924785,23.0,22.6,31.7,43.2,52.6,57.7,56.8,49.4,50.6,8.6,9.9,6.1,8.8,5.9,3.5,8.8,1.0,1,5000,99.5,82.7,0,,subcounty_exact,KE023126,Loima
TURKANA,turkana east,KATILIA,21314.0,Nakatongwa Dispensary,Level 2,Operational,3.7743965,34.6261937,2,10500,0.89,0.1030812324929972,24.094,arid,0.0,1.0,23.0,22.6,31.7,43.2,52.6,57.7,56.8,49.4,50.6,8.6,9.9,6.1,8.8,5.9,3.5,8.8,1.0,1,5000,99.5,82.7,0,,subcounty_exact,KE023128,Turkana East
TURKANA,turkana east,LOKORI/KOCHODIN,21313.0,Karuko Dispensary,Level 2,Operational,3.7743965,34.6261937,2,10500,0.89,0.1030812324929972,24.094,arid,0.0,1.0,23.0,22.6,31.7,43.2,52.6,57.7,56.8,49.4,50.6,8.6,9.9,6.1,8.8,5.9,3.5,8.8,1.0,1,5000,99.5,82.7,0,,subcounty_exact,KE023128,Turkana East
TURKANA,turkana west,KAKUMA,21311.0,Losajait Dispensary,Level 2,Operational,3.7743965,34.6261937,2,18450,0.89,0.1365070952706123,24.094,arid,1.0,0.0,23.0,22.6,31.7,43.2,52.6,57.7,56.8,49.4,50.6,8.6,9.9,6.1,8.8,5.9,3.5,8.8,1.0,1,5000,99.5,82.7,0,,subcounty_exact,KE023124,Turkana West
TURKANA,loima,KOTARUK/LOBEI,21309.0,Sasakechoke Dispensary,Level 2,Operational,3.7743965,34.6261937,2,10500,0.89,0.14487383922708938,24.094,arid,0.0621624881075214,0.9378375118924785,23.0,22.6,31.7,43.2,52.6,57.7,56.8,49.4,50.6,8.6,9.9,6.1,8.8,5.9,3.5,8.8,1.0,1,5000,99.5,82.7,0,,subcounty_exact,KE023126,Loima
TURKANA,loima,TURKWEL,21308.0,Natuntun dispensary,Level 2,Operational,3.7743965,34.6261937,2,10500,0.89,0.14487383922708938,24.094,arid,0.0621624881075214,0.9378375118924785,23.0,22.6,31.7,43.2,52.6,57.7,56.8,49.4,50.6,8.6,9.9,6.1,8.8,5.9,3.5,8.8,1.0,1,5000,99.5,82.7,0,,subcounty_exact,KE023126,Loima
TURKANA,loima,TURKWEL,21307.0,Moruese dispensary,Level 2,Operational,3.7743965,34.6261937,2,10500,0.89,0.14487383922708938,24.094,arid,0.0621624881075214,0.9378375118924785,23.0,22.6,31.7,43.2,52.6,57.7,56.8,49.4,50.6,8.6,9.9,6.1,8.8,5.9,3.5,8.8,1.0,1,5000,99.5,82.7,0,,subcounty_exact,KE023126,Loima
TURKANA,loima,TURKWEL,21306.0,Loroo dispensary,Level 2,Operational,3.7743965,34.6261937,2,10500,0.89,0.14487383922708938,24.094,arid,0.0621624881075214,0.9378375118924785,23.0,22.6,31.7,43.2,52.6,57.7,56.8,49.4,50.6,8.6,9.9,6.1,8.8,5.9,3.5,8.8,1.0,1,5000,99.5,82.7,0,,subcounty_exact,KE023126,Loima
WEST POKOT,pokot north,KIWAWA,21235.0,Chelopoy Dispensary,Level 2,Operational,1.2509717,35.051975,2,13500,0.83,0.1815939520462156,6.827,semi_arid,0.6093682652151844,0.3906317347848156,33.5,11.0,27.1,55.5,65.3,35.0,44.5,78.8,21.2,8.7,2.4,3.9,1.3,7.7,6.0,6.6,1.0,0,5000,97.9,,0,,county_mean,,
TURKANA,loima,LOKIRIAMA/LORENGIPPI,21217.0,Urum Dispensary,Level 2,Operational,3.7743965,34.6261937,2,10500,0.89,0.14487383922708938,24.094,arid,0.0621624881075214,0.9378375118924785,23.0,22.6,31.7,43.2,52.6,57.7,56.8,49.4,50.6,8.6,9.9,6.1,8.8,5.9,3.5,8.8,1.0,1,5000,99.5,82.7,4,,subcounty_exact,KE023126,Loima
NAROK,transmara west,KIMINTET,21173.0,Enkipai Dispensary,Level 2,Operational,-1.6039992,35.6657745,2,21000,0.78,0.15674438967657692,61.914,semi_arid,0.7227641320945796,0.2772358679054203,21.5,2.1,10.7,64.2,70.1,55.3,35.8,76.0,24.0,3.5,2.7,4.3,2.5,9.3,6.0,6.2,1.0,0,5000,96.5,26.2,0,,county_mean,,
NAROK,transmara west,ANGATA BARIKOI,21172.0,Ngendalel Dispensary (Transmara),Level 2,Operational,-1.6039992,35.6657745,2,21000,0.78,0.15674438967657692,61.914,semi_arid,0.7227641320945796,0.2772358679054203,21.5,2.1,10.7,64.2,70.1,55.3,35.8,76.0,24.0,3.5,2.7,4.3,2.5,9.3,6.0,6.2,1.0,0,5000,96.5,26.2,0,,county_mean,,
NAROK,narok east,ILDAMAT,21130.0,Enooseyia Dispensary,Level 2,Operational,-1.6039992,35.6657745,2,21000,0.78,0.1565382055076941,61.914,semi_arid,1.0,0.0,21.5,2.1,10.7,64.2,70.1,55.3,35.8,76.0,24.0,3.5,2.7,4.3,2.5,9.3,6.0,6.2,1.0,0,5000,96.5,26.2,0,,subcounty_exact,KE033180,Narok East
NAROK,narok south,LOITA,21128.0,Mausa Dispensary,Level 2,Operational,-1.6039992,35.6657745,2,21000,0.78,0.1690642707642044,61.914,semi_arid,0.5167525992478772,0.4832474007521228,21.5,2.1,10.7,64.2,70.1,55.3,35.8,76.0,24.0,3.5,2.7,4.3,2.5,9.3,6.0,6.2,1.0,0,5000,96.5,26.2,0,,subcounty_exact,KE033181,Narok South
WEST POKOT,pokot south,TAPACH,21082.0,Tenderwa Dispensary,Level 2,Operational,1.2509717,35.051975,2,13500,0.83,0.1767883522831671,6.827,semi_arid,1.0,0.0,33.5,11.0,27.1,55.5,65.3,35.0,44.5,78.8,21.2,8.7,2.4,3.9,1.3,7.7,6.0,6.6,1.0,0,5000,97.9,,0,,subcounty_exact,KE024132,Pokot South
TURKANA,turkana south,LOKICHAR,21066.0,Katir Dispensary,Level 2,Operational,3.7743965,34.6261937,2,8700,0.89,0.1319170700709337,24.094,arid,0.0,1.0,23.0,22.6,31.7,43.2,52.6,57.7,56.8,49.4,50.6,8.6,9.9,6.1,8.8,5.9,3.5,8.8,1.0,1,5000,99.5,82.7,0,,subcounty_exact,KE023127,Turkana South
WEST POKOT,pokot south,BATEI,21056.0,Morpus Dispensary,Level 2,Operational,1.2509717,35.051975,2,8100,0.83,0.1767883522831671,6.827,semi_arid,1.0,0.0,33.5,11.0,27.1,55.5,65.3,35.0,44.5,78.8,21.2,8.7,2.4,3.9,1.3,7.7,6.0,6.6,1.0,0,5000,97.9,,0,,subcounty_exact,KE024132,Pokot South
TURKANA,turkana west,KAKUMA,21055.0,Naduat Dispensary,Level 2,Operational,3.7743965,34.6261937,2,18450,0.89,0.1365070952706123,24.094,arid,1.0,0.0,23.0,22.6,31.7,43.2,52.6,57.7,56.8,49.4,50.6,8.6,9.9,6.1,8.8,5.9,3.5,8.8,1.0,1,5000,99.5,82.7,1,,subcounty_exact,KE023124,Turkana West
WEST POKOT,pokot central,LOMUT,20948.0,Kamanau Dispensary,Level 2,Operational,1.2509717,35.051975,2,13500,0.83,0.1815939520462156,6.827,semi_arid,0.6093682652151844,0.3906317347848156,33.5,11.0,27.1,55.5,65.3,35.0,44.5,78.8,21.2,8.7,2.4,3.9,1.3,7.7,6.0,6.6,1.0,0,5000,97.9,,0,,county_mean,,
WEST POKOT,pokot central,SEKERR,20947.0,Sarmach Dispensary,Level 2,Operational,1.2509717,35.051975,2,13500,0.83,0.1815939520462156,6.827,semi_arid,0.6093682652151844,0.3906317347848156,33.5,11.0,27.1,55.5,65.3,35.0,44.5,78.8,21.2,8.7,2.4,3.9,1.3,7.7,6.0,6.6,1.0,0,5000,97.9,,0,,county_mean,,
TURKANA,turkana south,KATILU,20887.0,Nakabosan Dispensary,Level 2,Operational,3.7743965,34.6261937,2,10500,0.89,0.1319170700709337,24.094,arid,0.0,1.0,23.0,22.6,31.7,43.2,52.6,57.7,56.8,49.4,50.6,8.6,9.9,6.1,8.8,5.9,3.5,8.8,1.0,1,5000,99.5,82.7,0,,subcounty_exact,KE023127,Turkana South
WEST POKOT,pokot north,KIWAWA,20842.0,Kasitet Dispensary (Alale),Level 2,Operational,1.2509717,35.051975,2,13500,0.83,0.1815939520462156,6.827,semi_arid,0.6093682652151844,0.3906317347848156,33.5,11.0,27.1,55.5,65.3,35.0,44.5,78.8,21.2,8.7,2.4,3.9,1.3,7.7,6.0,6.6,1.0,0,5000,97.9,,0,,county_mean,,
WEST POKOT,pokot north,KIWAWA,20841.0,Leng'orok Dispensary,Level 2,Operational,1.2509717,35.051975,2,13500,0.83,0.1815939520462156,6.827,semi_arid,0.6093682652151844,0.3906317347848156,33.5,11.0,27.1,55.5,65.3,35.0,44.5,78.8,21.2,8.7,2.4,3.9,1.3,7.7,6.0,6.6,1.0,0,5000,97.9,,0,,county_mean,,
TURKANA,loima,KOTARUK/LOBEI,20840.0,Kabulokor Dispensary,Level 2,Operational,3.7743965,34.6261937,2,10500,0.89,0.14487383922708938,24.094,arid,0.0621624881075214,0.9378375118924785,23.0,22.6,31.7,43.2,52.6,57.7,56.8,49.4,50.6,8.6,9.9,6.1,8.8,5.9,3.5,8.8,1.0,1,5000,99.5,82.7,1,,subcounty_exact,KE023126,Loima
TURKANA,loima,TURKWEL,20826.0,Lorugum Health Centre,Level 3,Operational,2.8923531,35.2629953,4,10500,0.89,0.14487383922708938,0.0,arid,0.0621624881075214,0.9378375118924785,23.0,22.6,31.7,43.2,52.6,57.7,56.8,49.4,50.6,8.6,9.9,6.1,8.8,5.9,3.5,8.8,1.0,1,5000,99.5,82.7,1,,subcounty_exact,KE023126,Loima
TURKANA,loima,LOIMA,20825.0,Lochoremeyan dispensary,Level 2,Operational,3.7743965,34.6261937,2,11200,0.89,0.14487383922708938,24.094,arid,0.0621624881075214,0.9378375118924785,23.0,22.6,31.7,43.2,52.6,57.7,56.8,49.4,50.6,8.6,9.9,6.1,8.8,5.9,3.5,8.8,1.0,1,5000,99.5,82.7,0,,subcounty_exact,KE023126,Loima
TURKANA,turkana central,LODWAR TOWNSHIP,20818.0,Nayanaeangikalalio Dispensary,Level 2,Operational,3.7743965,34.6261937,2,10500,0.89,0.15780605951198964,24.094,arid,0.0,1.0,23.0,22.6,31.7,43.2,52.6,57.7,56.8,49.4,50.6,8.6,9.9,6.1,8.8,5.9,3.5,8.8,1.0,1,5000,99.5,82.7,0,,subcounty_exact,KE023125,Turkana Central
TURKANA,turkana south,LOKICHAR,20782.0,Sopel Dispensary,Level 2,Operational,3.7743965,34.6261937,2,8700,0.89,0.1319170700709337,24.094,arid,0.0,1.0,23.0,22.6,31.7,43.2,52.6,57.7,56.8,49.4,50.6,8.6,9.9,6.1,8.8,5.9,3.5,8.8,1.0,1,5000,99.5,82.7,0,,subcounty_exact,KE023127,Turkana South
TURKANA,turkana east,LOKORI/KOCHODIN,20781.0,Lopii Dispensary,Level 2,Operational,3.7743965,34.6261937,2,10500,0.89,0.1030812324929972,24.094,arid,0.0,1.0,23.0,22.6,31.7,43.2,52.6,57.7,56.8,49.4,50.6,8.6,9.9,6.1,8.8,5.9,3.5,8.8,1.0,1,5000,99.5,82.7,1,,subcounty_exact,KE023128,Turkana East
TURKANA,turkana central,KALOKOL,20773.0,Kalokol Dispensary,Level 2,Operational,3.7743965,34.6261937,2,10500,0.89,0.15780605951198964,24.094,arid,0.0,1.0,23.0,22.6,31.7,43.2,52.6,57.7,56.8,49.4,50.6,8.6,9.9,6.1,8.8,5.9,3.5,8.8,1.0,1,5000,99.5,82.7,0,,subcounty_exact,KE023125,Turkana Central
WEST POKOT,west pokot,ENDUGH,20730.0,KRICH Dispensary,Level 2,Operational,1.2509717,35.051975,2,13500,0.83,0.1815939520462156,6.827,semi_arid,0.6093682652151844,0.3906317347848156,33.5,11.0,27.1,55.5,65.3,35.0,44.5,78.8,21.2,8.7,2.4,3.9,1.3,7.7,6.0,6.6,1.0,0,5000,97.9,,0,,county_mean,,
WAJIR,wajir north,MALKAGUFU,20711.0,Beramo Dispensary,Level 2,Operational,1.8785676,40.6291198,2,11400,0.88,0.16962182979119392,18.532,arid,1.0,0.0,12.4,22.8,16.2,53.6,56.6,44.9,46.4,43.6,56.4,7.6,5.0,3.4,10.0,7.5,4.8,8.4,1.0,1,5000,84.0,64.7,0,,subcounty_exact,KE008033,Wajir North
WAJIR,tarbaj,SARMAN,20709.0,Gunana Dispensary,Level 2,Operational,1.8785676,40.6291198,2,11400,0.88,0.18462230460976475,18.532,arid,1.0,0.0,12.4,22.8,16.2,53.6,56.6,44.9,46.4,43.6,56.4,7.6,5.0,3.4,10.0,7.5,4.8,8.4,1.0,1,5000,84.0,64.7,0,,subcounty_exact,KE008035,Tarbaj
WAJIR,tarbaj,ELBEN,20707.0,Burmayow Dispensary,Level 2,Operational,1.8785676,40.6291198,2,11400,0.88,0.18462230460976475,18.532,arid,1.0,0.0,12.4,22.8,16.2,53.6,56.6,44.9,46.4,43.6,56.4,7.6,5.0,3.4,10.0,7.5,4.8,8.4,1.0,1,5000,84.0,64.7,0,,subcounty_exact,KE008035,Tarbaj
WAJIR,tarbaj,ELBEN,20706.0,Dureweey Dispensary,Level 2,Operational,1.8785676,40.6291198,2,11400,0.88,0.18462230460976475,18.532,arid,1.0,0.0,12.4,22.8,16.2,53.6,56.6,44.9,46.4,43.6,56.4,7.6,5.0,3.4,10.0,7.5,4.8,8.4,1.0,1,5000,84.0,64.7,0,,subcounty_exact,KE008035,Tarbaj
WAJIR,tarbaj,WARGADUD,20705.0,Kajaja 2 Dispensary,Level 2,Operational,1.8785676,40.6291198,2,11400,0.88,0.18462230460976475,18.532,arid,1.0,0.0,12.4,22.8,16.2,53.6,56.6,44.9,46.4,43.6,56.4,7.6,5.0,3.4,10.0,7.5,4.8,8.4,1.0,1,5000,84.0,64.7,0,,subcounty_exact,KE008035,Tarbaj
WAJIR,tarbaj,WARGADUD,20704.0,Wargadud Dispensary(Tarbaj),Level 2,Operational,2.305863,40.3617509,2,11400,0.88,0.18462230460976475,28.624,arid,1.0,0.0,12.4,22.8,16.2,53.6,56.6,44.9,46.4,43.6,56.4,7.6,5.0,3.4,10.0,7.5,4.8,8.4,1.0,1,5000,84.0,64.7,0,,subcounty_exact,KE008035,Tarbaj
WAJIR,wajir west,HADADO/ATHIBOHOL,20698.0,Lolkuta North Dispensary,Level 2,Operational,1.8785676,40.6291198,2,11400,0.88,0.1538258126664526,18.532,arid,1.0,0.0,12.4,22.8,16.2,53.6,56.6,44.9,46.4,43.6,56.4,7.6,5.0,3.4,10.0,7.5,4.8,8.4,1.0,1,5000,84.0,64.7,0,,subcounty_exact,KE008036,Wajir West
WAJIR,wajir west,GANYURE/WAGALLA,20697.0,Barmil Dispensary,Level 2,Operational,1.8785676,40.6291198,2,11400,0.88,0.1538258126664526,18.532,arid,1.0,0.0,12.4,22.8,16.2,53.6,56.6,44.9,46.4,43.6,56.4,7.6,5.0,3.4,10.0,7.5,4.8,8.4,1.0,1,5000,84.0,64.7,0,,subcounty_exact,KE008036,Wajir West
WAJIR,eldas,DELLA,20689.0,Abdiwaqo Dispensary,Level 2,Operational,1.8785676,40.6291198,2,11400,0.88,0.1521753543818705,18.532,arid,1.0,0.0,12.4,22.8,16.2,53.6,56.6,44.9,46.4,43.6,56.4,7.6,5.0,3.4,10.0,7.5,4.8,8.4,1.0,1,5000,84.0,64.7,1,,subcounty_exact,KE008037,Eldas
WAJIR,eldas,DELLA,20688.0,Anole Dispensary,Level 2,Operational,2.4941907,39.7235828,2,11400,0.88,0.1521753543818705,34.166,arid,1.0,0.0,12.4,22.8,16.2,53.6,56.6,44.9,46.4,43.6,56.4,7.6,5.0,3.4,10.0,7.5,4.8,8.4,1.0,1,5000,84.0,64.7,1,,subcounty_exact,KE008037,Eldas
WAJIR,eldas,ELDAS,20687.0,Dadhantaly Dispensary,Level 2,Operational,1.8785676,40.6291198,2,11400,0.88,0.1521753543818705,18.532,arid,1.0,0.0,12.4,22.8,16.2,53.6,56.6,44.9,46.4,43.6,56.4,7.6,5.0,3.4,10.0,7.5,4.8,8.4,1.0,1,5000,84.0,64.7,0,,subcounty_exact,KE008037,Eldas
WAJIR,eldas,ELNUR/TULA TULA,20686.0,Balatula Amin Dispensary,Level 2,Operational,1.8785676,40.6291198,2,11400,0.88,0.1521753543818705,18.532,arid,1.0,0.0,12.4,22.8,16.2,53.6,56.6,44.9,46.4,43.6,56.4,7.6,5.0,3.4,10.0,7.5,4.8,8.4,1.0,1,5000,84.0,64.7,0,,subcounty_exact,KE008037,Eldas
WAJIR,eldas,DELLA,20685.0,Della Dispensary,Level 2,Operational,1.8785676,40.6291198,2,11400,0.88,0.1521753543818705,18.532,arid,1.0,0.0,12.4,22.8,16.2,53.6,56.6,44.9,46.4,43.6,56.4,7.6,5.0,3.4,10.0,7.5,4.8,8.4,1.0,1,5000,84.0,64.7,1,,subcounty_exact,KE008037,Eldas
WEST POKOT,pokot central,LOMUT,20677.0,Kisera Dispensary,Level 2,Operational,1.2509717,35.051975,2,13500,0.83,0.1815939520462156,6.827,semi_arid,0.6093682652151844,0.3906317347848156,33.5,11.0,27.1,55.5,65.3,35.0,44.5,78.8,21.2,8.7,2.4,3.9,1.3,7.7,6.0,6.6,1.0,0,5000,97.9,,0,,county_mean,,
WEST POKOT,pokot central,SEKERR,20675.0,Sostin  Dispensary,Level 2,Operational,1.2509717,35.051975,2,13500,0.83,0.1815939520462156,6.827,semi_arid,0.6093682652151844,0.3906317347848156,33.5,11.0,27.1,55.5,65.3,35.0,44.5,78.8,21.2,8.7,2.4,3.9,1.3,7.7,6.0,6.6,1.0,0,5000,97.9,,0,,county_mean,,
TURKANA,turkana north,LAKEZONE,20660.0,Narengewoi Dispensary,Level 2,Operational,3.7743965,34.6261937,2,10500,0.89,0.15423652551061806,24.094,arid,0.00596735289995648,0.9940326471000435,23.0,22.6,31.7,43.2,52.6,57.7,56.8,49.4,50.6,8.6,9.9,6.1,8.8,5.9,3.5,8.8,1.0,1,5000,99.5,82.7,2,,subcounty_exact,KE023123,Turkana North
TURKANA,turkana north,KAALENG/KAIKOR,20639.0,Kakelae Dispensary,Level 2,Operational,3.7743965,34.6261937,2,10500,0.89,0.15423652551061806,24.094,arid,0.00596735289995648,0.9940326471000435,23.0,22.6,31.7,43.2,52.6,57.7,56.8,49.4,50.6,8.6,9.9,6.1,8.8,5.9,3.5,8.8,1.0,1,5000,99.5,82.7,0,,subcounty_exact,KE023123,Turkana North
TURKANA,kibish,KIBISH,20638.0,Napak Dispensary,Level 2,Operational,3.7743965,34.6261937,2,10500,0.89,0.13807030368070672,24.094,arid,0.178021640167913,0.821978359832087,23.0,22.6,31.7,43.2,52.6,57.7,56.8,49.4,50.6,8.6,9.9,6.1,8.8,5.9,3.5,8.8,1.0,1,5000,99.5,82.7,3,,county_mean,,
TURKANA,turkana north,LAPUR,20637.0,Karebur Dispensary,Level 2,Operational,3.7743965,34.6261937,2,10500,0.89,0.15423652551061806,24.094,arid,0.00596735289995648,0.9940326471000435,23.0,22.6,31.7,43.2,52.6,57.7,56.8,49.4,50.6,8.6,9.9,6.1,8.8,5.9,3.5,8.8,1.0,1,5000,99.5,82.7,3,,subcounty_exact,KE023123,Turkana North
TURKANA,turkana east,KATILIA,20593.0,Katilia Dispensary,Level 2,Operational,3.7743965,34.6261937,2,10500,0.89,0.1030812324929972,24.094,arid,0.0,1.0,23.0,22.6,31.7,43.2,52.6,57.7,56.8,49.4,50.6,8.6,9.9,6.1,8.8,5.9,3.5,8.8,1.0,1,5000,99.5,82.7,1,,subcounty_exact,KE023128,Turkana East
TURKANA,turkana east,LOKORI/KOCHODIN,20592.0,Lotubae (AIC) Dispensary,Level 2,Operational,3.7743965,34.6261937,2,10500,0.89,0.1030812324929972,24.094,arid,0.0,1.0,23.0,22.6,31.7,43.2,52.6,57.7,56.8,49.4,50.6,8.6,9.9,6.1,8.8,5.9,3.5,8.8,1.0,1,5000,99.5,82.7,1,,subcounty_exact,KE023128,Turkana East
NAROK,narok north,NAROK TOWN,20548.0,Narok Cottage Hospital,Level 4,Operational,-1.0847471,35.8668576,6,21000,0.78,0.15117207386495118,0.0,semi_arid,1.0,0.0,21.5,2.1,10.7,64.2,70.1,55.3,35.8,76.0,24.0,3.5,2.7,4.3,2.5,9.3,6.0,6.2,1.0,0,5000,96.5,26.2,0,,subcounty_exact,KE033179,Narok North
NAROK,transmara east,KAPSASIAN,20441.0,Roborwo Dispensary,Level 2,Operational,-1.6039992,35.6657745,2,21000,0.78,0.15674438967657692,61.914,semi_arid,0.7227641320945796,0.2772358679054203,21.5,2.1,10.7,64.2,70.1,55.3,35.8,76.0,24.0,3.5,2.7,4.3,2.5,9.3,6.0,6.2,1.0,0,5000,96.5,26.2,0,,county_mean,,
WAJIR,wajir west,ADEMASAJIDE,20427.0,Wara Dispensary,Level 2,Operational,1.8785676,40.6291198,2,11400,0.88,0.1538258126664526,18.532,arid,1.0,0.0,12.4,22.8,16.2,53.6,56.6,44.9,46.4,43.6,56.4,7.6,5.0,3.4,10.0,7.5,4.8,8.4,1.0,1,5000,84.0,64.7,0,,subcounty_exact,KE008036,Wajir West
WEST POKOT,west pokot,RIWO,20368.0,Kongelai Dispensary,Level 2,Operational,1.2509717,35.051975,2,13500,0.83,0.1815939520462156,6.827,semi_arid,0.6093682652151844,0.3906317347848156,33.5,11.0,27.1,55.5,65.3,35.0,44.5,78.8,21.2,8.7,2.4,3.9,1.3,7.7,6.0,6.6,1.0,0,5000,97.9,,0,,county_mean,,
WEST POKOT,west pokot,SIYOI,20367.0,Paraywa Dispensary,Level 2,Operational,1.2509717,35.051975,2,13500,0.83,0.1815939520462156,6.827,semi_arid,0.6093682652151844,0.3906317347848156,33.5,11.0,27.1,55.5,65.3,35.0,44.5,78.8,21.2,8.7,2.4,3.9,1.3,7.7,6.0,6.6,1.0,0,5000,97.9,,0,,county_mean,,
WEST POKOT,west pokot,SOOK,20366.0,Chepnyal GOK Dispensary,Level 2,Operational,1.2509717,35.051975,2,11200,0.83,0.1815939520462156,6.827,semi_arid,0.6093682652151844,0.3906317347848156,33.5,11.0,27.1,55.5,65.3,35.0,44.5,78.8,21.2,8.7,2.4,3.9,1.3,7.7,6.0,6.6,1.0,0,5000,97.9,,0,,county_mean,,
WEST POKOT,west pokot,RIWO,20365.0,Kalemrekai Dispensary,Level 2,Operational,1.2509717,35.051975,2,13500,0.83,0.1815939520462156,6.827,semi_arid,0.6093682652151844,0.3906317347848156,33.5,11.0,27.1,55.5,65.3,35.0,44.5,78.8,21.2,8.7,2.4,3.9,1.3,7.7,6.0,6.6,1.0,0,5000,97.9,,0,,county_mean,,
WEST POKOT,pokot central,LOMUT,20362.0,Takaywa Dispensary,Level 2,Operational,1.2509717,35.051975,2,13500,0.83,0.1815939520462156,6.827,semi_arid,0.6093682652151844,0.3906317347848156,33.5,11.0,27.1,55.5,65.3,35.0,44.5,78.8,21.2,8.7,2.4,3.9,1.3,7.7,6.0,6.6,1.0,0,5000,97.9,,0,,county_mean,,
WAJIR,eldas,DELLA,20358.0,Wargadud Dispensary,Level 2,Operational,2.305863,40.3617509,2,11400,0.88,0.1521753543818705,28.624,arid,1.0,0.0,12.4,22.8,16.2,53.6,56.6,44.9,46.4,43.6,56.4,7.6,5.0,3.4,10.0,7.5,4.8,8.4,1.0,1,5000,84.0,64.7,0,,subcounty_exact,KE008037,Eldas
WEST POKOT,pokot north,KODICH,20356.0,Kalemung'orok Dispensary,Level 2,Operational,1.2509717,35.051975,2,13500,0.83,0.1815939520462156,6.827,semi_arid,0.6093682652151844,0.3906317347848156,33.5,11.0,27.1,55.5,65.3,35.0,44.5,78.8,21.2,8.7,2.4,3.9,1.3,7.7,6.0,6.6,1.0,0,5000,97.9,,0,,county_mean,,
WEST POKOT,pokot south,LELAN,20330.0,Chepkono Dispensary,Level 2,Operational,1.2509717,35.051975,2,13500,0.83,0.1767883522831671,6.827,semi_arid,1.0,0.0,33.5,11.0,27.1,55.5,65.3,35.0,44.5,78.8,21.2,8.7,2.4,3.9,1.3,7.7,6.0,6.6,1.0,0,5000,97.9,,0,,subcounty_exact,KE024132,Pokot South
WEST POKOT,pokot south,CHEPARERIA,20329.0,Cheptiangwa Dispensary,Level 2,Operational,1.2509717,35.051975,2,18900,0.83,0.1767883522831671,6.827,semi_arid,1.0,0.0,33.5,11.0,27.1,55.5,65.3,35.0,44.5,78.8,21.2,8.7,2.4,3.9,1.3,7.7,6.0,6.6,1.0,0,5000,97.9,,0,,subcounty_exact,KE024132,Pokot South
WEST POKOT,pokot south,CHEPARERIA,20328.0,Chemotong Dispensary,Level 2,Operational,1.2509717,35.051975,2,18900,0.83,0.1767883522831671,6.827,semi_arid,1.0,0.0,33.5,11.0,27.1,55.5,65.3,35.0,44.5,78.8,21.2,8.7,2.4,3.9,1.3,7.7,6.0,6.6,1.0,0,5000,97.9,,0,,subcounty_exact,KE024132,Pokot South
WEST POKOT,pokot south,BATEI,20327.0,Cheptya Dispensary,Level 2,Operational,1.2509717,35.051975,2,8100,0.83,0.1767883522831671,6.827,semi_arid,1.0,0.0,33.5,11.0,27.1,55.5,65.3,35.0,44.5,78.8,21.2,8.7,2.4,3.9,1.3,7.7,6.0,6.6,1.0,0,5000,97.9,,0,,subcounty_exact,KE024132,Pokot South
WEST POKOT,pokot central,SEKERR,20318.0,Orwa dispensary,Level 2,Operational,1.2509717,35.051975,2,13500,0.83,0.1815939520462156,6.827,semi_arid,0.6093682652151844,0.3906317347848156,33.5,11.0,27.1,55.5,65.3,35.0,44.5,78.8,21.2,8.7,2.4,3.9,1.3,7.7,6.0,6.6,1.0,0,5000,97.9,,0,,county_mean,,
WEST POKOT,pokot central,WEI WEI,20317.0,Onoch Dispensary,Level 2,Operational,1.2509717,35.051975,2,13500,0.83,0.1815939520462156,6.827,semi_arid,0.6093682652151844,0.3906317347848156,33.5,11.0,27.1,55.5,65.3,35.0,44.5,78.8,21.2,8.7,2.4,3.9,1.3,7.7,6.0,6.6,1.0,0,5000,97.9,,0,,county_mean,,
WEST POKOT,pokot central,WEI WEI,20316.0,Kokwotendwo Dispensary,Level 2,Operational,1.2509717,35.051975,2,13500,0.83,0.1815939520462156,6.827,semi_arid,0.6093682652151844,0.3906317347848156,33.5,11.0,27.1,55.5,65.3,35.0,44.5,78.8,21.2,8.7,2.4,3.9,1.3,7.7,6.0,6.6,1.0,0,5000,97.9,,0,,county_mean,,
WEST POKOT,pokot central,MASOOL,20315.0,Nyang'aita Dispensary,Level 2,Operational,1.2509717,35.051975,2,13500,0.83,0.1815939520462156,6.827,semi_arid,0.6093682652151844,0.3906317347848156,33.5,11.0,27.1,55.5,65.3,35.0,44.5,78.8,21.2,8.7,2.4,3.9,1.3,7.7,6.0,6.6,1.0,0,5000,97.9,,0,,county_mean,,
TURKANA,turkana south,LOBOKAT,20222.0,Kakong Dispensary,Level 2,Operational,3.7743965,34.6261937,2,10500,0.89,0.1319170700709337,24.094,arid,0.0,1.0,23.0,22.6,31.7,43.2,52.6,57.7,56.8,49.4,50.6,8.6,9.9,6.1,8.8,5.9,3.5,8.8,1.0,1,5000,99.5,82.7,0,,subcounty_exact,KE023127,Turkana South
TURKANA,turkana east,KAPEDO/NAPEITOM,20219.0,Kamuge Dispensary,Level 2,Operational,3.7743965,34.6261937,2,10500,0.89,0.1030812324929972,24.094,arid,0.0,1.0,23.0,22.6,31.7,43.2,52.6,57.7,56.8,49.4,50.6,8.6,9.9,6.1,8.8,5.9,3.5,8.8,1.0,1,5000,99.5,82.7,1,,subcounty_exact,KE023128,Turkana East
TURKANA,kibish,KIBISH,20192.0,Meyan Dispensary,Level 2,Operational,3.7743965,34.6261937,2,10500,0.89,0.13807030368070672,24.094,arid,0.178021640167913,0.821978359832087,23.0,22.6,31.7,43.2,52.6,57.7,56.8,49.4,50.6,8.6,9.9,6.1,8.8,5.9,3.5,8.8,1.0,1,5000,99.5,82.7,2,,county_mean,,
TURKANA,turkana north,KAALENG/KAIKOR,20184.0,Kaalem Dispensary,Level 2,Operational,3.7743965,34.6261937,2,10500,0.89,0.15423652551061806,24.094,arid,0.00596735289995648,0.9940326471000435,23.0,22.6,31.7,43.2,52.6,57.7,56.8,49.4,50.6,8.6,9.9,6.1,8.8,5.9,3.5,8.8,1.0,1,5000,99.5,82.7,1,,subcounty_exact,KE023123,Turkana North
WEST POKOT,pokot north,SUAM,20084.0,Kanyerus Dispensary,Level 2,Operational,1.2509717,35.051975,2,13500,0.83,0.1815939520462156,6.827,semi_arid,0.6093682652151844,0.3906317347848156,33.5,11.0,27.1,55.5,65.3,35.0,44.5,78.8,21.2,8.7,2.4,3.9,1.3,7.7,6.0,6.6,1.0,0,5000,97.9,,0,,county_mean,,
WEST POKOT,pokot north,KIWAWA,20083.0,Kiwawa GOK Dispensary,Level 2,Operational,1.2509717,35.051975,2,13500,0.83,0.1815939520462156,6.827,semi_arid,0.6093682652151844,0.3906317347848156,33.5,11.0,27.1,55.5,65.3,35.0,44.5,78.8,21.2,8.7,2.4,3.9,1.3,7.7,6.0,6.6,1.0,0,5000,97.9,,0,,county_mean,,
TURKANA,turkana central,LODWAR TOWNSHIP,20076.0,Lorugum Medical Services Ltd,Level 2,Operational,3.7079594,34.8638598,2,10500,0.89,0.15780605951198964,0.964,arid,0.0,1.0,23.0,22.6,31.7,43.2,52.6,57.7,56.8,49.4,50.6,8.6,9.9,6.1,8.8,5.9,3.5,8.8,1.0,1,5000,99.5,82.7,0,,subcounty_exact,KE023125,Turkana Central
WEST POKOT,west pokot,SIYOI,20058.0,Talau Dispensary,Level 2,Operational,1.2509717,35.051975,2,13500,0.83,0.1815939520462156,6.827,semi_arid,0.6093682652151844,0.3906317347848156,33.5,11.0,27.1,55.5,65.3,35.0,44.5,78.8,21.2,8.7,2.4,3.9,1.3,7.7,6.0,6.6,1.0,0,5000,97.9,,0,,county_mean,,
NAROK,narok north,NAROK TOWN,20057.0,Sagam Hospital,Level 4,Operational,-1.0847471,35.8668576,6,21000,0.78,0.15117207386495118,0.0,semi_arid,1.0,0.0,21.5,2.1,10.7,64.2,70.1,55.3,35.8,76.0,24.0,3.5,2.7,4.3,2.5,9.3,6.0,6.2,1.0,0,5000,96.5,26.2,0,,subcounty_exact,KE033179,Narok North
WEST POKOT,west pokot,MNAGEI,20055.0,Murkwijit Dispensary,Level 2,Operational,1.1921917,35.091545,2,13500,0.83,0.1815939520462156,5.578,semi_arid,0.6093682652151844,0.3906317347848156,33.5,11.0,27.1,55.5,65.3,35.0,44.5,78.8,21.2,8.7,2.4,3.9,1.3,7.7,6.0,6.6,1.0,0,5000,97.9,,0,,county_mean,,
TURKANA,loima,TURKWEL,20001.0,Kaapus Dispensary,Level 2,Operational,3.7743965,34.6261937,2,10500,0.89,0.14487383922708938,24.094,arid,0.0621624881075214,0.9378375118924785,23.0,22.6,31.7,43.2,52.6,57.7,56.8,49.4,50.6,8.6,9.9,6.1,8.8,5.9,3.5,8.8,1.0,1,5000,99.5,82.7,1,,subcounty_exact,KE023126,Loima
TURKANA,turkana central,KANAMKEMER,19969.0,Jehovah Shalom Medical Clinic Lodwar,Level 2,Operational,3.7080543,34.8636959,2,10500,0.89,0.15780605951198964,0.943,arid,0.0,1.0,23.0,22.6,31.7,43.2,52.6,57.7,56.8,49.4,50.6,8.6,9.9,6.1,8.8,5.9,3.5,8.8,1.0,1,5000,99.5,82.7,0,,subcounty_exact,KE023125,Turkana Central
NAROK,narok west,MARA,19738.0,Olesere Dispensary,Level 2,Operational,-1.6039992,35.6657745,2,18200,0.78,0.16826634103750007,61.914,semi_arid,0.1186595635641209,0.8813404364358791,21.5,2.1,10.7,64.2,70.1,55.3,35.8,76.0,24.0,3.5,2.7,4.3,2.5,9.3,6.0,6.2,1.0,0,5000,96.5,26.2,0,,subcounty_exact,KE033182,Narok West
WAJIR,wajir east,TOWNSHIP,19203.0,Samaad Hospital,Level 4,Operational,1.7508246,40.0593115,6,45200,0.88,0.137552081876905,0.0,arid,1.0,0.0,12.4,22.8,16.2,53.6,56.6,44.9,46.4,43.6,56.4,7.6,5.0,3.4,10.0,7.5,4.8,8.4,1.0,1,5000,84.0,64.7,0,,subcounty_exact,KE008034,Wajir East
WAJIR,wajir east,KHOROF/HARAR,19150.0,Konton Dispensary,Level 2,Operational,1.8785676,40.6291198,2,11400,0.88,0.137552081876905,18.532,arid,1.0,0.0,12.4,22.8,16.2,53.6,56.6,44.9,46.4,43.6,56.4,7.6,5.0,3.4,10.0,7.5,4.8,8.4,1.0,1,5000,84.0,64.7,0,,subcounty_exact,KE008034,Wajir East
WAJIR,wajir south,HABASSWEIN,19058.0,ndege nursing home,Level 2,Operational,1.7499475,40.0591691,2,11400,0.88,0.15192846408331026,0.0,arid,0.35907377852732647,0.6409262214726735,12.4,22.8,16.2,53.6,56.6,44.9,46.4,43.6,56.4,7.6,5.0,3.4,10.0,7.5,4.8,8.4,1.0,1,5000,84.0,64.7,0,,subcounty_exact,KE008038,Wajir South
WAJIR,wajir west,ADEMASAJIDE,19031.0,Alhidaya Medical Clinic,Level 2,Operational,1.7371504,40.0627419,2,11400,0.88,0.1538258126664526,0.0,arid,1.0,0.0,12.4,22.8,16.2,53.6,56.6,44.9,46.4,43.6,56.4,7.6,5.0,3.4,10.0,7.5,4.8,8.4,1.0,1,5000,84.0,64.7,0,,subcounty_exact,KE008036,Wajir West
WAJIR,wajir west,ADEMASAJIDE,19030.0,Miraj Medical Centre,Level 2,Operational,1.7369751,40.0622478,2,11400,0.88,0.1538258126664526,0.058,arid,1.0,0.0,12.4,22.8,16.2,53.6,56.6,44.9,46.4,43.6,56.4,7.6,5.0,3.4,10.0,7.5,4.8,8.4,1.0,1,5000,84.0,64.7,0,,subcounty_exact,KE008036,Wajir West
WAJIR,wajir south,HABASSWEIN,19029.0,Ndege Medical Clinic,Level 2,Operational,1.7371504,40.0627419,2,11400,0.88,0.15192846408331026,0.0,arid,0.35907377852732647,0.6409262214726735,12.4,22.8,16.2,53.6,56.6,44.9,46.4,43.6,56.4,7.6,5.0,3.4,10.0,7.5,4.8,8.4,1.0,1,5000,84.0,64.7,0,,subcounty_exact,KE008038,Wajir South
WAJIR,wajir south,HABASSWEIN,18982.0,Alhamdu Medical Clinic,Level 2,Operational,1.7371504,40.0627419,2,11400,0.88,0.15192846408331026,0.0,arid,0.35907377852732647,0.6409262214726735,12.4,22.8,16.2,53.6,56.6,44.9,46.4,43.6,56.4,7.6,5.0,3.4,10.0,7.5,4.8,8.4,1.0,1,5000,84.0,64.7,0,,subcounty_exact,KE008038,Wajir South
TURKANA,turkana central,KANAMKEMER,18813.0,Maya Medical Centre,Level 2,Operational,3.7086577,34.8650925,2,10500,0.89,0.15780605951198964,1.077,arid,0.0,1.0,23.0,22.6,31.7,43.2,52.6,57.7,56.8,49.4,50.6,8.6,9.9,6.1,8.8,5.9,3.5,8.8,1.0,1,5000,99.5,82.7,0,,subcounty_exact,KE023125,Turkana Central
NAROK,narok north,NAROK TOWN,18784.0,Medicatia Hospital,Level 4,Operational,-1.0847471,35.8668576,6,21000,0.78,0.15117207386495118,0.0,semi_arid,1.0,0.0,21.5,2.1,10.7,64.2,70.1,55.3,35.8,76.0,24.0,3.5,2.7,4.3,2.5,9.3,6.0,6.2,1.0,0,5000,96.5,26.2,0,,subcounty_exact,KE033179,Narok North
TURKANA,turkana central,KANAMKEMER,18765.0,Jena Medical Clinic,Level 2,Operational,3.7080543,34.8636959,2,10500,0.89,0.15780605951198964,0.943,arid,0.0,1.0,23.0,22.6,31.7,43.2,52.6,57.7,56.8,49.4,50.6,8.6,9.9,6.1,8.8,5.9,3.5,8.8,1.0,1,5000,99.5,82.7,0,,subcounty_exact,KE023125,Turkana Central
TURKANA,turkana central,KANAMKEMER,18764.0,Akicha Medical Services,Level 2,Operational,3.7079594,34.8638598,2,10500,0.89,0.15780605951198964,0.964,arid,0.0,1.0,23.0,22.6,31.7,43.2,52.6,57.7,56.8,49.4,50.6,8.6,9.9,6.1,8.8,5.9,3.5,8.8,1.0,1,5000,99.5,82.7,0,,subcounty_exact,KE023125,Turkana Central
TURKANA,loima,LOIMA,18737.0,Lobei Health Centre,Level 3,Operational,3.735405,34.8397987,4,11200,0.89,0.14487383922708938,0.0,arid,0.0621624881075214,0.9378375118924785,23.0,22.6,31.7,43.2,52.6,57.7,56.8,49.4,50.6,8.6,9.9,6.1,8.8,5.9,3.5,8.8,1.0,1,5000,99.5,82.7,0,,subcounty_exact,KE023126,Loima
WAJIR,wajir east,TOWNSHIP,18651.0,Wajir Tb Manyatta Sub - District Hospital,Level 4,Operational,1.6276279,40.0073865,6,45200,0.88,0.137552081876905,0.0,arid,1.0,0.0,12.4,22.8,16.2,53.6,56.6,44.9,46.4,43.6,56.4,7.6,5.0,3.4,10.0,7.5,4.8,8.4,1.0,1,5000,84.0,64.7,0,,subcounty_exact,KE008034,Wajir East
TURKANA,turkana west,LOKICHOGGIO,18623.0,Premier Medical Clinic,Level 2,Operational,3.7079594,34.8638598,2,8920,0.89,0.1365070952706123,0.964,arid,1.0,0.0,23.0,22.6,31.7,43.2,52.6,57.7,56.8,49.4,50.6,8.6,9.9,6.1,8.8,5.9,3.5,8.8,1.0,1,5000,99.5,82.7,0,,subcounty_exact,KE023124,Turkana West
WAJIR,wajir south,LAGBOGHOI SOUTH,18418.0,Tesorie Dispensary,Level 2,Operational,1.8785676,40.6291198,2,11400,0.88,0.15192846408331026,18.532,arid,0.35907377852732647,0.6409262214726735,12.4,22.8,16.2,53.6,56.6,44.9,46.4,43.6,56.4,7.6,5.0,3.4,10.0,7.5,4.8,8.4,1.0,1,5000,84.0,64.7,0,,subcounty_exact,KE008038,Wajir South
TURKANA,turkana north,LAKEZONE,18370.0,Lomekwi Dispensary,Level 2,Operational,3.7743965,34.6261937,2,10500,0.89,0.15423652551061806,24.094,arid,0.00596735289995648,0.9940326471000435,23.0,22.6,31.7,43.2,52.6,57.7,56.8,49.4,50.6,8.6,9.9,6.1,8.8,5.9,3.5,8.8,1.0,1,5000,99.5,82.7,1,,subcounty_exact,KE023123,Turkana North
TURKANA,turkana central,LODWAR TOWNSHIP,18360.0,Ngiitakito Dispensary,Level 2,Operational,3.7743965,34.6261937,2,10500,0.89,0.15780605951198964,24.094,arid,0.0,1.0,23.0,22.6,31.7,43.2,52.6,57.7,56.8,49.4,50.6,8.6,9.9,6.1,8.8,5.9,3.5,8.8,1.0,1,5000,99.5,82.7,0,,subcounty_exact,KE023125,Turkana Central
TURKANA,loima,TURKWEL,18355.0,Nasiger Dispensary,Level 2,Operational,3.7743965,34.6261937,2,10500,0.89,0.14487383922708938,24.094,arid,0.0621624881075214,0.9378375118924785,23.0,22.6,31.7,43.2,52.6,57.7,56.8,49.4,50.6,8.6,9.9,6.1,8.8,5.9,3.5,8.8,1.0,1,5000,99.5,82.7,1,,subcounty_exact,KE023126,Loima
TURKANA,turkana central,KERIO DELTA,18354.0,Nakechichok Dispensary,Level 2,Operational,3.7743965,34.6261937,2,10500,0.89,0.15780605951198964,24.094,arid,0.0,1.0,23.0,22.6,31.7,43.2,52.6,57.7,56.8,49.4,50.6,8.6,9.9,6.1,8.8,5.9,3.5,8.8,1.0,1,5000,99.5,82.7,1,,subcounty_exact,KE023125,Turkana Central
TURKANA,turkana north,LAPUR,18353.0,Natoo Dispensary,Level 2,Operational,3.7743965,34.6261937,2,10500,0.89,0.15423652551061806,24.094,arid,0.00596735289995648,0.9940326471000435,23.0,22.6,31.7,43.2,52.6,57.7,56.8,49.4,50.6,8.6,9.9,6.1,8.8,5.9,3.5,8.8,1.0,1,5000,99.5,82.7,0,,subcounty_exact,KE023123,Turkana North
NAROK,narok west,SIANA,18265.0,Losho Dispensary,Level 2,Operational,-1.6039992,35.6657745,2,21000,0.78,0.16826634103750007,61.914,semi_arid,0.1186595635641209,0.8813404364358791,21.5,2.1,10.7,64.2,70.1,55.3,35.8,76.0,24.0,3.5,2.7,4.3,2.5,9.3,6.0,6.2,1.0,0,5000,96.5,26.2,0,,subcounty_exact,KE033182,Narok West
NAROK,transmara west,SHANKOE,18251.0,Illikeek Oodupa Clinic,Level 2,Operational,-1.5413936,36.0141881,2,21000,0.78,0.15674438967657692,53.333,semi_arid,0.7227641320945796,0.2772358679054203,21.5,2.1,10.7,64.2,70.1,55.3,35.8,76.0,24.0,3.5,2.7,4.3,2.5,9.3,6.0,6.2,1.0,0,5000,96.5,26.2,0,,county_mean,,
WEST POKOT,pokot south,TAPACH,18162.0,Parayon Dispensary,Level 2,Operational,1.2509717,35.051975,2,13500,0.83,0.1767883522831671,6.827,semi_arid,1.0,0.0,33.5,11.0,27.1,55.5,65.3,35.0,44.5,78.8,21.2,8.7,2.4,3.9,1.3,7.7,6.0,6.6,1.0,0,5000,97.9,,0,,subcounty_exact,KE024132,Pokot South
WEST POKOT,pokot south,TAPACH,18148.0,Kapsang'ar Dispensary,Level 2,Operational,1.2509717,35.051975,2,13500,0.83,0.1767883522831671,6.827,semi_arid,1.0,0.0,33.5,11.0,27.1,55.5,65.3,35.0,44.5,78.8,21.2,8.7,2.4,3.9,1.3,7.7,6.0,6.6,1.0,0,5000,97.9,,0,,subcounty_exact,KE024132,Pokot South
TURKANA,turkana north,KAERIS,18099.0,Nadunga Dispensary,Level 2,Operational,3.7743965,34.6261937,2,10500,0.89,0.15423652551061806,24.094,arid,0.00596735289995648,0.9940326471000435,23.0,22.6,31.7,43.2,52.6,57.7,56.8,49.4,50.6,8.6,9.9,6.1,8.8,5.9,3.5,8.8,1.0,1,5000,99.5,82.7,1,,subcounty_exact,KE023123,Turkana North
TURKANA,turkana west,LOKICHOGGIO,18098.0,Port Health Dispensary Lokichoggio,Level 2,Operational,3.7474341,34.8404639,2,8920,0.89,0.1365070952706123,1.34,arid,1.0,0.0,23.0,22.6,31.7,43.2,52.6,57.7,56.8,49.4,50.6,8.6,9.9,6.1,8.8,5.9,3.5,8.8,1.0,1,5000,99.5,82.7,0,,subcounty_exact,KE023124,Turkana West
TURKANA,loima,TURKWEL,18070.0,Napeikar Dispensary,Level 2,Operational,3.7743965,34.6261937,2,10500,0.89,0.14487383922708938,24.094,arid,0.0621624881075214,0.9378375118924785,23.0,22.6,31.7,43.2,52.6,57.7,56.8,49.4,50.6,8.6,9.9,6.1,8.8,5.9,3.5,8.8,1.0,1,5000,99.5,82.7,1,,subcounty_exact,KE023126,Loima
NAROK,transmara east,MOGONDO,18045.0,Soget Dispensary,Level 2,Operational,-1.6039992,35.6657745,2,21000,0.78,0.15674438967657692,61.914,semi_arid,0.7227641320945796,0.2772358679054203,21.5,2.1,10.7,64.2,70.1,55.3,35.8,76.0,24.0,3.5,2.7,4.3,2.5,9.3,6.0,6.2,1.0,0,5000,96.5,26.2,0,,county_mean,,
NAROK,narok south,OLOLULUNG'A,17925.0,Erreteti Dispensary,Level 2,Operational,-1.6039992,35.6657745,2,21000,0.78,0.1690642707642044,61.914,semi_arid,0.5167525992478772,0.4832474007521228,21.5,2.1,10.7,64.2,70.1,55.3,35.8,76.0,24.0,3.5,2.7,4.3,2.5,9.3,6.0,6.2,1.0,0,5000,96.5,26.2,0,,subcounty_exact,KE033181,Narok South
WAJIR,wajir east,TOWNSHIP,17922.0,Catholic Mission Dispensary,Level 2,Operational,1.737892,40.0537809,2,45200,0.88,0.137552081876905,0.575,arid,1.0,0.0,12.4,22.8,16.2,53.6,56.6,44.9,46.4,43.6,56.4,7.6,5.0,3.4,10.0,7.5,4.8,8.4,1.0,1,5000,84.0,64.7,0,,subcounty_exact,KE008034,Wajir East
NAROK,narok south,MAJI MOTO/NAROOSURA,17784.0,Enkutoto Dispensary,Level 2,Operational,-1.6039992,35.6657745,2,21000,0.78,0.1690642707642044,61.914,semi_arid,0.5167525992478772,0.4832474007521228,21.5,2.1,10.7,64.2,70.1,55.3,35.8,76.0,24.0,3.5,2.7,4.3,2.5,9.3,6.0,6.2,1.0,0,5000,96.5,26.2,0,,subcounty_exact,KE033181,Narok South
NAROK,narok west,NAIKARRA,17783.0,Leshuta Dispensary,Level 2,Operational,-1.6039992,35.6657745,2,21000,0.78,0.16826634103750007,61.914,semi_arid,0.1186595635641209,0.8813404364358791,21.5,2.1,10.7,64.2,70.1,55.3,35.8,76.0,24.0,3.5,2.7,4.3,2.5,9.3,6.0,6.2,1.0,0,5000,96.5,26.2,0,,subcounty_exact,KE033182,Narok West
NAROK,narok west,ILMOTIOOK,17782.0,Chemwokter Dispensary,Level 2,Operational,-1.6039992,35.6657745,2,21000,0.78,0.16826634103750007,61.914,semi_arid,0.1186595635641209,0.8813404364358791,21.5,2.1,10.7,64.2,70.1,55.3,35.8,76.0,24.0,3.5,2.7,4.3,2.5,9.3,6.0,6.2,1.0,0,5000,96.5,26.2,0,,subcounty_exact,KE033182,Narok West
NAROK,narok west,MARA,17780.0,Salabwek Dispensary,Level 2,Operational,-1.6039992,35.6657745,2,18200,0.78,0.16826634103750007,61.914,semi_arid,0.1186595635641209,0.8813404364358791,21.5,2.1,10.7,64.2,70.1,55.3,35.8,76.0,24.0,3.5,2.7,4.3,2.5,9.3,6.0,6.2,1.0,0,5000,96.5,26.2,1,,subcounty_exact,KE033182,Narok West
NAROK,narok west,NAIKARRA,17776.0,Osarara Dispensary,Level 2,Operational,-1.6039992,35.6657745,2,21000,0.78,0.16826634103750007,61.914,semi_arid,0.1186595635641209,0.8813404364358791,21.5,2.1,10.7,64.2,70.1,55.3,35.8,76.0,24.0,3.5,2.7,4.3,2.5,9.3,6.0,6.2,1.0,0,5000,96.5,26.2,0,,subcounty_exact,KE033182,Narok West
NAROK,narok west,MARA,17757.0,Baraka Hospital,Level 4,Operational,-1.0847471,35.8668576,6,18200,0.78,0.16826634103750007,0.0,semi_arid,0.1186595635641209,0.8813404364358791,21.5,2.1,10.7,64.2,70.1,55.3,35.8,76.0,24.0,3.5,2.7,4.3,2.5,9.3,6.0,6.2,1.0,0,5000,96.5,26.2,1,,subcounty_exact,KE033182,Narok West
NAROK,narok south,MAJI MOTO/NAROOSURA,17752.0,Ngosuani Dispensary,Level 2,Operational,-1.6039992,35.6657745,2,21000,0.78,0.1690642707642044,61.914,semi_arid,0.5167525992478772,0.4832474007521228,21.5,2.1,10.7,64.2,70.1,55.3,35.8,76.0,24.0,3.5,2.7,4.3,2.5,9.3,6.0,6.2,1.0,0,5000,96.5,26.2,0,,subcounty_exact,KE033181,Narok South
NAROK,narok east,MOSIRO,17750.0,Ilkiremisho Dispensary,Level 2,Operational,-1.6039992,35.6657745,2,21000,0.78,0.1565382055076941,61.914,semi_arid,1.0,0.0,21.5,2.1,10.7,64.2,70.1,55.3,35.8,76.0,24.0,3.5,2.7,4.3,2.5,9.3,6.0,6.2,1.0,0,5000,96.5,26.2,0,,subcounty_exact,KE033180,Narok East
WAJIR,wajir east,BARWAGO,17744.0,Makoror Dispensary,Level 2,Operational,1.7614214,40.0222015,2,11400,0.88,0.137552081876905,3.803,arid,1.0,0.0,12.4,22.8,16.2,53.6,56.6,44.9,46.4,43.6,56.4,7.6,5.0,3.4,10.0,7.5,4.8,8.4,1.0,1,5000,84.0,64.7,0,,subcounty_exact,KE008034,Wajir East
NAROK,narok north,OLORROPIL,17552.0,Oloropil Dispensary,Level 2,Operational,-1.6039992,35.6657745,2,21000,0.78,0.15117207386495118,61.914,semi_arid,1.0,0.0,21.5,2.1,10.7,64.2,70.1,55.3,35.8,76.0,24.0,3.5,2.7,4.3,2.5,9.3,6.0,6.2,1.0,0,5000,96.5,26.2,1,,subcounty_exact,KE033179,Narok North
TURKANA,loima,TURKWEL,17480.0,Lochorekuyen Dispensary,Level 2,Operational,3.7743965,34.6261937,2,10500,0.89,0.14487383922708938,24.094,arid,0.0621624881075214,0.9378375118924785,23.0,22.6,31.7,43.2,52.6,57.7,56.8,49.4,50.6,8.6,9.9,6.1,8.8,5.9,3.5,8.8,1.0,1,5000,99.5,82.7,1,,subcounty_exact,KE023126,Loima
TURKANA,turkana central,KANG'ATOTHA,17479.0,Longech Dispensary,Level 2,Operational,3.7743965,34.6261937,2,10500,0.89,0.15780605951198964,24.094,arid,0.0,1.0,23.0,22.6,31.7,43.2,52.6,57.7,56.8,49.4,50.6,8.6,9.9,6.1,8.8,5.9,3.5,8.8,1.0,1,5000,99.5,82.7,0,,subcounty_exact,KE023125,Turkana Central
TURKANA,turkana central,KANAMKEMER,17478.0,Naotin Dispensary,Level 2,Operational,3.7743965,34.6261937,2,10500,0.89,0.15780605951198964,24.094,arid,0.0,1.0,23.0,22.6,31.7,43.2,52.6,57.7,56.8,49.4,50.6,8.6,9.9,6.1,8.8,5.9,3.5,8.8,1.0,1,5000,99.5,82.7,0,,subcounty_exact,KE023125,Turkana Central
TURKANA,loima,TURKWEL,17477.0,Kaitese Dispensary,Level 2,Operational,3.7743965,34.6261937,2,10500,0.89,0.14487383922708938,24.094,arid,0.0621624881075214,0.9378375118924785,23.0,22.6,31.7,43.2,52.6,57.7,56.8,49.4,50.6,8.6,9.9,6.1,8.8,5.9,3.5,8.8,1.0,1,5000,99.5,82.7,2,,subcounty_exact,KE023126,Loima
TURKANA,loima,KOTARUK/LOBEI,17476.0,Kangalita Dispensary,Level 2,Operational,3.7743965,34.6261937,2,10500,0.89,0.14487383922708938,24.094,arid,0.0621624881075214,0.9378375118924785,23.0,22.6,31.7,43.2,52.6,57.7,56.8,49.4,50.6,8.6,9.9,6.1,8.8,5.9,3.5,8.8,1.0,1,5000,99.5,82.7,1,,subcounty_exact,KE023126,Loima
TURKANA,turkana central,KERIO DELTA,17475.0,Kangirisae Dispensary,Level 2,Operational,3.7743965,34.6261937,2,10500,0.89,0.15780605951198964,24.094,arid,0.0,1.0,23.0,22.6,31.7,43.2,52.6,57.7,56.8,49.4,50.6,8.6,9.9,6.1,8.8,5.9,3.5,8.8,1.0,1,5000,99.5,82.7,1,,subcounty_exact,KE023125,Turkana Central
WAJIR,wajir west,HADADO/ATHIBOHOL,17463.0,Lagboqol Dispensary,Level 2,Operational,1.2823343,39.8356884,2,11400,0.88,0.1538258126664526,42.877,arid,1.0,0.0,12.4,22.8,16.2,53.6,56.6,44.9,46.4,43.6,56.4,7.6,5.0,3.4,10.0,7.5,4.8,8.4,1.0,1,5000,84.0,64.7,0,,subcounty_exact,KE008036,Wajir West
WAJIR,tarbaj,TARBAJ,17356.0,Katote Dispensary,Level 2,Operational,1.9014688,40.0099163,2,8100,0.88,0.18462230460976475,15.107,arid,1.0,0.0,12.4,22.8,16.2,53.6,56.6,44.9,46.4,43.6,56.4,7.6,5.0,3.4,10.0,7.5,4.8,8.4,1.0,1,5000,84.0,64.7,0,,subcounty_exact,KE008035,Tarbaj
WAJIR,tarbaj,TARBAJ,17355.0,Jowhar Dispensary,Level 2,Operational,1.8785676,40.6291198,2,8100,0.88,0.18462230460976475,18.532,arid,1.0,0.0,12.4,22.8,16.2,53.6,56.6,44.9,46.4,43.6,56.4,7.6,5.0,3.4,10.0,7.5,4.8,8.4,1.0,1,5000,84.0,64.7,0,,subcounty_exact,KE008035,Tarbaj
WAJIR,tarbaj,TARBAJ,17354.0,Hargal Dispensary,Level 2,Operational,1.8785676,40.6291198,2,8100,0.88,0.18462230460976475,18.532,arid,1.0,0.0,12.4,22.8,16.2,53.6,56.6,44.9,46.4,43.6,56.4,7.6,5.0,3.4,10.0,7.5,4.8,8.4,1.0,1,5000,84.0,64.7,0,,subcounty_exact,KE008035,Tarbaj
WAJIR,tarbaj,SARMAN,17353.0,Dunto Dispensary,Level 2,Operational,2.7101903,39.9863778,2,11400,0.88,0.18462230460976475,32.97,arid,1.0,0.0,12.4,22.8,16.2,53.6,56.6,44.9,46.4,43.6,56.4,7.6,5.0,3.4,10.0,7.5,4.8,8.4,1.0,1,5000,84.0,64.7,0,,subcounty_exact,KE008035,Tarbaj
NAROK,transmara east,KAPSASIAN,17328.0,Chemamit Dispensary,Level 2,Operational,-1.6039992,35.6657745,2,21000,0.78,0.15674438967657692,61.914,semi_arid,0.7227641320945796,0.2772358679054203,21.5,2.1,10.7,64.2,70.1,55.3,35.8,76.0,24.0,3.5,2.7,4.3,2.5,9.3,6.0,6.2,1.0,0,5000,96.5,26.2,0,,county_mean,,
NAROK,transmara west,KEYIAN,17327.0,Keyian SDA Dispensary,Level 2,Operational,-1.6039992,35.6657745,2,21000,0.78,0.15674438967657692,61.914,semi_arid,0.7227641320945796,0.2772358679054203,21.5,2.1,10.7,64.2,70.1,55.3,35.8,76.0,24.0,3.5,2.7,4.3,2.5,9.3,6.0,6.2,1.0,0,5000,96.5,26.2,0,,county_mean,,
NAROK,transmara east,OLOlMASANI,17325.0,Ndamama Dispensary,Level 2,Operational,-1.6039992,35.6657745,2,21000,0.78,0.15674438967657692,61.914,semi_arid,0.7227641320945796,0.2772358679054203,21.5,2.1,10.7,64.2,70.1,55.3,35.8,76.0,24.0,3.5,2.7,4.3,2.5,9.3,6.0,6.2,1.0,0,5000,96.5,26.2,0,,county_mean,,
NAROK,transmara west,KILGORIS CENTRAL,17324.0,Shartuka Dispensary,Level 2,Operational,-1.6039992,35.6657745,2,22400,0.78,0.15674438967657692,61.914,semi_arid,0.7227641320945796,0.2772358679054203,21.5,2.1,10.7,64.2,70.1,55.3,35.8,76.0,24.0,3.5,2.7,4.3,2.5,9.3,6.0,6.2,1.0,0,5000,96.5,26.2,0,,county_mean,,
NAROK,transmara west,KIMINTET,17322.0,Sitoka Dispensary,Level 2,Operational,-1.6039992,35.6657745,2,21000,0.78,0.15674438967657692,61.914,semi_arid,0.7227641320945796,0.2772358679054203,21.5,2.1,10.7,64.2,70.1,55.3,35.8,76.0,24.0,3.5,2.7,4.3,2.5,9.3,6.0,6.2,1.0,0,5000,96.5,26.2,0,,county_mean,,
NAROK,transmara west,KILGORIS CENTRAL,17321.0,Kapune Dispensary,Level 2,Operational,-1.6039992,35.6657745,2,22400,0.78,0.15674438967657692,61.914,semi_arid,0.7227641320945796,0.2772358679054203,21.5,2.1,10.7,64.2,70.1,55.3,35.8,76.0,24.0,3.5,2.7,4.3,2.5,9.3,6.0,6.2,1.0,0,5000,96.5,26.2,0,,county_mean,,
NAROK,transmara west,SHANKOE,17320.0,Entargeti Dispensary,Level 2,Operational,-1.6039992,35.6657745,2,21000,0.78,0.15674438967657692,61.914,semi_arid,0.7227641320945796,0.2772358679054203,21.5,2.1,10.7,64.2,70.1,55.3,35.8,76.0,24.0,3.5,2.7,4.3,2.5,9.3,6.0,6.2,1.0,0,5000,96.5,26.2,0,,county_mean,,
WEST POKOT,pokot south,CHEPARERIA,17300.0,Naramam Dispensary,Level 2,Operational,1.2509717,35.051975,2,18900,0.83,0.1767883522831671,6.827,semi_arid,1.0,0.0,33.5,11.0,27.1,55.5,65.3,35.0,44.5,78.8,21.2,8.7,2.4,3.9,1.3,7.7,6.0,6.6,1.0,0,5000,97.9,,0,,subcounty_exact,KE024132,Pokot South
WAJIR,wajir west,ARBAJAHAN,17289.0,Garseyqoftu Dispensary,Level 2,Operational,1.8785676,40.6291198,2,11400,0.88,0.1538258126664526,18.532,arid,1.0,0.0,12.4,22.8,16.2,53.6,56.6,44.9,46.4,43.6,56.4,7.6,5.0,3.4,10.0,7.5,4.8,8.4,1.0,1,5000,84.0,64.7,0,,subcounty_exact,KE008036,Wajir West
TURKANA,turkana east,KAPEDO/NAPEITOM,17249.0,Napeitom Dispensary,Level 2,Operational,3.7743965,34.6261937,2,10500,0.89,0.1030812324929972,24.094,arid,0.0,1.0,23.0,22.6,31.7,43.2,52.6,57.7,56.8,49.4,50.6,8.6,9.9,6.1,8.8,5.9,3.5,8.8,1.0,1,5000,99.5,82.7,1,,subcounty_exact,KE023128,Turkana East
TURKANA,turkana south,KALAPATA,17246.0,Loperot Dispensary,Level 2,Operational,3.7743965,34.6261937,2,10500,0.89,0.1319170700709337,24.094,arid,0.0,1.0,23.0,22.6,31.7,43.2,52.6,57.7,56.8,49.4,50.6,8.6,9.9,6.1,8.8,5.9,3.5,8.8,1.0,1,5000,99.5,82.7,0,,subcounty_exact,KE023127,Turkana South
TURKANA,turkana central,KANG'ATOTHA,17231.0,Kalimapus Dispensary,Level 2,Operational,3.7743965,34.6261937,2,10500,0.89,0.15780605951198964,24.094,arid,0.0,1.0,23.0,22.6,31.7,43.2,52.6,57.7,56.8,49.4,50.6,8.6,9.9,6.1,8.8,5.9,3.5,8.8,1.0,1,5000,99.5,82.7,1,,subcounty_exact,KE023125,Turkana Central
NAROK,narok north,MELILI,17221.0,Enesampulai Dispensary,Level 2,Operational,-1.6039992,35.6657745,2,21000,0.78,0.15117207386495118,61.914,semi_arid,1.0,0.0,21.5,2.1,10.7,64.2,70.1,55.3,35.8,76.0,24.0,3.5,2.7,4.3,2.5,9.3,6.0,6.2,1.0,0,5000,96.5,26.2,0,,subcounty_exact,KE033179,Narok North
TURKANA,turkana south,LOKICHAR,17196.0,Lokaburu Dispensary,Level 2,Operational,3.7743965,34.6261937,2,8700,0.89,0.1319170700709337,24.094,arid,0.0,1.0,23.0,22.6,31.7,43.2,52.6,57.7,56.8,49.4,50.6,8.6,9.9,6.1,8.8,5.9,3.5,8.8,1.0,1,5000,99.5,82.7,1,,subcounty_exact,KE023127,Turkana South
WEST POKOT,west pokot,MNAGEI,17186.0,Kadokony Dispensary,Level 2,Operational,1.273965,34.9975467,2,13500,0.83,0.1815939520462156,6.459,semi_arid,0.6093682652151844,0.3906317347848156,33.5,11.0,27.1,55.5,65.3,35.0,44.5,78.8,21.2,8.7,2.4,3.9,1.3,7.7,6.0,6.6,1.0,0,5000,97.9,,0,,county_mean,,
TURKANA,turkana central,LODWAR TOWNSHIP,17184.0,Emesc Medical Clinic,Level 2,Operational,3.7080543,34.8636959,2,10500,0.89,0.15780605951198964,0.943,arid,0.0,1.0,23.0,22.6,31.7,43.2,52.6,57.7,56.8,49.4,50.6,8.6,9.9,6.1,8.8,5.9,3.5,8.8,1.0,1,5000,99.5,82.7,0,,subcounty_exact,KE023125,Turkana Central
TURKANA,turkana central,LODWAR TOWNSHIP,17180.0,Rehema Children Medical Clinic Lodwar,Level 2,Operational,3.7080543,34.8636959,2,10500,0.89,0.15780605951198964,0.943,arid,0.0,1.0,23.0,22.6,31.7,43.2,52.6,57.7,56.8,49.4,50.6,8.6,9.9,6.1,8.8,5.9,3.5,8.8,1.0,1,5000,99.5,82.7,0,,subcounty_exact,KE023125,Turkana Central
WEST POKOT,west pokot,MNAGEI,17160.0,Kishaunet Dispensary,Level 2,Operational,1.2788167,35.0816467,2,13500,0.83,0.1815939520462156,5.656,semi_arid,0.6093682652151844,0.3906317347848156,33.5,11.0,27.1,55.5,65.3,35.0,44.5,78.8,21.2,8.7,2.4,3.9,1.3,7.7,6.0,6.6,1.0,0,5000,97.9,,0,,county_mean,,
WEST POKOT,west pokot,KAPENGURIA,17152.0,Kapkoris Dispensary,Level 2,Operational,1.2905168,35.1189352,2,22400,0.83,0.1815939520462156,5.89,semi_arid,0.6093682652151844,0.3906317347848156,33.5,11.0,27.1,55.5,65.3,35.0,44.5,78.8,21.2,8.7,2.4,3.9,1.3,7.7,6.0,6.6,1.0,0,5000,97.9,,0,,county_mean,,
WEST POKOT,pokot central,WEI WEI,17108.0,Masol Dispensary,Level 2,Operational,1.2509717,35.051975,2,13500,0.83,0.1815939520462156,6.827,semi_arid,0.6093682652151844,0.3906317347848156,33.5,11.0,27.1,55.5,65.3,35.0,44.5,78.8,21.2,8.7,2.4,3.9,1.3,7.7,6.0,6.6,1.0,0,5000,97.9,,1,,county_mean,,
WEST POKOT,pokot south,BATEI,17048.0,Parua Dispensary,Level 2,Operational,1.2509717,35.051975,2,8100,0.83,0.1767883522831671,6.827,semi_arid,1.0,0.0,33.5,11.0,27.1,55.5,65.3,35.0,44.5,78.8,21.2,8.7,2.4,3.9,1.3,7.7,6.0,6.6,1.0,0,5000,97.9,,1,,subcounty_exact,KE024132,Pokot South
WEST POKOT,pokot south,LELAN,17047.0,Chesupet Dispensary,Level 2,Operational,1.2509717,35.051975,2,13500,0.83,0.1767883522831671,6.827,semi_arid,1.0,0.0,33.5,11.0,27.1,55.5,65.3,35.0,44.5,78.8,21.2,8.7,2.4,3.9,1.3,7.7,6.0,6.6,1.0,0,5000,97.9,,0,,subcounty_exact,KE024132,Pokot South
WEST POKOT,pokot central,WEI WEI,17045.0,Wakor Dispensary,Level 2,Operational,1.2509717,35.051975,2,13500,0.83,0.1815939520462156,6.827,semi_arid,0.6093682652151844,0.3906317347848156,33.5,11.0,27.1,55.5,65.3,35.0,44.5,78.8,21.2,8.7,2.4,3.9,1.3,7.7,6.0,6.6,1.0,0,5000,97.9,,1,,county_mean,,
WEST POKOT,pokot south,TAPACH,17042.0,Mokoyon Dispensary,Level 2,Operational,1.2509717,35.051975,2,13500,0.83,0.1767883522831671,6.827,semi_arid,1.0,0.0,33.5,11.0,27.1,55.5,65.3,35.0,44.5,78.8,21.2,8.7,2.4,3.9,1.3,7.7,6.0,6.6,1.0,0,5000,97.9,,0,,subcounty_exact,KE024132,Pokot South
TURKANA,turkana central,LODWAR TOWNSHIP,17040.0,Lodwar Medical Centre,Level 2,Operational,3.7086577,34.8650925,2,10500,0.89,0.15780605951198964,1.077,arid,0.0,1.0,23.0,22.6,31.7,43.2,52.6,57.7,56.8,49.4,50.6,8.6,9.9,6.1,8.8,5.9,3.5,8.8,1.0,1,5000,99.5,82.7,0,,subcounty_exact,KE023125,Turkana Central
WAJIR,wajir south,BENANE,17006.0,Dagahley Dispensary,Level 2,Operational,1.8785676,40.6291198,2,11400,0.88,0.15192846408331026,18.532,arid,0.35907377852732647,0.6409262214726735,12.4,22.8,16.2,53.6,56.6,44.9,46.4,43.6,56.4,7.6,5.0,3.4,10.0,7.5,4.8,8.4,1.0,1,5000,84.0,64.7,0,,subcounty_exact,KE008038,Wajir South
WAJIR,tarbaj,WARGADUD,16793.0,Hungai Dispensary,Level 2,Operational,2.2375587,40.1890263,2,11400,0.88,0.18462230460976475,8.664,arid,1.0,0.0,12.4,22.8,16.2,53.6,56.6,44.9,46.4,43.6,56.4,7.6,5.0,3.4,10.0,7.5,4.8,8.4,1.0,1,5000,84.0,64.7,0,,subcounty_exact,KE008035,Tarbaj
NAROK,transmara west,LOLGORIAN,15151.0,Masurura Dispensary,Level 2,Operational,-1.6039992,35.6657745,2,21000,0.78,0.15674438967657692,61.914,semi_arid,0.7227641320945796,0.2772358679054203,21.5,2.1,10.7,64.2,70.1,55.3,35.8,76.0,24.0,3.5,2.7,4.3,2.5,9.3,6.0,6.2,1.0,0,5000,96.5,26.2,0,,county_mean,,
TURKANA,turkana east,KAPEDO/NAPEITOM,16698.0,Lomelo Dispensary,Level 2,Operational,3.7743965,34.6261937,2,10500,0.89,0.1030812324929972,24.094,arid,0.0,1.0,23.0,22.6,31.7,43.2,52.6,57.7,56.8,49.4,50.6,8.6,9.9,6.1,8.8,5.9,3.5,8.8,1.0,1,5000,99.5,82.7,1,,subcounty_exact,KE023128,Turkana East
TURKANA,kibish,KIBISH,15731.0,Todonyang Dispensary,Level 2,Operational,3.7743965,34.6261937,2,10500,0.89,0.13807030368070672,24.094,arid,0.178021640167913,0.821978359832087,23.0,22.6,31.7,43.2,52.6,57.7,56.8,49.4,50.6,8.6,9.9,6.1,8.8,5.9,3.5,8.8,1.0,1,5000,99.5,82.7,1,,county_mean,,
TURKANA,turkana north,KAERIS,14637.0,Kaeris Dispensary,Level 2,Operational,3.7743965,34.6261937,2,10500,0.89,0.15423652551061806,24.094,arid,0.00596735289995648,0.9940326471000435,23.0,22.6,31.7,43.2,52.6,57.7,56.8,49.4,50.6,8.6,9.9,6.1,8.8,5.9,3.5,8.8,1.0,1,5000,99.5,82.7,2,,subcounty_exact,KE023123,Turkana North
TURKANA,turkana west,LOKICHOGGIO,14593.0,Jawabu Medical Clinic,Level 2,Operational,3.7080543,34.8636959,2,8920,0.89,0.1365070952706123,0.943,arid,1.0,0.0,23.0,22.6,31.7,43.2,52.6,57.7,56.8,49.4,50.6,8.6,9.9,6.1,8.8,5.9,3.5,8.8,1.0,1,5000,99.5,82.7,0,,subcounty_exact,KE023124,Turkana West
TURKANA,turkana west,LOKICHOGGIO,15557.0,Shalom Medical Centre Lokichoggio,Level 2,Operational,3.7086577,34.8650925,2,8920,0.89,0.1365070952706123,1.077,arid,1.0,0.0,23.0,22.6,31.7,43.2,52.6,57.7,56.8,49.4,50.6,8.6,9.9,6.1,8.8,5.9,3.5,8.8,1.0,1,5000,99.5,82.7,0,,subcounty_exact,KE023124,Turkana West
TURKANA,turkana north,LAKEZONE,14814.0,Kataboi Dispensary,Level 2,Operational,3.7743965,34.6261937,2,10500,0.89,0.15423652551061806,24.094,arid,0.00596735289995648,0.9940326471000435,23.0,22.6,31.7,43.2,52.6,57.7,56.8,49.4,50.6,8.6,9.9,6.1,8.8,5.9,3.5,8.8,1.0,1,5000,99.5,82.7,1,,subcounty_exact,KE023123,Turkana North
WAJIR,wajir east,TOWNSHIP,13276.0,Al-Furaqan Clinic,Level 2,Operational,2.4952611,39.5678001,2,45200,0.88,0.137552081876905,50.974,arid,1.0,0.0,12.4,22.8,16.2,53.6,56.6,44.9,46.4,43.6,56.4,7.6,5.0,3.4,10.0,7.5,4.8,8.4,1.0,1,5000,84.0,64.7,0,,subcounty_exact,KE008034,Wajir East
WAJIR,wajir east,TOWNSHIP,13278.0,Al-Haqq Medical Clinic,Level 2,Operational,1.7371504,40.0627419,2,45200,0.88,0.137552081876905,0.0,arid,1.0,0.0,12.4,22.8,16.2,53.6,56.6,44.9,46.4,43.6,56.4,7.6,5.0,3.4,10.0,7.5,4.8,8.4,1.0,1,5000,84.0,64.7,0,,subcounty_exact,KE008034,Wajir East
WAJIR,wajir east,TOWNSHIP,13301.0,Barwaqo Clinic,Level 2,Operational,2.4952611,39.5678001,2,45200,0.88,0.137552081876905,50.974,arid,1.0,0.0,12.4,22.8,16.2,53.6,56.6,44.9,46.4,43.6,56.4,7.6,5.0,3.4,10.0,7.5,4.8,8.4,1.0,1,5000,84.0,64.7,1,,subcounty_exact,KE008034,Wajir East
WEST POKOT,pokot central,LOMUT,14387.0,Chesta Dispensary,Level 2,Operational,1.2509717,35.051975,2,13500,0.83,0.1815939520462156,6.827,semi_arid,0.6093682652151844,0.3906317347848156,33.5,11.0,27.1,55.5,65.3,35.0,44.5,78.8,21.2,8.7,2.4,3.9,1.3,7.7,6.0,6.6,1.0,0,5000,97.9,,0,,county_mean,,
WEST POKOT,pokot north,KODICH,16370.0,Orolwo Dispensary,Level 2,Operational,1.2509717,35.051975,2,13500,0.83,0.1815939520462156,6.827,semi_arid,0.6093682652151844,0.3906317347848156,33.5,11.0,27.1,55.5,65.3,35.0,44.5,78.8,21.2,8.7,2.4,3.9,1.3,7.7,6.0,6.6,1.0,0,5000,97.9,,0,,county_mean,,
NAROK,narok east,ILDAMAT,15401.0,Oletukat Dispensary,Level 2,Operational,-1.6039992,35.6657745,2,21000,0.78,0.1565382055076941,61.914,semi_arid,1.0,0.0,21.5,2.1,10.7,64.2,70.1,55.3,35.8,76.0,24.0,3.5,2.7,4.3,2.5,9.3,6.0,6.2,1.0,0,5000,96.5,26.2,1,,subcounty_exact,KE033180,Narok East
TURKANA,turkana south,LOKICHAR,14813.0,Kasuroi Dispensary,Level 2,Operational,3.7743965,34.6261937,2,8700,0.89,0.1319170700709337,24.094,arid,0.0,1.0,23.0,22.6,31.7,43.2,52.6,57.7,56.8,49.4,50.6,8.6,9.9,6.1,8.8,5.9,3.5,8.8,1.0,1,5000,99.5,82.7,1,,subcounty_exact,KE023127,Turkana South
WEST POKOT,pokot south,CHEPARERIA,14693.0,Kapchemogen Dispensary,Level 2,Operational,1.2509717,35.051975,2,18900,0.83,0.1767883522831671,6.827,semi_arid,1.0,0.0,33.5,11.0,27.1,55.5,65.3,35.0,44.5,78.8,21.2,8.7,2.4,3.9,1.3,7.7,6.0,6.6,1.0,0,5000,97.9,,0,,subcounty_exact,KE024132,Pokot South
NAROK,narok west,SIANA,15168.0,Megwara Dispensary,Level 2,Operational,-1.6039992,35.6657745,2,21000,0.78,0.16826634103750007,61.914,semi_arid,0.1186595635641209,0.8813404364358791,21.5,2.1,10.7,64.2,70.1,55.3,35.8,76.0,24.0,3.5,2.7,4.3,2.5,9.3,6.0,6.2,1.0,0,5000,96.5,26.2,1,,subcounty_exact,KE033182,Narok West
NAROK,narok east,ILDAMAT,14562.0,Ilaiser Dispensary,Level 2,Operational,-1.6039992,35.6657745,2,21000,0.78,0.1565382055076941,61.914,semi_arid,1.0,0.0,21.5,2.1,10.7,64.2,70.1,55.3,35.8,76.0,24.0,3.5,2.7,4.3,2.5,9.3,6.0,6.2,1.0,0,5000,96.5,26.2,0,,subcounty_exact,KE033180,Narok East
TURKANA,turkana central,KANG'ATOTHA,14685.0,Kangagetei Dispensary,Level 2,Operational,3.7743965,34.6261937,2,10500,0.89,0.15780605951198964,24.094,arid,0.0,1.0,23.0,22.6,31.7,43.2,52.6,57.7,56.8,49.4,50.6,8.6,9.9,6.1,8.8,5.9,3.5,8.8,1.0,1,5000,99.5,82.7,1,,subcounty_exact,KE023125,Turkana Central
WEST POKOT,pokot north,KASEI,14991.0,Korokou Dispensary,Level 2,Operational,1.2509717,35.051975,2,13500,0.83,0.1815939520462156,6.827,semi_arid,0.6093682652151844,0.3906317347848156,33.5,11.0,27.1,55.5,65.3,35.0,44.5,78.8,21.2,8.7,2.4,3.9,1.3,7.7,6.0,6.6,1.0,0,5000,97.9,,0,,county_mean,,
WEST POKOT,pokot north,SUAM,16368.0,Tiinei Dispensary,Level 2,Operational,1.2509717,35.051975,2,13500,0.83,0.1815939520462156,6.827,semi_arid,0.6093682652151844,0.3906317347848156,33.5,11.0,27.1,55.5,65.3,35.0,44.5,78.8,21.2,8.7,2.4,3.9,1.3,7.7,6.0,6.6,1.0,0,5000,97.9,,4,,county_mean,,
WEST POKOT,pokot north,KAPCHOK,16369.0,Losam Dispensary,Level 2,Operational,1.2509717,35.051975,2,13500,0.83,0.1815939520462156,6.827,semi_arid,0.6093682652151844,0.3906317347848156,33.5,11.0,27.1,55.5,65.3,35.0,44.5,78.8,21.2,8.7,2.4,3.9,1.3,7.7,6.0,6.6,1.0,0,5000,97.9,,0,,county_mean,,
WEST POKOT,pokot central,WEI WEI,15704.0,Tamkal Dispensary,Level 2,Operational,1.2509717,35.051975,2,13500,0.83,0.1815939520462156,6.827,semi_arid,0.6093682652151844,0.3906317347848156,33.5,11.0,27.1,55.5,65.3,35.0,44.5,78.8,21.2,8.7,2.4,3.9,1.3,7.7,6.0,6.6,1.0,0,5000,97.9,,1,,county_mean,,
WEST POKOT,pokot central,WEI WEI,15130.0,Marich Dispensary,Level 2,Operational,1.2509717,35.051975,2,13500,0.83,0.1815939520462156,6.827,semi_arid,0.6093682652151844,0.3906317347848156,33.5,11.0,27.1,55.5,65.3,35.0,44.5,78.8,21.2,8.7,2.4,3.9,1.3,7.7,6.0,6.6,1.0,0,5000,97.9,,1,,county_mean,,
NAROK,transmara west,KIMINTET,15123.0,Mara Serena Dispensary,Level 2,Operational,-1.6039992,35.6657745,2,21000,0.78,0.15674438967657692,61.914,semi_arid,0.7227641320945796,0.2772358679054203,21.5,2.1,10.7,64.2,70.1,55.3,35.8,76.0,24.0,3.5,2.7,4.3,2.5,9.3,6.0,6.2,1.0,0,5000,96.5,26.2,0,,county_mean,,
WEST POKOT,pokot north,KAPCHOK,14988.0,Konyao Dispensary,Level 2,Operational,1.2509717,35.051975,2,13500,0.83,0.1815939520462156,6.827,semi_arid,0.6093682652151844,0.3906317347848156,33.5,11.0,27.1,55.5,65.3,35.0,44.5,78.8,21.2,8.7,2.4,3.9,1.3,7.7,6.0,6.6,1.0,0,5000,97.9,,0,,county_mean,,
WEST POKOT,pokot north,KASEI,16373.0,Kangoletiang Dispensary,Level 2,Operational,1.2509717,35.051975,2,13500,0.83,0.1815939520462156,6.827,semi_arid,0.6093682652151844,0.3906317347848156,33.5,11.0,27.1,55.5,65.3,35.0,44.5,78.8,21.2,8.7,2.4,3.9,1.3,7.7,6.0,6.6,1.0,0,5000,97.9,,0,,county_mean,,
WEST POKOT,pokot north,KASEI,14807.0,Kasei Dispensary,Level 2,Operational,1.2509717,35.051975,2,13500,0.83,0.1815939520462156,6.827,semi_arid,0.6093682652151844,0.3906317347848156,33.5,11.0,27.1,55.5,65.3,35.0,44.5,78.8,21.2,8.7,2.4,3.9,1.3,7.7,6.0,6.6,1.0,0,5000,97.9,,0,,county_mean,,
WEST POKOT,pokot north,ALALE,14198.0,Amakuriat Dispensary,Level 2,Operational,1.2509717,35.051975,2,9800,0.83,0.1815939520462156,6.827,semi_arid,0.6093682652151844,0.3906317347848156,33.5,11.0,27.1,55.5,65.3,35.0,44.5,78.8,21.2,8.7,2.4,3.9,1.3,7.7,6.0,6.6,1.0,0,5000,97.9,,0,,county_mean,,
TURKANA,turkana south,LOBOKAT,15098.0,Loyapat Dispensary,Level 2,Operational,3.7743965,34.6261937,2,10500,0.89,0.1319170700709337,24.094,arid,0.0,1.0,23.0,22.6,31.7,43.2,52.6,57.7,56.8,49.4,50.6,8.6,9.9,6.1,8.8,5.9,3.5,8.8,1.0,1,5000,99.5,82.7,0,,subcounty_exact,KE023127,Turkana South
TURKANA,loima,TURKWEL,15308.0,Napeililim Dispensary,Level 2,Operational,3.7743965,34.6261937,2,10500,0.89,0.14487383922708938,24.094,arid,0.0621624881075214,0.9378375118924785,23.0,22.6,31.7,43.2,52.6,57.7,56.8,49.4,50.6,8.6,9.9,6.1,8.8,5.9,3.5,8.8,1.0,1,5000,99.5,82.7,1,,subcounty_exact,KE023126,Loima
NAROK,narok west,SIANA,14462.0,Enkitoria Dispensary,Level 2,Operational,-1.6039992,35.6657745,2,21000,0.78,0.16826634103750007,61.914,semi_arid,0.1186595635641209,0.8813404364358791,21.5,2.1,10.7,64.2,70.1,55.3,35.8,76.0,24.0,3.5,2.7,4.3,2.5,9.3,6.0,6.2,1.0,0,5000,96.5,26.2,0,,subcounty_exact,KE033182,Narok West
NAROK,narok east,SUSWA,15387.0,Olasiti (AIC) Dispensary,Level 2,Operational,-1.6039992,35.6657745,2,21000,0.78,0.1565382055076941,61.914,semi_arid,1.0,0.0,21.5,2.1,10.7,64.2,70.1,55.3,35.8,76.0,24.0,3.5,2.7,4.3,2.5,9.3,6.0,6.2,1.0,0,5000,96.5,26.2,0,,subcounty_exact,KE033180,Narok East
NAROK,transmara west,KILGORIS CENTRAL,15736.0,Tororek Dispensary,Level 2,Operational,-1.6039992,35.6657745,2,22400,0.78,0.15674438967657692,61.914,semi_arid,0.7227641320945796,0.2772358679054203,21.5,2.1,10.7,64.2,70.1,55.3,35.8,76.0,24.0,3.5,2.7,4.3,2.5,9.3,6.0,6.2,1.0,0,5000,96.5,26.2,0,,county_mean,,
TURKANA,turkana central,KANAMKEMER,15535.0,Savannah Medical Clinic,Level 2,Operational,3.7080543,34.8636959,2,10500,0.89,0.15780605951198964,0.943,arid,0.0,1.0,23.0,22.6,31.7,43.2,52.6,57.7,56.8,49.4,50.6,8.6,9.9,6.1,8.8,5.9,3.5,8.8,1.0,1,5000,99.5,82.7,0,,subcounty_exact,KE023125,Turkana Central
TURKANA,turkana east,KATILIA,14436.0,Elelea Health Centre,Level 3,Operational,3.735405,34.8397987,4,10500,0.89,0.1030812324929972,0.0,arid,0.0,1.0,23.0,22.6,31.7,43.2,52.6,57.7,56.8,49.4,50.6,8.6,9.9,6.1,8.8,5.9,3.5,8.8,1.0,1,5000,99.5,82.7,1,,subcounty_exact,KE023128,Turkana East
WAJIR,wajir west,ARBAJAHAN,13447.0,Tulatula Dispensary,Level 2,Operational,1.8886213,39.8266712,2,11400,0.88,0.1538258126664526,17.44,arid,1.0,0.0,12.4,22.8,16.2,53.6,56.6,44.9,46.4,43.6,56.4,7.6,5.0,3.4,10.0,7.5,4.8,8.4,1.0,1,5000,84.0,64.7,1,,subcounty_exact,KE008036,Wajir West
TURKANA,turkana west,LOKICHOGGIO,15058.0,Lokichoggio Military Dispensary,Level 2,Operational,3.7743965,34.6261937,2,8920,0.89,0.1365070952706123,24.094,arid,1.0,0.0,23.0,22.6,31.7,43.2,52.6,57.7,56.8,49.4,50.6,8.6,9.9,6.1,8.8,5.9,3.5,8.8,1.0,1,5000,99.5,82.7,0,,subcounty_exact,KE023124,Turkana West
TURKANA,kibish,KIBISH,15054.0,Lokamarinyang Dispensary,Level 2,Operational,3.7743965,34.6261937,2,10500,0.89,0.13807030368070672,24.094,arid,0.178021640167913,0.821978359832087,23.0,22.6,31.7,43.2,52.6,57.7,56.8,49.4,50.6,8.6,9.9,6.1,8.8,5.9,3.5,8.8,1.0,1,5000,99.5,82.7,1,,county_mean,,
WAJIR,eldas,ELNUR/TULA TULA,13334.0,Elnoor Dispensary,Level 2,Operational,1.8785676,40.6291198,2,11400,0.88,0.1521753543818705,18.532,arid,1.0,0.0,12.4,22.8,16.2,53.6,56.6,44.9,46.4,43.6,56.4,7.6,5.0,3.4,10.0,7.5,4.8,8.4,1.0,1,5000,84.0,64.7,1,,subcounty_exact,KE008037,Eldas
TURKANA,turkana central,KERIO DELTA,15084.0,Lorengelup Dispensary,Level 2,Operational,3.7743965,34.6261937,2,10500,0.89,0.15780605951198964,24.094,arid,0.0,1.0,23.0,22.6,31.7,43.2,52.6,57.7,56.8,49.4,50.6,8.6,9.9,6.1,8.8,5.9,3.5,8.8,1.0,1,5000,99.5,82.7,1,,subcounty_exact,KE023125,Turkana Central
TURKANA,turkana west,LETEA,15060.0,Lokipoto Dispensary,Level 2,Operational,3.7743965,34.6261937,2,10500,0.89,0.1365070952706123,24.094,arid,1.0,0.0,23.0,22.6,31.7,43.2,52.6,57.7,56.8,49.4,50.6,8.6,9.9,6.1,8.8,5.9,3.5,8.8,1.0,1,5000,99.5,82.7,2,,subcounty_exact,KE023124,Turkana West
NAROK,narok south,LOITA,15415.0,Olmesutie Dispensary,Level 2,Operational,-1.6039992,35.6657745,2,21000,0.78,0.1690642707642044,61.914,semi_arid,0.5167525992478772,0.4832474007521228,21.5,2.1,10.7,64.2,70.1,55.3,35.8,76.0,24.0,3.5,2.7,4.3,2.5,9.3,6.0,6.2,1.0,0,5000,96.5,26.2,1,,subcounty_exact,KE033181,Narok South
TURKANA,turkana north,KAERIS,15186.0,Milima Tatu Dispensary,Level 2,Operational,3.7743965,34.6261937,2,10500,0.89,0.15423652551061806,24.094,arid,0.00596735289995648,0.9940326471000435,23.0,22.6,31.7,43.2,52.6,57.7,56.8,49.4,50.6,8.6,9.9,6.1,8.8,5.9,3.5,8.8,1.0,1,5000,99.5,82.7,1,,subcounty_exact,KE023123,Turkana North
TURKANA,turkana south,KALAPATA,15284.0,Nakalei Dispensary,Level 2,Operational,3.7743965,34.6261937,2,10500,0.89,0.1319170700709337,24.094,arid,0.0,1.0,23.0,22.6,31.7,43.2,52.6,57.7,56.8,49.4,50.6,8.6,9.9,6.1,8.8,5.9,3.5,8.8,1.0,1,5000,99.5,82.7,0,,subcounty_exact,KE023127,Turkana South
WAJIR,wajir north,BATALU,13304.0,Batalu Dispensary,Level 2,Operational,1.8785676,40.6291198,2,11400,0.88,0.16962182979119392,18.532,arid,1.0,0.0,12.4,22.8,16.2,53.6,56.6,44.9,46.4,43.6,56.4,7.6,5.0,3.4,10.0,7.5,4.8,8.4,1.0,1,5000,84.0,64.7,1,,subcounty_exact,KE008033,Wajir North
WAJIR,wajir north,BUTE,13416.0,Ogorji Dispensary,Level 2,Operational,1.8785676,40.6291198,2,11400,0.88,0.16962182979119392,18.532,arid,1.0,0.0,12.4,22.8,16.2,53.6,56.6,44.9,46.4,43.6,56.4,7.6,5.0,3.4,10.0,7.5,4.8,8.4,1.0,1,5000,84.0,64.7,1,,subcounty_exact,KE008033,Wajir North
WAJIR,eldas,LAKOLEY SOUTH/BASIR,13303.0,Basir Dispensary,Level 2,Operational,1.8785676,40.6291198,2,11400,0.88,0.1521753543818705,18.532,arid,1.0,0.0,12.4,22.8,16.2,53.6,56.6,44.9,46.4,43.6,56.4,7.6,5.0,3.4,10.0,7.5,4.8,8.4,1.0,1,5000,84.0,64.7,0,,subcounty_exact,KE008037,Eldas
WAJIR,wajir west,HADADO/ATHIBOHOL,13267.0,Ademasajida Dispensary,Level 2,Operational,1.028127,39.4885158,2,11400,0.88,0.1538258126664526,88.152,arid,1.0,0.0,12.4,22.8,16.2,53.6,56.6,44.9,46.4,43.6,56.4,7.6,5.0,3.4,10.0,7.5,4.8,8.4,1.0,1,5000,84.0,64.7,1,,subcounty_exact,KE008036,Wajir West
WAJIR,wajir west,GANYURE/WAGALLA,13343.0,Ganyure Dispensary,Level 2,Operational,1.7148733,39.9418608,2,11400,0.88,0.1538258126664526,7.605,arid,1.0,0.0,12.4,22.8,16.2,53.6,56.6,44.9,46.4,43.6,56.4,7.6,5.0,3.4,10.0,7.5,4.8,8.4,1.0,1,5000,84.0,64.7,0,,subcounty_exact,KE008036,Wajir West
NAROK,transmara west,LOLGORIAN,14835.0,Keringani Dispensary,Level 2,Operational,-1.6039992,35.6657745,2,21000,0.78,0.15674438967657692,61.914,semi_arid,0.7227641320945796,0.2772358679054203,21.5,2.1,10.7,64.2,70.1,55.3,35.8,76.0,24.0,3.5,2.7,4.3,2.5,9.3,6.0,6.2,1.0,0,5000,96.5,26.2,0,,county_mean,,
WAJIR,wajir east,TOWNSHIP,13395.0,Liban Pharmacy,Level 2,Operational,1.7509352,40.0601,2,45200,0.88,0.137552081876905,0.088,arid,1.0,0.0,12.4,22.8,16.2,53.6,56.6,44.9,46.4,43.6,56.4,7.6,5.0,3.4,10.0,7.5,4.8,8.4,1.0,1,5000,84.0,64.7,0,,subcounty_exact,KE008034,Wajir East
TURKANA,turkana west,SONGOT,15055.0,Lokangae Health Centre,Level 3,Operational,3.735405,34.8397987,4,10500,0.89,0.1365070952706123,0.0,arid,1.0,0.0,23.0,22.6,31.7,43.2,52.6,57.7,56.8,49.4,50.6,8.6,9.9,6.1,8.8,5.9,3.5,8.8,1.0,1,5000,99.5,82.7,1,,subcounty_exact,KE023124,Turkana West
NAROK,narok east,SUSWA,16329.0,Inkoirienito Dispensary,Level 2,Operational,-1.6039992,35.6657745,2,21000,0.78,0.1565382055076941,61.914,semi_arid,1.0,0.0,21.5,2.1,10.7,64.2,70.1,55.3,35.8,76.0,24.0,3.5,2.7,4.3,2.5,9.3,6.0,6.2,1.0,0,5000,96.5,26.2,1,,subcounty_exact,KE033180,Narok East
NAROK,narok south,MAJI MOTO/NAROOSURA,14427.0,Elangata Enterit Dispensary,Level 2,Operational,-1.6039992,35.6657745,2,21000,0.78,0.1690642707642044,61.914,semi_arid,0.5167525992478772,0.4832474007521228,21.5,2.1,10.7,64.2,70.1,55.3,35.8,76.0,24.0,3.5,2.7,4.3,2.5,9.3,6.0,6.2,1.0,0,5000,96.5,26.2,0,,subcounty_exact,KE033181,Narok South
NAROK,narok east,MOSIRO,14973.0,Kojonga Dispensary,Level 2,Operational,-1.6039992,35.6657745,2,21000,0.78,0.1565382055076941,61.914,semi_arid,1.0,0.0,21.5,2.1,10.7,64.2,70.1,55.3,35.8,76.0,24.0,3.5,2.7,4.3,2.5,9.3,6.0,6.2,1.0,0,5000,96.5,26.2,1,,subcounty_exact,KE033180,Narok East
NAROK,narok south,OLOLULUNG'A,15399.0,Olepolos Dispensary,Level 2,Operational,-1.6039992,35.6657745,2,21000,0.78,0.1690642707642044,61.914,semi_arid,0.5167525992478772,0.4832474007521228,21.5,2.1,10.7,64.2,70.1,55.3,35.8,76.0,24.0,3.5,2.7,4.3,2.5,9.3,6.0,6.2,1.0,0,5000,96.5,26.2,0,,subcounty_exact,KE033181,Narok South
NAROK,transmara west,KIMINTET,14873.0,Kimintet Dispensary,Level 2,Operational,-1.6039992,35.6657745,2,21000,0.78,0.15674438967657692,61.914,semi_arid,0.7227641320945796,0.2772358679054203,21.5,2.1,10.7,64.2,70.1,55.3,35.8,76.0,24.0,3.5,2.7,4.3,2.5,9.3,6.0,6.2,1.0,0,5000,96.5,26.2,1,,county_mean,,
TURKANA,turkana south,KAPUTIR,15088.0,Lorogon Dispensary,Level 2,Operational,3.7743965,34.6261937,2,10500,0.89,0.1319170700709337,24.094,arid,0.0,1.0,23.0,22.6,31.7,43.2,52.6,57.7,56.8,49.4,50.6,8.6,9.9,6.1,8.8,5.9,3.5,8.8,1.0,1,5000,99.5,82.7,0,,subcounty_exact,KE023127,Turkana South
TURKANA,loima,LOKIRIAMA/LORENGIPPI,15061.0,Lokiriama Dispensary,Level 2,Operational,3.7743965,34.6261937,2,10500,0.89,0.14487383922708938,24.094,arid,0.0621624881075214,0.9378375118924785,23.0,22.6,31.7,43.2,52.6,57.7,56.8,49.4,50.6,8.6,9.9,6.1,8.8,5.9,3.5,8.8,1.0,1,5000,99.5,82.7,6,,subcounty_exact,KE023126,Loima
TURKANA,turkana west,LOKICHOGGIO,14481.0,Eureka Medical Clinic,Level 2,Operational,3.7080543,34.8636959,2,8920,0.89,0.1365070952706123,0.943,arid,1.0,0.0,23.0,22.6,31.7,43.2,52.6,57.7,56.8,49.4,50.6,8.6,9.9,6.1,8.8,5.9,3.5,8.8,1.0,1,5000,99.5,82.7,0,,subcounty_exact,KE023124,Turkana West
WEST POKOT,pokot south,CHEPARERIA,16701.0,Chepturnguny Dispensary,Level 2,Operational,1.2509717,35.051975,2,18900,0.83,0.1767883522831671,6.827,semi_arid,1.0,0.0,33.5,11.0,27.1,55.5,65.3,35.0,44.5,78.8,21.2,8.7,2.4,3.9,1.3,7.7,6.0,6.6,1.0,0,5000,97.9,,0,,subcounty_exact,KE024132,Pokot South
NAROK,transmara west,KEYIAN,14466.0,Enoosaen Zh Clinic,Level 2,Operational,-1.5413936,36.0141881,2,21000,0.78,0.15674438967657692,53.333,semi_arid,0.7227641320945796,0.2772358679054203,21.5,2.1,10.7,64.2,70.1,55.3,35.8,76.0,24.0,3.5,2.7,4.3,2.5,9.3,6.0,6.2,1.0,0,5000,96.5,26.2,0,,county_mean,,
NAROK,narok east,MOSIRO,15439.0,Ongata Naado Dispensary,Level 2,Operational,-1.6039992,35.6657745,2,21000,0.78,0.1565382055076941,61.914,semi_arid,1.0,0.0,21.5,2.1,10.7,64.2,70.1,55.3,35.8,76.0,24.0,3.5,2.7,4.3,2.5,9.3,6.0,6.2,1.0,0,5000,96.5,26.2,1,,subcounty_exact,KE033180,Narok East
TURKANA,turkana central,LODWAR TOWNSHIP,14863.0,Kikton Medical Clinic,Level 2,Operational,3.7080543,34.8636959,2,10500,0.89,0.15780605951198964,0.943,arid,0.0,1.0,23.0,22.6,31.7,43.2,52.6,57.7,56.8,49.4,50.6,8.6,9.9,6.1,8.8,5.9,3.5,8.8,1.0,1,5000,99.5,82.7,0,,subcounty_exact,KE023125,Turkana Central
TURKANA,turkana central,LODWAR TOWNSHIP,14186.0,Afya Bora Medical Clinic (Turkana Central),Level 2,Operational,3.7080543,34.8636959,2,10500,0.89,0.15780605951198964,0.943,arid,0.0,1.0,23.0,22.6,31.7,43.2,52.6,57.7,56.8,49.4,50.6,8.6,9.9,6.1,8.8,5.9,3.5,8.8,1.0,1,5000,99.5,82.7,0,,subcounty_exact,KE023125,Turkana Central
TURKANA,turkana central,LODWAR TOWNSHIP,15749.0,Tumaini Medical Clinic (Turkana Central),Level 2,Operational,3.7080543,34.8636959,2,10500,0.89,0.15780605951198964,0.943,arid,0.0,1.0,23.0,22.6,31.7,43.2,52.6,57.7,56.8,49.4,50.6,8.6,9.9,6.1,8.8,5.9,3.5,8.8,1.0,1,5000,99.5,82.7,0,,subcounty_exact,KE023125,Turkana Central
WEST POKOT,west pokot,KAPENGURIA,15269.0,Nachecheyet Dispensary,Level 2,Operational,1.2509717,35.051975,2,22400,0.83,0.1815939520462156,6.827,semi_arid,0.6093682652151844,0.3906317347848156,33.5,11.0,27.1,55.5,65.3,35.0,44.5,78.8,21.2,8.7,2.4,3.9,1.3,7.7,6.0,6.6,1.0,0,5000,97.9,,0,,county_mean,,
WEST POKOT,west pokot,KAPENGURIA,15189.0,Miskwony Dispensary,Level 2,Operational,1.2509717,35.051975,2,22400,0.83,0.1815939520462156,6.827,semi_arid,0.6093682652151844,0.3906317347848156,33.5,11.0,27.1,55.5,65.3,35.0,44.5,78.8,21.2,8.7,2.4,3.9,1.3,7.7,6.0,6.6,1.0,0,5000,97.9,,0,,county_mean,,
TURKANA,kibish,KIBISH,14854.0,Kibish Dispensary,Level 2,Operational,3.7743965,34.6261937,2,10500,0.89,0.13807030368070672,24.094,arid,0.178021640167913,0.821978359832087,23.0,22.6,31.7,43.2,52.6,57.7,56.8,49.4,50.6,8.6,9.9,6.1,8.8,5.9,3.5,8.8,1.0,1,5000,99.5,82.7,0,,county_mean,,
NAROK,narok north,NAROK TOWN,14523.0,GK Prisons Dispensary,Level 2,Operational,-1.6039992,35.6657745,2,21000,0.78,0.15117207386495118,61.914,semi_arid,1.0,0.0,21.5,2.1,10.7,64.2,70.1,55.3,35.8,76.0,24.0,3.5,2.7,4.3,2.5,9.3,6.0,6.2,1.0,0,5000,96.5,26.2,0,,subcounty_exact,KE033179,Narok North
NAROK,narok north,MELILI,14454.0,Enaibor Ajijik Dispensary,Level 2,Operational,-1.6039992,35.6657745,2,21000,0.78,0.15117207386495118,61.914,semi_arid,1.0,0.0,21.5,2.1,10.7,64.2,70.1,55.3,35.8,76.0,24.0,3.5,2.7,4.3,2.5,9.3,6.0,6.2,1.0,0,5000,96.5,26.2,0,,subcounty_exact,KE033179,Narok North
NAROK,narok north,MELILI,14471.0,Entontol Dispensary,Level 2,Operational,-1.6039992,35.6657745,2,21000,0.78,0.15117207386495118,61.914,semi_arid,1.0,0.0,21.5,2.1,10.7,64.2,70.1,55.3,35.8,76.0,24.0,3.5,2.7,4.3,2.5,9.3,6.0,6.2,1.0,0,5000,96.5,26.2,0,,subcounty_exact,KE033179,Narok North
NAROK,narok north,NAROK TOWN,14484.0,Ewaso Ngiro Dispensary,Level 2,Operational,-1.6039992,35.6657745,2,21000,0.78,0.15117207386495118,61.914,semi_arid,1.0,0.0,21.5,2.1,10.7,64.2,70.1,55.3,35.8,76.0,24.0,3.5,2.7,4.3,2.5,9.3,6.0,6.2,1.0,0,5000,96.5,26.2,0,,subcounty_exact,KE033179,Narok North
TURKANA,turkana south,KALAPATA,14686.0,Kangakipur Dispensary,Level 2,Operational,3.7743965,34.6261937,2,10500,0.89,0.1319170700709337,24.094,arid,0.0,1.0,23.0,22.6,31.7,43.2,52.6,57.7,56.8,49.4,50.6,8.6,9.9,6.1,8.8,5.9,3.5,8.8,1.0,1,5000,99.5,82.7,2,,subcounty_exact,KE023127,Turkana South
TURKANA,loima,KOTARUK/LOBEI,14989.0,Kopeeto Dispensary,Level 2,Operational,3.7743965,34.6261937,2,10500,0.89,0.14487383922708938,24.094,arid,0.0621624881075214,0.9378375118924785,23.0,22.6,31.7,43.2,52.6,57.7,56.8,49.4,50.6,8.6,9.9,6.1,8.8,5.9,3.5,8.8,1.0,1,5000,99.5,82.7,0,,subcounty_exact,KE023126,Loima
TURKANA,turkana east,LOKORI/KOCHODIN,15225.0,Morulem Dispensary,Level 2,Operational,3.7743965,34.6261937,2,10500,0.89,0.1030812324929972,24.094,arid,0.0,1.0,23.0,22.6,31.7,43.2,52.6,57.7,56.8,49.4,50.6,8.6,9.9,6.1,8.8,5.9,3.5,8.8,1.0,1,5000,99.5,82.7,1,,subcounty_exact,KE023128,Turkana East
TURKANA,turkana central,KANG'ATOTHA,14687.0,Kangatosa Dispensary,Level 2,Operational,3.7743965,34.6261937,2,10500,0.89,0.15780605951198964,24.094,arid,0.0,1.0,23.0,22.6,31.7,43.2,52.6,57.7,56.8,49.4,50.6,8.6,9.9,6.1,8.8,5.9,3.5,8.8,1.0,1,5000,99.5,82.7,1,,subcounty_exact,KE023125,Turkana Central
TURKANA,turkana central,KERIO DELTA,15285.0,Nakurio Dispensary,Level 2,Operational,3.7743965,34.6261937,2,10500,0.89,0.15780605951198964,24.094,arid,0.0,1.0,23.0,22.6,31.7,43.2,52.6,57.7,56.8,49.4,50.6,8.6,9.9,6.1,8.8,5.9,3.5,8.8,1.0,1,5000,99.5,82.7,1,,subcounty_exact,KE023125,Turkana Central
WEST POKOT,west pokot,RIWO,14689.0,Kanyarkwat Dispensary,Level 2,Operational,1.2509717,35.051975,2,13500,0.83,0.1815939520462156,6.827,semi_arid,0.6093682652151844,0.3906317347848156,33.5,11.0,27.1,55.5,65.3,35.0,44.5,78.8,21.2,8.7,2.4,3.9,1.3,7.7,6.0,6.6,1.0,0,5000,97.9,,1,,county_mean,,
WEST POKOT,pokot central,SEKERR,15314.0,Nasolot Dispensary,Level 2,Operational,1.2509717,35.051975,2,13500,0.83,0.1815939520462156,6.827,semi_arid,0.6093682652151844,0.3906317347848156,33.5,11.0,27.1,55.5,65.3,35.0,44.5,78.8,21.2,8.7,2.4,3.9,1.3,7.7,6.0,6.6,1.0,0,5000,97.9,,2,,county_mean,,
NAROK,transmara east,KAPSASIAN,14797.0,Kapweria Dispensary,Level 2,Operational,-1.6039992,35.6657745,2,21000,0.78,0.15674438967657692,61.914,semi_arid,0.7227641320945796,0.2772358679054203,21.5,2.1,10.7,64.2,70.1,55.3,35.8,76.0,24.0,3.5,2.7,4.3,2.5,9.3,6.0,6.2,1.0,0,5000,96.5,26.2,0,,county_mean,,
WEST POKOT,pokot north,KIWAWA,16371.0,Kamla Community Dispensary,Level 2,Operational,1.2509717,35.051975,2,13500,0.83,0.1815939520462156,6.827,semi_arid,0.6093682652151844,0.3906317347848156,33.5,11.0,27.1,55.5,65.3,35.0,44.5,78.8,21.2,8.7,2.4,3.9,1.3,7.7,6.0,6.6,1.0,0,5000,97.9,,0,,county_mean,,
TURKANA,turkana south,KAPUTIR,14796.0,Kaputir Dispensary,Level 2,Operational,3.7743965,34.6261937,2,10500,0.89,0.1319170700709337,24.094,arid,0.0,1.0,23.0,22.6,31.7,43.2,52.6,57.7,56.8,49.4,50.6,8.6,9.9,6.1,8.8,5.9,3.5,8.8,1.0,1,5000,99.5,82.7,1,,subcounty_exact,KE023127,Turkana South
TURKANA,loima,TURKWEL,15273.0,Nadapal Dispensary,Level 2,Operational,3.7743965,34.6261937,2,10500,0.89,0.14487383922708938,24.094,arid,0.0621624881075214,0.9378375118924785,23.0,22.6,31.7,43.2,52.6,57.7,56.8,49.4,50.6,8.6,9.9,6.1,8.8,5.9,3.5,8.8,1.0,1,5000,99.5,82.7,1,,subcounty_exact,KE023126,Loima
NAROK,narok east,MOSIRO,15227.0,Mosiro Dispensary,Level 2,Operational,-1.6039992,35.6657745,2,21000,0.78,0.1565382055076941,61.914,semi_arid,1.0,0.0,21.5,2.1,10.7,64.2,70.1,55.3,35.8,76.0,24.0,3.5,2.7,4.3,2.5,9.3,6.0,6.2,1.0,0,5000,96.5,26.2,0,,subcounty_exact,KE033180,Narok East
NAROK,transmara west,SHANKOE,15400.0,Olereko Dispensary,Level 2,Operational,-1.6039992,35.6657745,2,21000,0.78,0.15674438967657692,61.914,semi_arid,0.7227641320945796,0.2772358679054203,21.5,2.1,10.7,64.2,70.1,55.3,35.8,76.0,24.0,3.5,2.7,4.3,2.5,9.3,6.0,6.2,1.0,0,5000,96.5,26.2,0,,county_mean,,
NAROK,narok west,SIANA,15408.0,Olkinyei Dispensary,Level 2,Operational,-1.6039992,35.6657745,2,21000,0.78,0.16826634103750007,61.914,semi_arid,0.1186595635641209,0.8813404364358791,21.5,2.1,10.7,64.2,70.1,55.3,35.8,76.0,24.0,3.5,2.7,4.3,2.5,9.3,6.0,6.2,1.0,0,5000,96.5,26.2,1,,subcounty_exact,KE033182,Narok West
WEST POKOT,pokot south,CHEPARERIA,14329.0,Chepareria (SDA) Dispensary,Level 2,Operational,1.2509717,35.051975,2,18900,0.83,0.1767883522831671,6.827,semi_arid,1.0,0.0,33.5,11.0,27.1,55.5,65.3,35.0,44.5,78.8,21.2,8.7,2.4,3.9,1.3,7.7,6.0,6.6,1.0,0,5000,97.9,,0,,subcounty_exact,KE024132,Pokot South
NAROK,narok north,MELILI,15599.0,Siyiapei (AIC) Dispensary,Level 2,Operational,-1.6039992,35.6657745,2,21000,0.78,0.15117207386495118,61.914,semi_arid,1.0,0.0,21.5,2.1,10.7,64.2,70.1,55.3,35.8,76.0,24.0,3.5,2.7,4.3,2.5,9.3,6.0,6.2,1.0,0,5000,96.5,26.2,0,,subcounty_exact,KE033179,Narok North
NAROK,transmara east,KAPSASIAN,14754.0,Kapsasian Dispensary,Level 2,Operational,-1.6039992,35.6657745,2,21000,0.78,0.15674438967657692,61.914,semi_arid,0.7227641320945796,0.2772358679054203,21.5,2.1,10.7,64.2,70.1,55.3,35.8,76.0,24.0,3.5,2.7,4.3,2.5,9.3,6.0,6.2,1.0,0,5000,96.5,26.2,1,,county_mean,,
NAROK,transmara east,OLOlMASANI,16327.0,Mogoiywet Dispensary,Level 2,Operational,-1.6039992,35.6657745,2,21000,0.78,0.15674438967657692,61.914,semi_arid,0.7227641320945796,0.2772358679054203,21.5,2.1,10.7,64.2,70.1,55.3,35.8,76.0,24.0,3.5,2.7,4.3,2.5,9.3,6.0,6.2,1.0,0,5000,96.5,26.2,0,,county_mean,,
WEST POKOT,pokot north,ALALE,15316.0,Nauyapong Dispensary,Level 2,Operational,1.2509717,35.051975,2,9800,0.83,0.1815939520462156,6.827,semi_arid,0.6093682652151844,0.3906317347848156,33.5,11.0,27.1,55.5,65.3,35.0,44.5,78.8,21.2,8.7,2.4,3.9,1.3,7.7,6.0,6.6,1.0,0,5000,97.9,,0,,county_mean,,
NAROK,transmara east,KAPSASIAN,14937.0,Kiribwet Dispensary,Level 2,Operational,-1.6039992,35.6657745,2,21000,0.78,0.15674438967657692,61.914,semi_arid,0.7227641320945796,0.2772358679054203,21.5,2.1,10.7,64.2,70.1,55.3,35.8,76.0,24.0,3.5,2.7,4.3,2.5,9.3,6.0,6.2,1.0,0,5000,96.5,26.2,0,,county_mean,,
WEST POKOT,pokot south,TAPACH,15580.0,Sina Dispensary,Level 2,Operational,1.2509717,35.051975,2,13500,0.83,0.1767883522831671,6.827,semi_arid,1.0,0.0,33.5,11.0,27.1,55.5,65.3,35.0,44.5,78.8,21.2,8.7,2.4,3.9,1.3,7.7,6.0,6.6,1.0,0,5000,97.9,,0,,subcounty_exact,KE024132,Pokot South
WEST POKOT,west pokot,MNAGEI,14336.0,Chepkechir Dispensary,Level 2,Operational,1.3690917,35.12929,2,13500,0.83,0.1815939520462156,14.703,semi_arid,0.6093682652151844,0.3906317347848156,33.5,11.0,27.1,55.5,65.3,35.0,44.5,78.8,21.2,8.7,2.4,3.9,1.3,7.7,6.0,6.6,1.0,0,5000,97.9,,1,,county_mean,,
WAJIR,tarbaj,SARMAN,16292.0,Mansa Nomadic Clinic,Level 2,Operational,2.4952611,39.5678001,2,11400,0.88,0.18462230460976475,50.974,arid,1.0,0.0,12.4,22.8,16.2,53.6,56.6,44.9,46.4,43.6,56.4,7.6,5.0,3.4,10.0,7.5,4.8,8.4,1.0,1,5000,84.0,64.7,0,,subcounty_exact,KE008035,Tarbaj
NAROK,narok north,NAROK TOWN,15278.0,Nairasirasa Dispensary,Level 2,Operational,-1.6039992,35.6657745,2,21000,0.78,0.15117207386495118,61.914,semi_arid,1.0,0.0,21.5,2.1,10.7,64.2,70.1,55.3,35.8,76.0,24.0,3.5,2.7,4.3,2.5,9.3,6.0,6.2,1.0,0,5000,96.5,26.2,0,,subcounty_exact,KE033179,Narok North
WEST POKOT,pokot central,LOMUT,16323.0,Annet Dispensary,Level 2,Operational,1.2509717,35.051975,2,13500,0.83,0.1815939520462156,6.827,semi_arid,0.6093682652151844,0.3906317347848156,33.5,11.0,27.1,55.5,65.3,35.0,44.5,78.8,21.2,8.7,2.4,3.9,1.3,7.7,6.0,6.6,1.0,0,5000,97.9,,0,,county_mean,,
WEST POKOT,pokot south,CHEPARERIA,16704.0,Pserum Dispensary,Level 2,Operational,1.2509717,35.051975,2,18900,0.83,0.1767883522831671,6.827,semi_arid,1.0,0.0,33.5,11.0,27.1,55.5,65.3,35.0,44.5,78.8,21.2,8.7,2.4,3.9,1.3,7.7,6.0,6.6,1.0,0,5000,97.9,,0,,subcounty_exact,KE024132,Pokot South
TURKANA,turkana east,LOKORI/KOCHODIN,16700.0,Nakukulas Dispensary,Level 2,Operational,3.7743965,34.6261937,2,10500,0.89,0.1030812324929972,24.094,arid,0.0,1.0,23.0,22.6,31.7,43.2,52.6,57.7,56.8,49.4,50.6,8.6,9.9,6.1,8.8,5.9,3.5,8.8,1.0,1,5000,99.5,82.7,1,,subcounty_exact,KE023128,Turkana East
NAROK,transmara west,KILGORIS CENTRAL,15451.0,Osupuko Dispensary,Level 2,Operational,-1.6039992,35.6657745,2,22400,0.78,0.15674438967657692,61.914,semi_arid,0.7227641320945796,0.2772358679054203,21.5,2.1,10.7,64.2,70.1,55.3,35.8,76.0,24.0,3.5,2.7,4.3,2.5,9.3,6.0,6.2,1.0,0,5000,96.5,26.2,0,,county_mean,,
WEST POKOT,west pokot,RIWO,15467.0,Poole Dispensary,Level 2,Operational,1.2509717,35.051975,2,13500,0.83,0.1815939520462156,6.827,semi_arid,0.6093682652151844,0.3906317347848156,33.5,11.0,27.1,55.5,65.3,35.0,44.5,78.8,21.2,8.7,2.4,3.9,1.3,7.7,6.0,6.6,1.0,0,5000,97.9,,1,,county_mean,,
NAROK,narok east,MOSIRO,15293.0,Nalepo Medical Clinic,Level 2,Operational,-1.5413936,36.0141881,2,21000,0.78,0.1565382055076941,53.333,semi_arid,1.0,0.0,21.5,2.1,10.7,64.2,70.1,55.3,35.8,76.0,24.0,3.5,2.7,4.3,2.5,9.3,6.0,6.2,1.0,0,5000,96.5,26.2,0,,subcounty_exact,KE033180,Narok East
NAROK,narok north,OLPOSIMORU,15431.0,Olposimoru Dispensary,Level 2,Operational,-1.6039992,35.6657745,2,21000,0.78,0.15117207386495118,61.914,semi_arid,1.0,0.0,21.5,2.1,10.7,64.2,70.1,55.3,35.8,76.0,24.0,3.5,2.7,4.3,2.5,9.3,6.0,6.2,1.0,0,5000,96.5,26.2,1,,subcounty_exact,KE033179,Narok North
NAROK,transmara east,OLOlMASANI,16328.0,Olchobosei Clinic,Level 2,Operational,-1.5413936,36.0141881,2,21000,0.78,0.15674438967657692,53.333,semi_arid,0.7227641320945796,0.2772358679054203,21.5,2.1,10.7,64.2,70.1,55.3,35.8,76.0,24.0,3.5,2.7,4.3,2.5,9.3,6.0,6.2,1.0,0,5000,96.5,26.2,0,,county_mean,,
NAROK,transmara east,IIKERIN,16691.0,Savimbi Medical Clinic,Level 2,Operational,-1.5413936,36.0141881,2,21000,0.78,0.15674438967657692,53.333,semi_arid,0.7227641320945796,0.2772358679054203,21.5,2.1,10.7,64.2,70.1,55.3,35.8,76.0,24.0,3.5,2.7,4.3,2.5,9.3,6.0,6.2,1.0,0,5000,96.5,26.2,0,,county_mean,,
TURKANA,kibish,KIBISH,14975.0,Kokuro Health Centre,Level 3,Operational,3.735405,34.8397987,4,10500,0.89,0.13807030368070672,0.0,arid,0.178021640167913,0.821978359832087,23.0,22.6,31.7,43.2,52.6,57.7,56.8,49.4,50.6,8.6,9.9,6.1,8.8,5.9,3.5,8.8,1.0,1,5000,99.5,82.7,1,,county_mean,,
TURKANA,turkana south,KAPUTIR,15292.0,Nakwamoru Health Centre,Level 3,Operational,2.0557489,35.4313988,4,10500,0.89,0.1319170700709337,0.0,arid,0.0,1.0,23.0,22.6,31.7,43.2,52.6,57.7,56.8,49.4,50.6,8.6,9.9,6.1,8.8,5.9,3.5,8.8,1.0,1,5000,99.5,82.7,1,,subcounty_exact,KE023127,Turkana South
NAROK,narok west,NAIKARRA,15392.0,Olderkesi Dispensary,Level 2,Operational,-1.7108479,35.5632426,2,21000,0.78,0.16826634103750007,77.369,semi_arid,0.1186595635641209,0.8813404364358791,21.5,2.1,10.7,64.2,70.1,55.3,35.8,76.0,24.0,3.5,2.7,4.3,2.5,9.3,6.0,6.2,1.0,0,5000,96.5,26.2,1,,subcounty_exact,KE033182,Narok West
NAROK,transmara east,OLOlMASANI,15700.0,Takitech Dispensary,Level 2,Operational,-1.6039992,35.6657745,2,21000,0.78,0.15674438967657692,61.914,semi_arid,0.7227641320945796,0.2772358679054203,21.5,2.1,10.7,64.2,70.1,55.3,35.8,76.0,24.0,3.5,2.7,4.3,2.5,9.3,6.0,6.2,1.0,0,5000,96.5,26.2,0,,county_mean,,
TURKANA,loima,TURKWEL,15089.0,St Elizabeth Lorugum Health Centre,Level 3,Operational,2.8923531,35.2629953,4,10500,0.89,0.14487383922708938,0.0,arid,0.0621624881075214,0.9378375118924785,23.0,22.6,31.7,43.2,52.6,57.7,56.8,49.4,50.6,8.6,9.9,6.1,8.8,5.9,3.5,8.8,1.0,1,5000,99.5,82.7,1,,subcounty_exact,KE023126,Loima
NAROK,narok west,ILMOTIOOK,15348.0,Ngito Dispensary,Level 2,Operational,-1.6039992,35.6657745,2,21000,0.78,0.16826634103750007,61.914,semi_arid,0.1186595635641209,0.8813404364358791,21.5,2.1,10.7,64.2,70.1,55.3,35.8,76.0,24.0,3.5,2.7,4.3,2.5,9.3,6.0,6.2,1.0,0,5000,96.5,26.2,1,,subcounty_exact,KE033182,Narok West
TURKANA,loima,LOIMA,15299.0,Namoruputh (PAG) Health Centre,Level 3,Operational,3.735405,34.8397987,4,11200,0.89,0.14487383922708938,0.0,arid,0.0621624881075214,0.9378375118924785,23.0,22.6,31.7,43.2,52.6,57.7,56.8,49.4,50.6,8.6,9.9,6.1,8.8,5.9,3.5,8.8,1.0,1,5000,99.5,82.7,2,,subcounty_exact,KE023126,Loima
WEST POKOT,pokot south,CHEPARERIA,15786.0,Ywalateke Dispensary,Level 2,Operational,1.2509717,35.051975,2,18900,0.83,0.1767883522831671,6.827,semi_arid,1.0,0.0,33.5,11.0,27.1,55.5,65.3,35.0,44.5,78.8,21.2,8.7,2.4,3.9,1.3,7.7,6.0,6.6,1.0,0,5000,97.9,,1,,subcounty_exact,KE024132,Pokot South
NAROK,narok west,MARA,15128.0,Mararianta Dispensary,Level 2,Operational,-1.6039992,35.6657745,2,18200,0.78,0.16826634103750007,61.914,semi_arid,0.1186595635641209,0.8813404364358791,21.5,2.1,10.7,64.2,70.1,55.3,35.8,76.0,24.0,3.5,2.7,4.3,2.5,9.3,6.0,6.2,1.0,0,5000,96.5,26.2,0,,subcounty_exact,KE033182,Narok West
NAROK,narok north,MELILI,15397.0,Olendeem Dispensary,Level 2,Operational,-1.6039992,35.6657745,2,21000,0.78,0.15117207386495118,61.914,semi_arid,1.0,0.0,21.5,2.1,10.7,64.2,70.1,55.3,35.8,76.0,24.0,3.5,2.7,4.3,2.5,9.3,6.0,6.2,1.0,0,5000,96.5,26.2,0,,subcounty_exact,KE033179,Narok North
TURKANA,turkana south,LOKICHAR,15057.0,Lokichar (RCEA) Health Centre,Level 3,Operational,3.735405,34.8397987,4,8700,0.89,0.1319170700709337,0.0,arid,0.0,1.0,23.0,22.6,31.7,43.2,52.6,57.7,56.8,49.4,50.6,8.6,9.9,6.1,8.8,5.9,3.5,8.8,1.0,1,5000,99.5,82.7,3,,subcounty_exact,KE023127,Turkana South
WEST POKOT,pokot central,LOMUT,15073.0,Lomut Health Centre,Level 3,Operational,1.3319993,35.0000974,4,13500,0.83,0.1815939520462156,0.0,semi_arid,0.6093682652151844,0.3906317347848156,33.5,11.0,27.1,55.5,65.3,35.0,44.5,78.8,21.2,8.7,2.4,3.9,1.3,7.7,6.0,6.6,1.0,0,5000,97.9,,2,,county_mean,,
WAJIR,wajir east,TOWNSHIP,13364.0,Hodhan Dispensary,Level 2,Operational,1.8785676,40.6291198,2,45200,0.88,0.137552081876905,18.532,arid,1.0,0.0,12.4,22.8,16.2,53.6,56.6,44.9,46.4,43.6,56.4,7.6,5.0,3.4,10.0,7.5,4.8,8.4,1.0,1,5000,84.0,64.7,0,,subcounty_exact,KE008034,Wajir East
TURKANA,loima,KOTARUK/LOBEI,15754.0,Turkwel Health Centre (Loima),Level 3,Operational,3.735405,34.8397987,4,10500,0.89,0.14487383922708938,0.0,arid,0.0621624881075214,0.9378375118924785,23.0,22.6,31.7,43.2,52.6,57.7,56.8,49.4,50.6,8.6,9.9,6.1,8.8,5.9,3.5,8.8,1.0,1,5000,99.5,82.7,1,,subcounty_exact,KE023126,Loima
TURKANA,turkana south,LOBOKAT,14645.0,Kainuk Health Centre,Level 3,Operational,3.735405,34.8397987,4,10500,0.89,0.1319170700709337,0.0,arid,0.0,1.0,23.0,22.6,31.7,43.2,52.6,57.7,56.8,49.4,50.6,8.6,9.9,6.1,8.8,5.9,3.5,8.8,1.0,1,5000,99.5,82.7,1,,subcounty_exact,KE023127,Turkana South
WAJIR,wajir east,TOWNSHIP,13419.0,Plaza Nursing Home,Level 3,Operational,1.7499475,40.0591691,4,45200,0.88,0.137552081876905,0.0,arid,1.0,0.0,12.4,22.8,16.2,53.6,56.6,44.9,46.4,43.6,56.4,7.6,5.0,3.4,10.0,7.5,4.8,8.4,1.0,1,5000,84.0,64.7,0,,subcounty_exact,KE008034,Wajir East
WEST POKOT,west pokot,RIWO,14185.0,Adurkoit Dispensary,Level 2,Operational,1.2509717,35.051975,2,13500,0.83,0.1815939520462156,6.827,semi_arid,0.6093682652151844,0.3906317347848156,33.5,11.0,27.1,55.5,65.3,35.0,44.5,78.8,21.2,8.7,2.4,3.9,1.3,7.7,6.0,6.6,1.0,0,5000,97.9,,1,,county_mean,,
TURKANA,turkana west,LOKICHOGGIO,15059.0,Lokichogio (AIC) Health Centre,Level 3,Operational,3.735405,34.8397987,4,8920,0.89,0.1365070952706123,0.0,arid,1.0,0.0,23.0,22.6,31.7,43.2,52.6,57.7,56.8,49.4,50.6,8.6,9.9,6.1,8.8,5.9,3.5,8.8,1.0,1,5000,99.5,82.7,2,,subcounty_exact,KE023124,Turkana West
TURKANA,turkana west,KAKUMA,15117.0,Makutano Health Centre (Turkana West),Level 3,Operational,3.735405,34.8397987,4,18450,0.89,0.1365070952706123,0.0,arid,1.0,0.0,23.0,22.6,31.7,43.2,52.6,57.7,56.8,49.4,50.6,8.6,9.9,6.1,8.8,5.9,3.5,8.8,1.0,1,5000,99.5,82.7,2,,subcounty_exact,KE023124,Turkana West
WAJIR,wajir north,DANABA,13322.0,Danaba Health Centre,Level 3,Operational,3.3372977,39.7805417,4,11400,0.88,0.16962182979119392,0.0,arid,1.0,0.0,12.4,22.8,16.2,53.6,56.6,44.9,46.4,43.6,56.4,7.6,5.0,3.4,10.0,7.5,4.8,8.4,1.0,1,5000,84.0,64.7,2,,subcounty_exact,KE008033,Wajir North
WEST POKOT,pokot north,KIWAWA,16367.0,Alale Health Centre,Level 3,Operational,1.3319993,35.0000974,4,13500,0.83,0.1815939520462156,0.0,semi_arid,0.6093682652151844,0.3906317347848156,33.5,11.0,27.1,55.5,65.3,35.0,44.5,78.8,21.2,8.7,2.4,3.9,1.3,7.7,6.0,6.6,1.0,0,5000,97.9,,0,,county_mean,,
TURKANA,turkana central,KALOKOL,14663.0,Kalokol (AIC) Health Centre,Level 3,Operational,3.735405,34.8397987,4,10500,0.89,0.15780605951198964,0.0,arid,0.0,1.0,23.0,22.6,31.7,43.2,52.6,57.7,56.8,49.4,50.6,8.6,9.9,6.1,8.8,5.9,3.5,8.8,1.0,1,5000,99.5,82.7,1,,subcounty_exact,KE023125,Turkana Central
NAROK,transmara west,KILGORIS CENTRAL,15337.0,Nganayio Dispensary,Level 2,Operational,-1.6039992,35.6657745,2,22400,0.78,0.15674438967657692,61.914,semi_arid,0.7227641320945796,0.2772358679054203,21.5,2.1,10.7,64.2,70.1,55.3,35.8,76.0,24.0,3.5,2.7,4.3,2.5,9.3,6.0,6.2,1.0,0,5000,96.5,26.2,0,,county_mean,,
WAJIR,wajir west,GANYURE/WAGALLA,13449.0,Wagalla Health Centre,Level 3,Operational,1.783257,39.9429117,4,11400,0.88,0.1538258126664526,0.0,arid,1.0,0.0,12.4,22.8,16.2,53.6,56.6,44.9,46.4,43.6,56.4,7.6,5.0,3.4,10.0,7.5,4.8,8.4,1.0,1,5000,84.0,64.7,0,,subcounty_exact,KE008036,Wajir West
WAJIR,tarbaj,SARMAN,13321.0,Dambas Health Centre,Level 3,Operational,2.4027699,40.0171996,4,11400,0.88,0.18462230460976475,0.0,arid,1.0,0.0,12.4,22.8,16.2,53.6,56.6,44.9,46.4,43.6,56.4,7.6,5.0,3.4,10.0,7.5,4.8,8.4,1.0,1,5000,84.0,64.7,1,,subcounty_exact,KE008035,Tarbaj
WAJIR,tarbaj,TARBAJ,13446.0,Tarbaj Health Centre,Level 3,Operational,2.2083347,40.1167444,4,8100,0.88,0.18462230460976475,0.0,arid,1.0,0.0,12.4,22.8,16.2,53.6,56.6,44.9,46.4,43.6,56.4,7.6,5.0,3.4,10.0,7.5,4.8,8.4,1.0,1,5000,84.0,64.7,0,,subcounty_exact,KE008035,Tarbaj
TURKANA,turkana central,KERIO DELTA,14838.0,Kerio Health Centre,Level 3,Operational,3.735405,34.8397987,4,10500,0.89,0.15780605951198964,0.0,arid,0.0,1.0,23.0,22.6,31.7,43.2,52.6,57.7,56.8,49.4,50.6,8.6,9.9,6.1,8.8,5.9,3.5,8.8,1.0,1,5000,99.5,82.7,1,,subcounty_exact,KE023125,Turkana Central
WAJIR,wajir east,KHOROF/HARAR,13451.0,Wajir Bor Health Centre,Level 3,Operational,1.7426424,40.5326309,4,11400,0.88,0.137552081876905,0.0,arid,1.0,0.0,12.4,22.8,16.2,53.6,56.6,44.9,46.4,43.6,56.4,7.6,5.0,3.4,10.0,7.5,4.8,8.4,1.0,1,5000,84.0,64.7,1,,subcounty_exact,KE008034,Wajir East
WEST POKOT,west pokot,SOOK,15705.0,Tamough Health Centre,Level 3,Operational,1.3319993,35.0000974,4,11200,0.83,0.1815939520462156,0.0,semi_arid,0.6093682652151844,0.3906317347848156,33.5,11.0,27.1,55.5,65.3,35.0,44.5,78.8,21.2,8.7,2.4,3.9,1.3,7.7,6.0,6.6,1.0,0,5000,97.9,,1,,county_mean,,
WEST POKOT,pokot north,ALALE,14196.0,Alale (AIC) Health Centre,Level 3,Operational,1.3319993,35.0000974,4,9800,0.83,0.1815939520462156,0.0,semi_arid,0.6093682652151844,0.3906317347848156,33.5,11.0,27.1,55.5,65.3,35.0,44.5,78.8,21.2,8.7,2.4,3.9,1.3,7.7,6.0,6.6,1.0,0,5000,97.9,,0,,county_mean,,
NAROK,transmara west,SHANKOE,15558.0,Shankoe Dispensary,Level 2,Operational,-1.6039992,35.6657745,2,21000,0.78,0.15674438967657692,61.914,semi_arid,0.7227641320945796,0.2772358679054203,21.5,2.1,10.7,64.2,70.1,55.3,35.8,76.0,24.0,3.5,2.7,4.3,2.5,9.3,6.0,6.2,1.0,0,5000,96.5,26.2,1,,county_mean,,
WAJIR,wajir east,KHOROF/HARAR,13292.0,Arbaqueranso Dispensary,Level 2,Operational,1.8785676,40.6291198,2,11400,0.88,0.137552081876905,18.532,arid,1.0,0.0,12.4,22.8,16.2,53.6,56.6,44.9,46.4,43.6,56.4,7.6,5.0,3.4,10.0,7.5,4.8,8.4,1.0,1,5000,84.0,64.7,1,,subcounty_exact,KE008034,Wajir East
NAROK,narok north,MELILI,16330.0,Olenkasurai Dispensary,Level 2,Operational,-1.6039992,35.6657745,2,21000,0.78,0.15117207386495118,61.914,semi_arid,1.0,0.0,21.5,2.1,10.7,64.2,70.1,55.3,35.8,76.0,24.0,3.5,2.7,4.3,2.5,9.3,6.0,6.2,1.0,0,5000,96.5,26.2,0,,subcounty_exact,KE033179,Narok North
TURKANA,turkana south,LOKICHAR,15043.0,Locheremoit Dispensary,Level 2,Operational,3.7743965,34.6261937,2,8700,0.89,0.1319170700709337,24.094,arid,0.0,1.0,23.0,22.6,31.7,43.2,52.6,57.7,56.8,49.4,50.6,8.6,9.9,6.1,8.8,5.9,3.5,8.8,1.0,1,5000,99.5,82.7,1,,subcounty_exact,KE023127,Turkana South
NAROK,narok north,NKARETA,15363.0,Nkareta Dispensary,Level 2,Operational,-1.6039992,35.6657745,2,21000,0.78,0.15117207386495118,61.914,semi_arid,1.0,0.0,21.5,2.1,10.7,64.2,70.1,55.3,35.8,76.0,24.0,3.5,2.7,4.3,2.5,9.3,6.0,6.2,1.0,0,5000,96.5,26.2,1,,subcounty_exact,KE033179,Narok North
WAJIR,wajir east,TOWNSHIP,13302.0,Barwaqo Dispensary,Level 2,Operational,1.7415482,40.0360241,2,45200,0.88,0.137552081876905,1.503,arid,1.0,0.0,12.4,22.8,16.2,53.6,56.6,44.9,46.4,43.6,56.4,7.6,5.0,3.4,10.0,7.5,4.8,8.4,1.0,1,5000,84.0,64.7,1,,subcounty_exact,KE008034,Wajir East
WAJIR,wajir south,BENANE,13429.0,Sabuli Nomadic Dispensary,Level 2,Operational,1.8785676,40.6291198,2,11400,0.88,0.15192846408331026,18.532,arid,0.35907377852732647,0.6409262214726735,12.4,22.8,16.2,53.6,56.6,44.9,46.4,43.6,56.4,7.6,5.0,3.4,10.0,7.5,4.8,8.4,1.0,1,5000,84.0,64.7,0,,subcounty_exact,KE008038,Wajir South
WEST POKOT,west pokot,SOOK,14356.0,Chepnyal Dispensary,Level 2,Operational,1.2509717,35.051975,2,11200,0.83,0.1815939520462156,6.827,semi_arid,0.6093682652151844,0.3906317347848156,33.5,11.0,27.1,55.5,65.3,35.0,44.5,78.8,21.2,8.7,2.4,3.9,1.3,7.7,6.0,6.6,1.0,0,5000,97.9,,1,,county_mean,,
TURKANA,kibish,KIBISH,14540.0,Gsu Dispensary (Kibish),Level 2,Operational,3.7743965,34.6261937,2,10500,0.89,0.13807030368070672,24.094,arid,0.178021640167913,0.821978359832087,23.0,22.6,31.7,43.2,52.6,57.7,56.8,49.4,50.6,8.6,9.9,6.1,8.8,5.9,3.5,8.8,1.0,1,5000,99.5,82.7,0,,county_mean,,
TURKANA,turkana south,LOKICHAR,15045.0,Lochwaangikamatak Dispensary,Level 2,Operational,3.7743965,34.6261937,2,8700,0.89,0.1319170700709337,24.094,arid,0.0,1.0,23.0,22.6,31.7,43.2,52.6,57.7,56.8,49.4,50.6,8.6,9.9,6.1,8.8,5.9,3.5,8.8,1.0,1,5000,99.5,82.7,1,,subcounty_exact,KE023127,Turkana South
WAJIR,wajir east,KHOROF/HARAR,13425.0,Riba Dispensary,Level 2,Operational,1.8785676,40.6291198,2,11400,0.88,0.137552081876905,18.532,arid,1.0,0.0,12.4,22.8,16.2,53.6,56.6,44.9,46.4,43.6,56.4,7.6,5.0,3.4,10.0,7.5,4.8,8.4,1.0,1,5000,84.0,64.7,0,,subcounty_exact,KE008034,Wajir East
WAJIR,wajir south,IBRAHIM URE,13293.0,Argane Dispensary,Level 2,Operational,1.6694266,40.3603168,2,11400,0.88,0.15192846408331026,20.811,arid,0.35907377852732647,0.6409262214726735,12.4,22.8,16.2,53.6,56.6,44.9,46.4,43.6,56.4,7.6,5.0,3.4,10.0,7.5,4.8,8.4,1.0,1,5000,84.0,64.7,1,,subcounty_exact,KE008038,Wajir South
WAJIR,wajir west,ARBAJAHAN,13352.0,Griftu District Hospital,Level 4,Operational,1.6276279,40.0073865,6,11400,0.88,0.1538258126664526,0.0,arid,1.0,0.0,12.4,22.8,16.2,53.6,56.6,44.9,46.4,43.6,56.4,7.6,5.0,3.4,10.0,7.5,4.8,8.4,1.0,1,5000,84.0,64.7,0,,subcounty_exact,KE008036,Wajir West
WAJIR,wajir north,GURAR,13355.0,Gurar Health Centre,Level 3,Operational,3.3663252,39.5692287,4,11400,0.88,0.16962182979119392,0.0,arid,1.0,0.0,12.4,22.8,16.2,53.6,56.6,44.9,46.4,43.6,56.4,7.6,5.0,3.4,10.0,7.5,4.8,8.4,1.0,1,5000,84.0,64.7,1,,subcounty_exact,KE008033,Wajir North
WAJIR,tarbaj,ELBEN,13404.0,Mansa Health Centre,Level 3,Operational,2.5291197,40.2214226,4,11400,0.88,0.18462230460976475,0.0,arid,1.0,0.0,12.4,22.8,16.2,53.6,56.6,44.9,46.4,43.6,56.4,7.6,5.0,3.4,10.0,7.5,4.8,8.4,1.0,1,5000,84.0,64.7,1,,subcounty_exact,KE008035,Tarbaj
WAJIR,tarbaj,ELBEN,13332.0,Elben Dispensary,Level 2,Operational,2.3020343,40.1823437,2,11400,0.88,0.18462230460976475,12.715,arid,1.0,0.0,12.4,22.8,16.2,53.6,56.6,44.9,46.4,43.6,56.4,7.6,5.0,3.4,10.0,7.5,4.8,8.4,1.0,1,5000,84.0,64.7,1,,subcounty_exact,KE008035,Tarbaj
TURKANA,turkana central,KANAMKEMER,15050.0,Loima Medical Clinic,Level 2,Operational,3.7080543,34.8636959,2,10500,0.89,0.15780605951198964,0.943,arid,0.0,1.0,23.0,22.6,31.7,43.2,52.6,57.7,56.8,49.4,50.6,8.6,9.9,6.1,8.8,5.9,3.5,8.8,1.0,1,5000,99.5,82.7,0,,subcounty_exact,KE023125,Turkana Central
TURKANA,turkana south,KATILU,15056.0,Lokapel Dispensary,Level 2,Operational,3.7743965,34.6261937,2,10500,0.89,0.1319170700709337,24.094,arid,0.0,1.0,23.0,22.6,31.7,43.2,52.6,57.7,56.8,49.4,50.6,8.6,9.9,6.1,8.8,5.9,3.5,8.8,1.0,1,5000,99.5,82.7,1,,subcounty_exact,KE023127,Turkana South
WAJIR,wajir south,HABASSWEIN,13357.0,Habaswein District Hospital,Level 4,Operational,1.6276279,40.0073865,6,11400,0.88,0.15192846408331026,0.0,arid,0.35907377852732647,0.6409262214726735,12.4,22.8,16.2,53.6,56.6,44.9,46.4,43.6,56.4,7.6,5.0,3.4,10.0,7.5,4.8,8.4,1.0,1,5000,84.0,64.7,0,,subcounty_exact,KE008038,Wajir South
TURKANA,turkana central,KANG'ATOTHA,15301.0,Namukuse Dispensary,Level 2,Operational,3.7743965,34.6261937,2,10500,0.89,0.15780605951198964,24.094,arid,0.0,1.0,23.0,22.6,31.7,43.2,52.6,57.7,56.8,49.4,50.6,8.6,9.9,6.1,8.8,5.9,3.5,8.8,1.0,1,5000,99.5,82.7,1,,subcounty_exact,KE023125,Turkana Central
TURKANA,turkana east,LOKORI/KOCHODIN,15064.0,Lokori (AIC) Health Centre,Level 3,Operational,3.735405,34.8397987,4,10500,0.89,0.1030812324929972,0.0,arid,0.0,1.0,23.0,22.6,31.7,43.2,52.6,57.7,56.8,49.4,50.6,8.6,9.9,6.1,8.8,5.9,3.5,8.8,1.0,1,5000,99.5,82.7,1,,subcounty_exact,KE023128,Turkana East
TURKANA,turkana east,LOKORI/KOCHODIN,15066.0,Lokwamosing Dispensary,Level 2,Operational,3.7743965,34.6261937,2,10500,0.89,0.1030812324929972,24.094,arid,0.0,1.0,23.0,22.6,31.7,43.2,52.6,57.7,56.8,49.4,50.6,8.6,9.9,6.1,8.8,5.9,3.5,8.8,1.0,1,5000,99.5,82.7,2,,subcounty_exact,KE023128,Turkana East
WEST POKOT,west pokot,ENDUGH,15755.0,Turkwel Health Centre,Level 3,Operational,1.3319993,35.0000974,4,13500,0.83,0.1815939520462156,0.0,semi_arid,0.6093682652151844,0.3906317347848156,33.5,11.0,27.1,55.5,65.3,35.0,44.5,78.8,21.2,8.7,2.4,3.9,1.3,7.7,6.0,6.6,1.0,0,5000,97.9,,1,,county_mean,,
WEST POKOT,pokot south,LELAN,14615.0,Kabichbich Health Centre,Level 3,Operational,1.3319993,35.0000974,4,13500,0.83,0.1767883522831671,0.0,semi_arid,1.0,0.0,33.5,11.0,27.1,55.5,65.3,35.0,44.5,78.8,21.2,8.7,2.4,3.9,1.3,7.7,6.0,6.6,1.0,0,5000,97.9,,2,,subcounty_exact,KE024132,Pokot South
WAJIR,tarbaj,TARBAJ,13325.0,Dasheq Dispensary,Level 2,Operational,1.8781353,40.2554339,2,8100,0.88,0.18462230460976475,25.99,arid,1.0,0.0,12.4,22.8,16.2,53.6,56.6,44.9,46.4,43.6,56.4,7.6,5.0,3.4,10.0,7.5,4.8,8.4,1.0,1,5000,84.0,64.7,0,,subcounty_exact,KE008035,Tarbaj
TURKANA,loima,TURKWEL,15072.0,Lomil Dispensary,Level 2,Operational,3.7743965,34.6261937,2,10500,0.89,0.14487383922708938,24.094,arid,0.0621624881075214,0.9378375118924785,23.0,22.6,31.7,43.2,52.6,57.7,56.8,49.4,50.6,8.6,9.9,6.1,8.8,5.9,3.5,8.8,1.0,1,5000,99.5,82.7,2,,subcounty_exact,KE023126,Loima
WAJIR,wajir east,TOWNSHIP,13280.0,Najah Medical Clinic,Level 2,Operational,1.7371504,40.0627419,2,45200,0.88,0.137552081876905,0.0,arid,1.0,0.0,12.4,22.8,16.2,53.6,56.6,44.9,46.4,43.6,56.4,7.6,5.0,3.4,10.0,7.5,4.8,8.4,1.0,1,5000,84.0,64.7,0,,subcounty_exact,KE008034,Wajir East
NAROK,transmara west,SHANKOE,15448.0,Osinoni Dispensary,Level 2,Operational,-1.6039992,35.6657745,2,21000,0.78,0.15674438967657692,61.914,semi_arid,0.7227641320945796,0.2772358679054203,21.5,2.1,10.7,64.2,70.1,55.3,35.8,76.0,24.0,3.5,2.7,4.3,2.5,9.3,6.0,6.2,1.0,0,5000,96.5,26.2,0,,county_mean,,
TURKANA,turkana central,KERIO DELTA,15275.0,Nadoto Dispensary,Level 2,Operational,3.7743965,34.6261937,2,10500,0.89,0.15780605951198964,24.094,arid,0.0,1.0,23.0,22.6,31.7,43.2,52.6,57.7,56.8,49.4,50.6,8.6,9.9,6.1,8.8,5.9,3.5,8.8,1.0,1,5000,99.5,82.7,1,,subcounty_exact,KE023125,Turkana Central
WEST POKOT,pokot north,KASEI,16375.0,Kamketo Dispensary,Level 2,Operational,1.2509717,35.051975,2,13500,0.83,0.1815939520462156,6.827,semi_arid,0.6093682652151844,0.3906317347848156,33.5,11.0,27.1,55.5,65.3,35.0,44.5,78.8,21.2,8.7,2.4,3.9,1.3,7.7,6.0,6.6,1.0,0,5000,97.9,,0,,county_mean,,
WEST POKOT,pokot north,KIWAWA,14820.0,Kauriong Dispensary,Level 2,Operational,1.2509717,35.051975,2,13500,0.83,0.1815939520462156,6.827,semi_arid,0.6093682652151844,0.3906317347848156,33.5,11.0,27.1,55.5,65.3,35.0,44.5,78.8,21.2,8.7,2.4,3.9,1.3,7.7,6.0,6.6,1.0,0,5000,97.9,,0,,county_mean,,
WEST POKOT,pokot north,KODICH,14962.0,Kodich Dispensary,Level 2,Operational,1.2509717,35.051975,2,13500,0.83,0.1815939520462156,6.827,semi_arid,0.6093682652151844,0.3906317347848156,33.5,11.0,27.1,55.5,65.3,35.0,44.5,78.8,21.2,8.7,2.4,3.9,1.3,7.7,6.0,6.6,1.0,0,5000,97.9,,0,,county_mean,,
TURKANA,loima,TURKWEL,15298.0,Nameyana Dispensary,Level 2,Operational,3.7743965,34.6261937,2,10500,0.89,0.14487383922708938,24.094,arid,0.0621624881075214,0.9378375118924785,23.0,22.6,31.7,43.2,52.6,57.7,56.8,49.4,50.6,8.6,9.9,6.1,8.8,5.9,3.5,8.8,1.0,1,5000,99.5,82.7,1,,subcounty_exact,KE023126,Loima
NAROK,transmara east,OLOlMASANI,16326.0,Kuresiet Dispensary,Level 2,Operational,-1.6039992,35.6657745,2,21000,0.78,0.15674438967657692,61.914,semi_arid,0.7227641320945796,0.2772358679054203,21.5,2.1,10.7,64.2,70.1,55.3,35.8,76.0,24.0,3.5,2.7,4.3,2.5,9.3,6.0,6.2,1.0,0,5000,96.5,26.2,0,,county_mean,,
NAROK,transmara west,KIMINTET,15237.0,Mpata Club Dispensary,Level 2,Operational,-1.6039992,35.6657745,2,21000,0.78,0.15674438967657692,61.914,semi_arid,0.7227641320945796,0.2772358679054203,21.5,2.1,10.7,64.2,70.1,55.3,35.8,76.0,24.0,3.5,2.7,4.3,2.5,9.3,6.0,6.2,1.0,0,5000,96.5,26.2,0,,county_mean,,
NAROK,transmara west,ANGATA BARIKOI,16325.0,Mashangwa Dispensary,Level 2,Operational,-1.6039992,35.6657745,2,21000,0.78,0.15674438967657692,61.914,semi_arid,0.7227641320945796,0.2772358679054203,21.5,2.1,10.7,64.2,70.1,55.3,35.8,76.0,24.0,3.5,2.7,4.3,2.5,9.3,6.0,6.2,1.0,0,5000,96.5,26.2,0,,county_mean,,
NAROK,transmara west,ANGATA BARIKOI,14985.0,Kondamet Dispensary,Level 2,Operational,-1.6039992,35.6657745,2,21000,0.78,0.15674438967657692,61.914,semi_arid,0.7227641320945796,0.2772358679054203,21.5,2.1,10.7,64.2,70.1,55.3,35.8,76.0,24.0,3.5,2.7,4.3,2.5,9.3,6.0,6.2,1.0,0,5000,96.5,26.2,0,,county_mean,,
TURKANA,turkana central,KERIO DELTA,14994.0,Kosikiria Dispensary,Level 2,Operational,3.7743965,34.6261937,2,10500,0.89,0.15780605951198964,24.094,arid,0.0,1.0,23.0,22.6,31.7,43.2,52.6,57.7,56.8,49.4,50.6,8.6,9.9,6.1,8.8,5.9,3.5,8.8,1.0,1,5000,99.5,82.7,2,,subcounty_exact,KE023125,Turkana Central
NAROK,transmara west,SHANKOE,16690.0,Ololchani Dispensary,Level 2,Operational,-1.6039992,35.6657745,2,21000,0.78,0.15674438967657692,61.914,semi_arid,0.7227641320945796,0.2772358679054203,21.5,2.1,10.7,64.2,70.1,55.3,35.8,76.0,24.0,3.5,2.7,4.3,2.5,9.3,6.0,6.2,1.0,0,5000,96.5,26.2,0,,county_mean,,
WEST POKOT,west pokot,MNAGEI,14837.0,Keringet Health Centre,Level 3,Operational,1.3319993,35.0000974,4,13500,0.83,0.1815939520462156,0.0,semi_arid,0.6093682652151844,0.3906317347848156,33.5,11.0,27.1,55.5,65.3,35.0,44.5,78.8,21.2,8.7,2.4,3.9,1.3,7.7,6.0,6.6,1.0,0,5000,97.9,,1,,county_mean,,
TURKANA,turkana west,SONGOT,15303.0,Nanam Dispensary,Level 2,Operational,3.7743965,34.6261937,2,10500,0.89,0.1365070952706123,24.094,arid,1.0,0.0,23.0,22.6,31.7,43.2,52.6,57.7,56.8,49.4,50.6,8.6,9.9,6.1,8.8,5.9,3.5,8.8,1.0,1,5000,99.5,82.7,2,,subcounty_exact,KE023124,Turkana West
NAROK,transmara east,OLOlMASANI,15356.0,Njipiship Dispensary,Level 2,Operational,-1.6039992,35.6657745,2,21000,0.78,0.15674438967657692,61.914,semi_arid,0.7227641320945796,0.2772358679054203,21.5,2.1,10.7,64.2,70.1,55.3,35.8,76.0,24.0,3.5,2.7,4.3,2.5,9.3,6.0,6.2,1.0,0,5000,96.5,26.2,1,,county_mean,,
NAROK,narok south,OLOLULUNG'A,15423.0,Ololulunga District Hospital,Level 4,Operational,-1.0847471,35.8668576,6,21000,0.78,0.1690642707642044,0.0,semi_arid,0.5167525992478772,0.4832474007521228,21.5,2.1,10.7,64.2,70.1,55.3,35.8,76.0,24.0,3.5,2.7,4.3,2.5,9.3,6.0,6.2,1.0,0,5000,96.5,26.2,1,,subcounty_exact,KE033181,Narok South
NAROK,transmara west,SHANKOE,15739.0,Transmara District Hospital,Level 4,Operational,-1.0847471,35.8668576,6,21000,0.78,0.15674438967657692,0.0,semi_arid,0.7227641320945796,0.2772358679054203,21.5,2.1,10.7,64.2,70.1,55.3,35.8,76.0,24.0,3.5,2.7,4.3,2.5,9.3,6.0,6.2,1.0,0,5000,96.5,26.2,0,,county_mean,,
TURKANA,turkana central,KANAMKEMER,15094.0,Loturerei Dispensary,Level 2,Operational,3.7743965,34.6261937,2,10500,0.89,0.15780605951198964,24.094,arid,0.0,1.0,23.0,22.6,31.7,43.2,52.6,57.7,56.8,49.4,50.6,8.6,9.9,6.1,8.8,5.9,3.5,8.8,1.0,1,5000,99.5,82.7,1,,subcounty_exact,KE023125,Turkana Central
WAJIR,tarbaj,WARGADUD,13389.0,Kutulo Health Centre (Wajir East),Level 3,Operational,2.4089957,40.5978108,4,11400,0.88,0.18462230460976475,0.0,arid,1.0,0.0,12.4,22.8,16.2,53.6,56.6,44.9,46.4,43.6,56.4,7.6,5.0,3.4,10.0,7.5,4.8,8.4,1.0,1,5000,84.0,64.7,1,,subcounty_exact,KE008035,Tarbaj
WAJIR,wajir east,TOWNSHIP,13270.0,Afya Medical Clinic and Nursing Home (Wajir East),Level 2,Operational,1.7445661,40.0570068,2,45200,0.88,0.137552081876905,0.284,arid,1.0,0.0,12.4,22.8,16.2,53.6,56.6,44.9,46.4,43.6,56.4,7.6,5.0,3.4,10.0,7.5,4.8,8.4,1.0,1,5000,84.0,64.7,0,,subcounty_exact,KE008034,Wajir East
TURKANA,turkana central,KALOKOL,14795.0,Kapua Dispensary,Level 2,Operational,3.7743965,34.6261937,2,10500,0.89,0.15780605951198964,24.094,arid,0.0,1.0,23.0,22.6,31.7,43.2,52.6,57.7,56.8,49.4,50.6,8.6,9.9,6.1,8.8,5.9,3.5,8.8,1.0,1,5000,99.5,82.7,1,,subcounty_exact,KE023125,Turkana Central
TURKANA,loima,LOKIRIAMA/LORENGIPPI,15085.0,Lorengippi Dispensary,Level 2,Operational,3.7743965,34.6261937,2,10500,0.89,0.14487383922708938,24.094,arid,0.0621624881075214,0.9378375118924785,23.0,22.6,31.7,43.2,52.6,57.7,56.8,49.4,50.6,8.6,9.9,6.1,8.8,5.9,3.5,8.8,1.0,1,5000,99.5,82.7,1,,subcounty_exact,KE023126,Loima
TURKANA,turkana south,KATILU,14682.0,Kanaodon Dispensary,Level 2,Operational,3.7743965,34.6261937,2,10500,0.89,0.1319170700709337,24.094,arid,0.0,1.0,23.0,22.6,31.7,43.2,52.6,57.7,56.8,49.4,50.6,8.6,9.9,6.1,8.8,5.9,3.5,8.8,1.0,1,5000,99.5,82.7,1,,subcounty_exact,KE023127,Turkana South
TURKANA,turkana central,KANG'ATOTHA,15307.0,Naoros Dispensary,Level 2,Operational,3.7743965,34.6261937,2,10500,0.89,0.15780605951198964,24.094,arid,0.0,1.0,23.0,22.6,31.7,43.2,52.6,57.7,56.8,49.4,50.6,8.6,9.9,6.1,8.8,5.9,3.5,8.8,1.0,1,5000,99.5,82.7,1,,subcounty_exact,KE023125,Turkana Central
TURKANA,turkana central,KANAMKEMER,14683.0,Kanawoi Dispensary,Level 2,Operational,3.7743965,34.6261937,2,10500,0.89,0.15780605951198964,24.094,arid,0.0,1.0,23.0,22.6,31.7,43.2,52.6,57.7,56.8,49.4,50.6,8.6,9.9,6.1,8.8,5.9,3.5,8.8,1.0,1,5000,99.5,82.7,1,,subcounty_exact,KE023125,Turkana Central
NAROK,transmara west,KILGORIS CENTRAL,16688.0,Meguara Dispensary,Level 2,Operational,-1.6039992,35.6657745,2,22400,0.78,0.15674438967657692,61.914,semi_arid,0.7227641320945796,0.2772358679054203,21.5,2.1,10.7,64.2,70.1,55.3,35.8,76.0,24.0,3.5,2.7,4.3,2.5,9.3,6.0,6.2,1.0,0,5000,96.5,26.2,0,,county_mean,,
TURKANA,turkana central,LODWAR TOWNSHIP,14656.0,Kakwanyang Dispensary,Level 2,Operational,3.7743965,34.6261937,2,10500,0.89,0.15780605951198964,24.094,arid,0.0,1.0,23.0,22.6,31.7,43.2,52.6,57.7,56.8,49.4,50.6,8.6,9.9,6.1,8.8,5.9,3.5,8.8,1.0,1,5000,99.5,82.7,1,,subcounty_exact,KE023125,Turkana Central
TURKANA,turkana east,LOKORI/KOCHODIN,15067.0,Lokwii Health Center,Level 3,Operational,3.7204859,34.851527,4,10500,0.89,0.1030812324929972,0.0,arid,0.0,1.0,23.0,22.6,31.7,43.2,52.6,57.7,56.8,49.4,50.6,8.6,9.9,6.1,8.8,5.9,3.5,8.8,1.0,1,5000,99.5,82.7,1,,subcounty_exact,KE023128,Turkana East
TURKANA,kibish,KIBISH,14643.0,Kaikor Health Centre,Level 3,Operational,3.735405,34.8397987,4,10500,0.89,0.13807030368070672,0.0,arid,0.178021640167913,0.821978359832087,23.0,22.6,31.7,43.2,52.6,57.7,56.8,49.4,50.6,8.6,9.9,6.1,8.8,5.9,3.5,8.8,1.0,1,5000,99.5,82.7,2,,county_mean,,
WEST POKOT,pokot north,KODICH,14378.0,Cherangan Dispensary,Level 2,Operational,1.2509717,35.051975,2,13500,0.83,0.1815939520462156,6.827,semi_arid,0.6093682652151844,0.3906317347848156,33.5,11.0,27.1,55.5,65.3,35.0,44.5,78.8,21.2,8.7,2.4,3.9,1.3,7.7,6.0,6.6,1.0,0,5000,97.9,,0,,county_mean,,
WEST POKOT,west pokot,RIWO,15551.0,Serewo Health Centre,Level 3,Operational,1.3319993,35.0000974,4,13500,0.83,0.1815939520462156,0.0,semi_arid,0.6093682652151844,0.3906317347848156,33.5,11.0,27.1,55.5,65.3,35.0,44.5,78.8,21.2,8.7,2.4,3.9,1.3,7.7,6.0,6.6,1.0,0,5000,97.9,,1,,county_mean,,
WEST POKOT,pokot south,CHEPARERIA,14444.0,Empough Dispensary,Level 2,Operational,1.2509717,35.051975,2,18900,0.83,0.1767883522831671,6.827,semi_arid,1.0,0.0,33.5,11.0,27.1,55.5,65.3,35.0,44.5,78.8,21.2,8.7,2.4,3.9,1.3,7.7,6.0,6.6,1.0,0,5000,97.9,,0,,subcounty_exact,KE024132,Pokot South
TURKANA,turkana west,LOKICHOGGIO,14654.0,Kakuma Medical Clinic,Level 2,Operational,3.7094538,34.8622285,2,8920,0.89,0.1365070952706123,0.748,arid,1.0,0.0,23.0,22.6,31.7,43.2,52.6,57.7,56.8,49.4,50.6,8.6,9.9,6.1,8.8,5.9,3.5,8.8,1.0,1,5000,99.5,82.7,3,,subcounty_exact,KE023124,Turkana West
NAROK,transmara east,MOGONDO,15615.0,Sosiana Dispensary,Level 2,Operational,-1.6039992,35.6657745,2,21000,0.78,0.15674438967657692,61.914,semi_arid,0.7227641320945796,0.2772358679054203,21.5,2.1,10.7,64.2,70.1,55.3,35.8,76.0,24.0,3.5,2.7,4.3,2.5,9.3,6.0,6.2,1.0,0,5000,96.5,26.2,0,,county_mean,,
TURKANA,kibish,KIBISH,14996.0,Koyasa Dispensary,Level 2,Operational,3.7743965,34.6261937,2,10500,0.89,0.13807030368070672,24.094,arid,0.178021640167913,0.821978359832087,23.0,22.6,31.7,43.2,52.6,57.7,56.8,49.4,50.6,8.6,9.9,6.1,8.8,5.9,3.5,8.8,1.0,1,5000,99.5,82.7,2,,county_mean,,
TURKANA,turkana west,SONGOT,15291.0,Nakururum Dispensary,Level 2,Operational,3.7743965,34.6261937,2,10500,0.89,0.1365070952706123,24.094,arid,1.0,0.0,23.0,22.6,31.7,43.2,52.6,57.7,56.8,49.4,50.6,8.6,9.9,6.1,8.8,5.9,3.5,8.8,1.0,1,5000,99.5,82.7,3,,subcounty_exact,KE023124,Turkana West
NAROK,narok west,MARA,14457.0,Endoinyo Erinka Dispensary,Level 2,Operational,-1.6039992,35.6657745,2,18200,0.78,0.16826634103750007,61.914,semi_arid,0.1186595635641209,0.8813404364358791,21.5,2.1,10.7,64.2,70.1,55.3,35.8,76.0,24.0,3.5,2.7,4.3,2.5,9.3,6.0,6.2,1.0,0,5000,96.5,26.2,0,,subcounty_exact,KE033182,Narok West
TURKANA,turkana east,KATILIA,16699.0,Lopedur Dispensary,Level 2,Operational,3.7743965,34.6261937,2,10500,0.89,0.1030812324929972,24.094,arid,0.0,1.0,23.0,22.6,31.7,43.2,52.6,57.7,56.8,49.4,50.6,8.6,9.9,6.1,8.8,5.9,3.5,8.8,1.0,1,5000,99.5,82.7,1,,subcounty_exact,KE023128,Turkana East
TURKANA,loima,LOIMA,16697.0,Lokwatubwa (PAG) Dispensary,Level 2,Operational,3.7743965,34.6261937,2,11200,0.89,0.14487383922708938,24.094,arid,0.0621624881075214,0.9378375118924785,23.0,22.6,31.7,43.2,52.6,57.7,56.8,49.4,50.6,8.6,9.9,6.1,8.8,5.9,3.5,8.8,1.0,1,5000,99.5,82.7,1,,subcounty_exact,KE023126,Loima
TURKANA,kibish,KIBISH,15092.0,Loruth Dispensary,Level 2,Operational,3.7743965,34.6261937,2,10500,0.89,0.13807030368070672,24.094,arid,0.178021640167913,0.821978359832087,23.0,22.6,31.7,43.2,52.6,57.7,56.8,49.4,50.6,8.6,9.9,6.1,8.8,5.9,3.5,8.8,1.0,1,5000,99.5,82.7,3,,county_mean,,
NAROK,narok west,ILMOTIOOK,15364.0,Nkorinkori Dispensary,Level 2,Operational,-1.6039992,35.6657745,2,21000,0.78,0.16826634103750007,61.914,semi_arid,0.1186595635641209,0.8813404364358791,21.5,2.1,10.7,64.2,70.1,55.3,35.8,76.0,24.0,3.5,2.7,4.3,2.5,9.3,6.0,6.2,1.0,0,5000,96.5,26.2,1,,subcounty_exact,KE033182,Narok West
TURKANA,turkana north,LAKEZONE,15096.0,Lowarengak Health Center,Level 3,Operational,3.7204859,34.851527,4,10500,0.89,0.15423652551061806,0.0,arid,0.00596735289995648,0.9940326471000435,23.0,22.6,31.7,43.2,52.6,57.7,56.8,49.4,50.6,8.6,9.9,6.1,8.8,5.9,3.5,8.8,1.0,1,5000,99.5,82.7,1,,subcounty_exact,KE023123,Turkana North
TURKANA,turkana north,LAKEZONE,15271.0,Nachukui Dispensary,Level 2,Operational,3.7743965,34.6261937,2,10500,0.89,0.15423652551061806,24.094,arid,0.00596735289995648,0.9940326471000435,23.0,22.6,31.7,43.2,52.6,57.7,56.8,49.4,50.6,8.6,9.9,6.1,8.8,5.9,3.5,8.8,1.0,1,5000,99.5,82.7,1,,subcounty_exact,KE023123,Turkana North
TURKANA,turkana west,LETEA,15031.0,Letea Dispensary,Level 2,Operational,3.7743965,34.6261937,2,10500,0.89,0.1365070952706123,24.094,arid,1.0,0.0,23.0,22.6,31.7,43.2,52.6,57.7,56.8,49.4,50.6,8.6,9.9,6.1,8.8,5.9,3.5,8.8,1.0,1,5000,99.5,82.7,2,,subcounty_exact,KE023124,Turkana West
TURKANA,turkana south,LOKICHAR,15309.0,Napusimoru Dispensary,Level 2,Operational,3.7743965,34.6261937,2,8700,0.89,0.1319170700709337,24.094,arid,0.0,1.0,23.0,22.6,31.7,43.2,52.6,57.7,56.8,49.4,50.6,8.6,9.9,6.1,8.8,5.9,3.5,8.8,1.0,1,5000,99.5,82.7,1,,subcounty_exact,KE023127,Turkana South
TURKANA,turkana west,KAKUMA,14579.0,Kakuma Refugee Hospital,Level 4,Operational,3.7106229,34.8555924,6,18450,0.89,0.1365070952706123,0.0,arid,1.0,0.0,23.0,22.6,31.7,43.2,52.6,57.7,56.8,49.4,50.6,8.6,9.9,6.1,8.8,5.9,3.5,8.8,1.0,1,5000,99.5,82.7,0,,subcounty_exact,KE023124,Turkana West
WAJIR,wajir north,MALKAGUFU,13312.0,Buna Sub-District Hospital,Level 4,Operational,1.7508246,40.0593115,6,11400,0.88,0.16962182979119392,0.0,arid,1.0,0.0,12.4,22.8,16.2,53.6,56.6,44.9,46.4,43.6,56.4,7.6,5.0,3.4,10.0,7.5,4.8,8.4,1.0,1,5000,84.0,64.7,0,,subcounty_exact,KE008033,Wajir North
WAJIR,wajir east,KHOROF/HARAR,13380.0,Khorof Harar Sub-District Hospital,Level 4,Operational,2.2058413,40.7566415,6,11400,0.88,0.137552081876905,0.0,arid,1.0,0.0,12.4,22.8,16.2,53.6,56.6,44.9,46.4,43.6,56.4,7.6,5.0,3.4,10.0,7.5,4.8,8.4,1.0,1,5000,84.0,64.7,1,,subcounty_exact,KE008034,Wajir East
WAJIR,wajir south,LAGBOGHOI SOUTH,13394.0,Leheley Sub District Hospital,Level 4,Operational,1.6276279,40.0073865,6,11400,0.88,0.15192846408331026,0.0,arid,0.35907377852732647,0.6409262214726735,12.4,22.8,16.2,53.6,56.6,44.9,46.4,43.6,56.4,7.6,5.0,3.4,10.0,7.5,4.8,8.4,1.0,1,5000,84.0,64.7,1,,subcounty_exact,KE008038,Wajir South
WAJIR,wajir south,HABASSWEIN,13265.0,Abakore Sub District Hospital,Level 4,Operational,1.6276279,40.0073865,6,11400,0.88,0.15192846408331026,0.0,arid,0.35907377852732647,0.6409262214726735,12.4,22.8,16.2,53.6,56.6,44.9,46.4,43.6,56.4,7.6,5.0,3.4,10.0,7.5,4.8,8.4,1.0,1,5000,84.0,64.7,1,,subcounty_exact,KE008038,Wajir South
WAJIR,wajir south,DADAJA BULLA,13317.0,Dadajabula Sub District Hospital,Level 4,Operational,1.6276279,40.0073865,6,11400,0.88,0.15192846408331026,0.0,arid,0.35907377852732647,0.6409262214726735,12.4,22.8,16.2,53.6,56.6,44.9,46.4,43.6,56.4,7.6,5.0,3.4,10.0,7.5,4.8,8.4,1.0,1,5000,84.0,64.7,1,,subcounty_exact,KE008038,Wajir South
TURKANA,turkana west,KALOBEYEI,15315.0,Natira Dispensary,Level 2,Operational,3.7743965,34.6261937,2,14800,0.89,0.1365070952706123,24.094,arid,1.0,0.0,23.0,22.6,31.7,43.2,52.6,57.7,56.8,49.4,50.6,8.6,9.9,6.1,8.8,5.9,3.5,8.8,1.0,1,5000,99.5,82.7,2,,subcounty_exact,KE023124,Turkana West
WEST POKOT,pokot central,WEI WEI,15472.0,Psigor Dispensary,Level 2,Operational,1.2509717,35.051975,2,13500,0.83,0.1815939520462156,6.827,semi_arid,0.6093682652151844,0.3906317347848156,33.5,11.0,27.1,55.5,65.3,35.0,44.5,78.8,21.2,8.7,2.4,3.9,1.3,7.7,6.0,6.6,1.0,0,5000,97.9,,0,,county_mean,,
TURKANA,turkana west,KAKUMA,14655.0,Kakuma Mission Hospital,Level 4,Operational,3.7106229,34.8555924,6,18450,0.89,0.1365070952706123,0.0,arid,1.0,0.0,23.0,22.6,31.7,43.2,52.6,57.7,56.8,49.4,50.6,8.6,9.9,6.1,8.8,5.9,3.5,8.8,1.0,1,5000,99.5,82.7,2,,subcounty_exact,KE023124,Turkana West
TURKANA,turkana west,LOKICHOGGIO,15081.0,Lopiding Sub County Hospital,Level 4,Operational,3.7052903,34.8844443,6,8920,0.89,0.1365070952706123,0.0,arid,1.0,0.0,23.0,22.6,31.7,43.2,52.6,57.7,56.8,49.4,50.6,8.6,9.9,6.1,8.8,5.9,3.5,8.8,1.0,1,5000,99.5,82.7,2,,subcounty_exact,KE023124,Turkana West
WEST POKOT,pokot south,TAPACH,15609.0,Sondany Dispensary,Level 2,Operational,1.2509717,35.051975,2,13500,0.83,0.1767883522831671,6.827,semi_arid,1.0,0.0,33.5,11.0,27.1,55.5,65.3,35.0,44.5,78.8,21.2,8.7,2.4,3.9,1.3,7.7,6.0,6.6,1.0,0,5000,97.9,,0,,subcounty_exact,KE024132,Pokot South
WAJIR,wajir north,BUTE,13314.0,Bute District Hospital,Level 4,Operational,3.3706506,39.4251408,6,11400,0.88,0.16962182979119392,0.0,arid,1.0,0.0,12.4,22.8,16.2,53.6,56.6,44.9,46.4,43.6,56.4,7.6,5.0,3.4,10.0,7.5,4.8,8.4,1.0,1,5000,84.0,64.7,0,,subcounty_exact,KE008033,Wajir North
WEST POKOT,pokot south,TAPACH,15708.0,Tapach Dispensary,Level 2,Operational,1.2509717,35.051975,2,13500,0.83,0.1767883522831671,6.827,semi_arid,1.0,0.0,33.5,11.0,27.1,55.5,65.3,35.0,44.5,78.8,21.2,8.7,2.4,3.9,1.3,7.7,6.0,6.6,1.0,0,5000,97.9,,1,,subcounty_exact,KE024132,Pokot South
TURKANA,turkana central,KANG'ATOTHA,15044.0,Lochoraikeny Dispensary,Level 2,Operational,3.7743965,34.6261937,2,10500,0.89,0.15780605951198964,24.094,arid,0.0,1.0,23.0,22.6,31.7,43.2,52.6,57.7,56.8,49.4,50.6,8.6,9.9,6.1,8.8,5.9,3.5,8.8,1.0,1,5000,99.5,82.7,1,,subcounty_exact,KE023125,Turkana Central
NAROK,transmara east,KAPSASIAN,14626.0,Kabolecho Dispensary,Level 2,Operational,-1.6039992,35.6657745,2,21000,0.78,0.15674438967657692,61.914,semi_arid,0.7227641320945796,0.2772358679054203,21.5,2.1,10.7,64.2,70.1,55.3,35.8,76.0,24.0,3.5,2.7,4.3,2.5,9.3,6.0,6.2,1.0,0,5000,96.5,26.2,0,,county_mean,,
NAROK,transmara west,KIMINTET,14859.0,Kichwa Tembo Dispensary,Level 2,Operational,-1.6039992,35.6657745,2,21000,0.78,0.15674438967657692,61.914,semi_arid,0.7227641320945796,0.2772358679054203,21.5,2.1,10.7,64.2,70.1,55.3,35.8,76.0,24.0,3.5,2.7,4.3,2.5,9.3,6.0,6.2,1.0,0,5000,96.5,26.2,0,,county_mean,,
NAROK,narok west,NAIKARRA,15411.0,Olkoroi Dispensary,Level 2,Operational,-1.6039992,35.6657745,2,21000,0.78,0.16826634103750007,61.914,semi_arid,0.1186595635641209,0.8813404364358791,21.5,2.1,10.7,64.2,70.1,55.3,35.8,76.0,24.0,3.5,2.7,4.3,2.5,9.3,6.0,6.2,1.0,0,5000,96.5,26.2,0,,subcounty_exact,KE033182,Narok West
WEST POKOT,pokot central,LOMUT,14214.0,Arpollo Dispensary,Level 2,Operational,1.2509717,35.051975,2,13500,0.83,0.1815939520462156,6.827,semi_arid,0.6093682652151844,0.3906317347848156,33.5,11.0,27.1,55.5,65.3,35.0,44.5,78.8,21.2,8.7,2.4,3.9,1.3,7.7,6.0,6.6,1.0,0,5000,97.9,,0,,county_mean,,
TURKANA,turkana south,KATILU,14660.0,Kalemungorok Dispensary,Level 2,Operational,3.7743965,34.6261937,2,10500,0.89,0.1319170700709337,24.094,arid,0.0,1.0,23.0,22.6,31.7,43.2,52.6,57.7,56.8,49.4,50.6,8.6,9.9,6.1,8.8,5.9,3.5,8.8,1.0,1,5000,99.5,82.7,1,,subcounty_exact,KE023127,Turkana South
TURKANA,turkana south,KAPUTIR,14601.0,Juluk Dispensary,Level 2,Operational,3.7743965,34.6261937,2,10500,0.89,0.1319170700709337,24.094,arid,0.0,1.0,23.0,22.6,31.7,43.2,52.6,57.7,56.8,49.4,50.6,8.6,9.9,6.1,8.8,5.9,3.5,8.8,1.0,1,5000,99.5,82.7,1,,subcounty_exact,KE023127,Turkana South
WAJIR,tarbaj,TARBAJ,13391.0,Lafaley Dispensary,Level 2,Operational,1.8785676,40.6291198,2,8100,0.88,0.18462230460976475,18.532,arid,1.0,0.0,12.4,22.8,16.2,53.6,56.6,44.9,46.4,43.6,56.4,7.6,5.0,3.4,10.0,7.5,4.8,8.4,1.0,1,5000,84.0,64.7,1,,subcounty_exact,KE008035,Tarbaj
TURKANA,turkana west,SONGOT,14209.0,Aposta Dispensary,Level 2,Operational,3.7743965,34.6261937,2,10500,0.89,0.1365070952706123,24.094,arid,1.0,0.0,23.0,22.6,31.7,43.2,52.6,57.7,56.8,49.4,50.6,8.6,9.9,6.1,8.8,5.9,3.5,8.8,1.0,1,5000,99.5,82.7,3,,subcounty_exact,KE023124,Turkana West
NAROK,narok west,ILMOTIOOK,15251.0,Mulot Catholic Dispensary,Level 2,Operational,-1.6039992,35.6657745,2,21000,0.78,0.16826634103750007,61.914,semi_arid,0.1186595635641209,0.8813404364358791,21.5,2.1,10.7,64.2,70.1,55.3,35.8,76.0,24.0,3.5,2.7,4.3,2.5,9.3,6.0,6.2,1.0,0,5000,96.5,26.2,0,,subcounty_exact,KE033182,Narok West
TURKANA,turkana north,LAKEZONE,14974.0,Kokiselei Dispensary,Level 2,Operational,3.7743965,34.6261937,2,10500,0.89,0.15423652551061806,24.094,arid,0.00596735289995648,0.9940326471000435,23.0,22.6,31.7,43.2,52.6,57.7,56.8,49.4,50.6,8.6,9.9,6.1,8.8,5.9,3.5,8.8,1.0,1,5000,99.5,82.7,1,,subcounty_exact,KE023123,Turkana North
TURKANA,turkana west,KALOBEYEI,15445.0,Oropoi Dispensary,Level 2,Operational,3.7743965,34.6261937,2,14800,0.89,0.1365070952706123,24.094,arid,1.0,0.0,23.0,22.6,31.7,43.2,52.6,57.7,56.8,49.4,50.6,8.6,9.9,6.1,8.8,5.9,3.5,8.8,1.0,1,5000,99.5,82.7,1,,subcounty_exact,KE023124,Turkana West
TURKANA,turkana north,NAKALALE,15063.0,Lokore Dispensary,Level 2,Operational,3.7743965,34.6261937,2,9800,0.89,0.15423652551061806,24.094,arid,0.00596735289995648,0.9940326471000435,23.0,22.6,31.7,43.2,52.6,57.7,56.8,49.4,50.6,8.6,9.9,6.1,8.8,5.9,3.5,8.8,1.0,1,5000,99.5,82.7,0,,subcounty_exact,KE023123,Turkana North
WAJIR,wajir north,DANABA,13421.0,Qudama Dispensary,Level 2,Operational,3.1782246,39.8213942,2,11400,0.88,0.16962182979119392,18.26,arid,1.0,0.0,12.4,22.8,16.2,53.6,56.6,44.9,46.4,43.6,56.4,7.6,5.0,3.4,10.0,7.5,4.8,8.4,1.0,1,5000,84.0,64.7,1,,subcounty_exact,KE008033,Wajir North
WAJIR,wajir east,TOWNSHIP,13450.0,Wagberi Dispensary,Level 2,Operational,1.8785676,40.6291198,2,45200,0.88,0.137552081876905,18.532,arid,1.0,0.0,12.4,22.8,16.2,53.6,56.6,44.9,46.4,43.6,56.4,7.6,5.0,3.4,10.0,7.5,4.8,8.4,1.0,1,5000,84.0,64.7,0,,subcounty_exact,KE008034,Wajir East
TURKANA,turkana west,LETEA,14662.0,Kalobeyei Dispensary,Level 2,Operational,3.7743965,34.6261937,2,10500,0.89,0.1365070952706123,24.094,arid,1.0,0.0,23.0,22.6,31.7,43.2,52.6,57.7,56.8,49.4,50.6,8.6,9.9,6.1,8.8,5.9,3.5,8.8,1.0,1,5000,99.5,82.7,2,,subcounty_exact,KE023124,Turkana West
TURKANA,turkana east,KAPEDO/NAPEITOM,14699.0,Kapedo Health Centre,Level 3,Operational,3.735405,34.8397987,4,10500,0.89,0.1030812324929972,0.0,arid,0.0,1.0,23.0,22.6,31.7,43.2,52.6,57.7,56.8,49.4,50.6,8.6,9.9,6.1,8.8,5.9,3.5,8.8,1.0,1,5000,99.5,82.7,0,,subcounty_exact,KE023128,Turkana East
TURKANA,turkana north,LAKEZONE,15310.0,Nariokotome Dispensary,Level 2,Operational,3.7743965,34.6261937,2,10500,0.89,0.15423652551061806,24.094,arid,0.00596735289995648,0.9940326471000435,23.0,22.6,31.7,43.2,52.6,57.7,56.8,49.4,50.6,8.6,9.9,6.1,8.8,5.9,3.5,8.8,1.0,1,5000,99.5,82.7,1,,subcounty_exact,KE023123,Turkana North
TURKANA,turkana north,LAKEZONE,14681.0,Kanakurudio Health Centre,Level 3,Operational,3.735405,34.8397987,4,10500,0.89,0.15423652551061806,0.0,arid,0.00596735289995648,0.9940326471000435,23.0,22.6,31.7,43.2,52.6,57.7,56.8,49.4,50.6,8.6,9.9,6.1,8.8,5.9,3.5,8.8,1.0,1,5000,99.5,82.7,1,,subcounty_exact,KE023123,Turkana North
NAROK,narok north,NKARETA,15279.0,Naisoya Dispensary,Level 2,Operational,-1.6039992,35.6657745,2,21000,0.78,0.15117207386495118,61.914,semi_arid,1.0,0.0,21.5,2.1,10.7,64.2,70.1,55.3,35.8,76.0,24.0,3.5,2.7,4.3,2.5,9.3,6.0,6.2,1.0,0,5000,96.5,26.2,1,,subcounty_exact,KE033179,Narok North
WEST POKOT,pokot central,SEKERR,15542.0,Sekerr Dispensary,Level 2,Operational,1.2509717,35.051975,2,13500,0.83,0.1815939520462156,6.827,semi_arid,0.6093682652151844,0.3906317347848156,33.5,11.0,27.1,55.5,65.3,35.0,44.5,78.8,21.2,8.7,2.4,3.9,1.3,7.7,6.0,6.6,1.0,0,5000,97.9,,0,,county_mean,,
WAJIR,wajir west,HADADO/ATHIBOHOL,13295.0,Athibohol Dispensary,Level 2,Operational,1.8785676,40.6291198,2,11400,0.88,0.1538258126664526,18.532,arid,1.0,0.0,12.4,22.8,16.2,53.6,56.6,44.9,46.4,43.6,56.4,7.6,5.0,3.4,10.0,7.5,4.8,8.4,1.0,1,5000,84.0,64.7,1,,subcounty_exact,KE008036,Wajir West
TURKANA,turkana south,KAPUTIR,14700.0,Kapelibok Dispensary,Level 2,Operational,3.7743965,34.6261937,2,10500,0.89,0.1319170700709337,24.094,arid,0.0,1.0,23.0,22.6,31.7,43.2,52.6,57.7,56.8,49.4,50.6,8.6,9.9,6.1,8.8,5.9,3.5,8.8,1.0,1,5000,99.5,82.7,0,,subcounty_exact,KE023127,Turkana South
NAROK,narok east,MOSIRO,15369.0,Nturumeti Dispensary,Level 2,Operational,-1.6039992,35.6657745,2,21000,0.78,0.1565382055076941,61.914,semi_arid,1.0,0.0,21.5,2.1,10.7,64.2,70.1,55.3,35.8,76.0,24.0,3.5,2.7,4.3,2.5,9.3,6.0,6.2,1.0,0,5000,96.5,26.2,0,,subcounty_exact,KE033180,Narok East
WEST POKOT,pokot north,KODICH,16366.0,Nakwijit Dispensary,Level 2,Operational,1.2509717,35.051975,2,13500,0.83,0.1815939520462156,6.827,semi_arid,0.6093682652151844,0.3906317347848156,33.5,11.0,27.1,55.5,65.3,35.0,44.5,78.8,21.2,8.7,2.4,3.9,1.3,7.7,6.0,6.6,1.0,0,5000,97.9,,0,,county_mean,,
TURKANA,turkana south,KATILU,14818.0,Katilu Health Centre,Level 3,Operational,3.735405,34.8397987,4,10500,0.89,0.1319170700709337,0.0,arid,0.0,1.0,23.0,22.6,31.7,43.2,52.6,57.7,56.8,49.4,50.6,8.6,9.9,6.1,8.8,5.9,3.5,8.8,1.0,1,5000,99.5,82.7,1,,subcounty_exact,KE023127,Turkana South
TURKANA,turkana north,LAKEZONE,14636.0,Kachoda Dispensary,Level 2,Operational,3.7743965,34.6261937,2,10500,0.89,0.15423652551061806,24.094,arid,0.00596735289995648,0.9940326471000435,23.0,22.6,31.7,43.2,52.6,57.7,56.8,49.4,50.6,8.6,9.9,6.1,8.8,5.9,3.5,8.8,1.0,1,5000,99.5,82.7,1,,subcounty_exact,KE023123,Turkana North
TURKANA,turkana north,KAALENG/KAIKOR,14604.0,Kaaleng Health Centre,Level 3,Operational,3.735405,34.8397987,4,10500,0.89,0.15423652551061806,0.0,arid,0.00596735289995648,0.9940326471000435,23.0,22.6,31.7,43.2,52.6,57.7,56.8,49.4,50.6,8.6,9.9,6.1,8.8,5.9,3.5,8.8,1.0,1,5000,99.5,82.7,2,,subcounty_exact,KE023123,Turkana North
WAJIR,wajir east,WAGBERI,13415.0,Orahey Medical Clinic,Level 2,Operational,1.7371504,40.0627419,2,11400,0.88,0.137552081876905,0.0,arid,1.0,0.0,12.4,22.8,16.2,53.6,56.6,44.9,46.4,43.6,56.4,7.6,5.0,3.4,10.0,7.5,4.8,8.4,1.0,1,5000,84.0,64.7,0,,subcounty_exact,KE008034,Wajir East
NAROK,narok south,LOITA,15428.0,Olorte Dispensary,Level 2,Operational,-1.6039992,35.6657745,2,21000,0.78,0.1690642707642044,61.914,semi_arid,0.5167525992478772,0.4832474007521228,21.5,2.1,10.7,64.2,70.1,55.3,35.8,76.0,24.0,3.5,2.7,4.3,2.5,9.3,6.0,6.2,1.0,0,5000,96.5,26.2,0,,subcounty_exact,KE033181,Narok South
TURKANA,turkana north,LAPUR,15062.0,Lokitaung Sub County Hospital,Level 4,Operational,3.7052903,34.8844443,6,10500,0.89,0.15423652551061806,0.0,arid,0.00596735289995648,0.9940326471000435,23.0,22.6,31.7,43.2,52.6,57.7,56.8,49.4,50.6,8.6,9.9,6.1,8.8,5.9,3.5,8.8,1.0,1,5000,99.5,82.7,2,,subcounty_exact,KE023123,Turkana North
WEST POKOT,pokot south,TAPACH,14772.0,Kaptabuk Dispensary,Level 2,Operational,1.2509717,35.051975,2,13500,0.83,0.1767883522831671,6.827,semi_arid,1.0,0.0,33.5,11.0,27.1,55.5,65.3,35.0,44.5,78.8,21.2,8.7,2.4,3.9,1.3,7.7,6.0,6.6,1.0,0,5000,97.9,,0,,subcounty_exact,KE024132,Pokot South
WAJIR,tarbaj,SARMAN,13436.0,Sarman Dispensary,Level 2,Operational,2.5405338,39.9520173,2,11400,0.88,0.18462230460976475,16.944,arid,1.0,0.0,12.4,22.8,16.2,53.6,56.6,44.9,46.4,43.6,56.4,7.6,5.0,3.4,10.0,7.5,4.8,8.4,1.0,1,5000,84.0,64.7,1,,subcounty_exact,KE008035,Tarbaj
TAITA TAVETA,voi,SAGALA,22475.0,Bamako Dispensary,Level 2,Operational,-3.443532,38.524042,2,12100,0.73,0.11063781749764817,0.574,semi_arid,1.0,0.0,,,,,,,,,,,,,,,,,1.0,0,5000,100.0,,0,,subcounty_exact,KE006026,Voi
TAITA TAVETA,voi,MBOLOLO,22464.0,Mwangea Dispensary,Level 2,Operational,-3.368148,38.545476,2,12100,0.73,0.11063781749764817,1.117,semi_arid,1.0,0.0,,,,,,,,,,,,,,,,,1.0,0,5000,100.0,,0,,subcounty_exact,KE006026,Voi
TAITA TAVETA,voi,MARUNGU,21383.0,Tsavo Clinic,Level 2,Operational,-3.49638,38.731137,2,14300,0.73,0.11063781749764817,1.17,semi_arid,1.0,0.0,,,,,,,,,,,,,,,,,1.0,0,5000,100.0,,0,,subcounty_exact,KE006026,Voi
TAITA TAVETA,wundanyi,WUNDANYI/MBALE,21022.0,Taita Taveta Beyond Zero Campaign Clinic,Level 2,Operational,-3.400747,38.370664,2,18200,0.73,0.09603196472857536,0.644,semi_arid,1.0,0.0,,,,,,,,,,,,,,,,,0.0,0,5000,100.0,,0,,subcounty_exact,KE006024,Wundanyi
TAITA TAVETA,wundanyi,WUNDANYI/MBALE,19735.0,Wundanyi GK Prisons,Level 2,Operational,-3.405731,38.361046,2,18200,0.73,0.09603196472857536,0.127,semi_arid,1.0,0.0,,,,,,,,,,,,,,,,,0.0,0,5000,100.0,,0,,subcounty_exact,KE006024,Wundanyi
TAITA TAVETA,mwatate,BURA(MWATATE),19706.0,Sarova Hotels,Level 2,Operational,-3.476462,38.314455,2,16800,0.73,0.10330736926481607,1.763,semi_arid,1.0,0.0,,,,,,,,,,,,,,,,,1.0,0,5000,100.0,,0,,subcounty_exact,KE006025,Mwatate
TAITA TAVETA,voi,KALOLENI,19092.0,Tumaini Clinic Voi,Level 2,Operational,-3.396679,38.564461,2,17000,0.73,0.11063781749764817,0.148,semi_arid,1.0,0.0,,,,,,,,,,,,,,,,,1.0,0,5000,100.0,,0,,subcounty_exact,KE006026,Voi
TAITA TAVETA,voi,KALOLENI,19090.0,Voi Medical Clinix,Level 2,Operational,-3.397786,38.557186,2,17000,0.73,0.11063781749764817,0.385,semi_arid,1.0,0.0,,,,,,,,,,,,,,,,,1.0,0,5000,100.0,,0,,subcounty_exact,KE006026,Voi
TAITA TAVETA,voi,KALOLENI,19089.0,Voi Dental,Level 2,Operational,-3.397167,38.557052,2,17000,0.73,0.11063781749764817,0.315,semi_arid,1.0,0.0,,,,,,,,,,,,,,,,,1.0,0,5000,100.0,,0,,subcounty_exact,KE006026,Voi
TAITA TAVETA,wundanyi,WUNDANYI/MBALE,19085.0,Sere Clinic,Level 2,Operational,-3.402681,38.368146,2,18200,0.73,0.09603196472857536,0.357,semi_arid,1.0,0.0,,,,,,,,,,,,,,,,,0.0,0,5000,100.0,,0,,subcounty_exact,KE006024,Wundanyi
TAITA TAVETA,voi,MARUNGU,18858.0,Maungu Model Health Centre,Level 3,Operational,-3.491802,38.740626,4,14300,0.73,0.11063781749764817,0.0,semi_arid,1.0,0.0,,,,,,,,,,,,,,,,,1.0,0,5000,100.0,,1,,subcounty_exact,KE006026,Voi
TAITA TAVETA,taveta,CHALA,18601.0,St Joseph Mission Dispensary Chumvini,Level 2,Operational,-3.353814,37.716717,2,11200,0.73,0.11634539339665599,1.736,semi_arid,1.0,0.0,,,,,,,,,,,,,,,,,1.0,0,5000,100.0,,0,,subcounty_exact,KE006023,Taveta
TAITA TAVETA,voi,KALOLENI,18313.0,Corner Clinic,Level 2,Operational,-3.400723,38.558859,2,17000,0.73,0.11063781749764817,0.757,semi_arid,1.0,0.0,,,,,,,,,,,,,,,,,1.0,0,5000,100.0,,0,,subcounty_exact,KE006026,Voi
TAITA TAVETA,mwatate,BURA(MWATATE),18312.0,Bura Health Centre Taita,Level 3,Operational,-3.480103,38.298999,4,16800,0.73,0.10330736926481607,0.0,semi_arid,1.0,0.0,,,,,,,,,,,,,,,,,1.0,0,5000,100.0,,1,,subcounty_exact,KE006025,Mwatate
TAITA TAVETA,taveta,CHALA,18187.0,Mahandakini Dispensary,Level 2,Operational,-3.355747,37.715582,2,11200,0.73,0.11634539339665599,1.899,semi_arid,1.0,0.0,,,,,,,,,,,,,,,,,1.0,0,5000,100.0,,0,,subcounty_exact,KE006023,Taveta
TAITA TAVETA,voi,KALOLENI,17704.0,Voi Medical Centre,Level 2,Operational,-3.393945,38.560033,2,17000,0.73,0.11063781749764817,0.416,semi_arid,1.0,0.0,,,,,,,,,,,,,,,,,1.0,0,5000,100.0,,0,,subcounty_exact,KE006026,Voi
TAITA TAVETA,voi,KALOLENI,17703.0,Voi Roadside Clinic,Level 2,Operational,-3.391086,38.565512,2,17000,0.73,0.11063781749764817,0.11,semi_arid,1.0,0.0,,,,,,,,,,,,,,,,,1.0,0,5000,100.0,,0,,subcounty_exact,KE006026,Voi
TAITA TAVETA,mwatate,BURA(MWATATE),17672.0,Mbaga Dispensary,Level 2,Operational,-3.478558,38.324462,2,16800,0.73,0.10330736926481607,2.831,semi_arid,1.0,0.0,,,,,,,,,,,,,,,,,1.0,0,5000,100.0,,0,,subcounty_exact,KE006025,Mwatate
TAITA TAVETA,mwatate,CHAWIA,17127.0,Manoa Dispensary,Level 2,Operational,-3.495487,38.399034,2,14300,0.73,0.10330736926481607,1.27,semi_arid,1.0,0.0,,,,,,,,,,,,,,,,,1.0,0,5000,100.0,,0,,subcounty_exact,KE006025,Mwatate
TAITA TAVETA,mwatate,RONGE,17120.0,Shelemba,Level 2,Operational,-3.434715,38.464256,2,11200,0.73,0.10330736926481607,7.04,semi_arid,1.0,0.0,,,,,,,,,,,,,,,,,1.0,0,5000,100.0,,0,,subcounty_exact,KE006025,Mwatate
TAITA TAVETA,taveta,MATA,11577.0,Mata Dispensary (Taveta),Level 2,Operational,-3.478824,37.680723,2,9800,0.73,0.11634539339665599,9.018,semi_arid,1.0,0.0,,,,,,,,,,,,,,,,,1.0,0,5000,100.0,,1,,subcounty_exact,KE006023,Taveta
TAITA TAVETA,taveta,MAHOO,11702.0,Ndilidau Dispensary (Jipe),Level 2,Operational,-3.412208,37.64355,2,17000,0.73,0.11634539339665599,3.731,semi_arid,1.0,0.0,,,,,,,,,,,,,,,,,1.0,0,5000,100.0,,1,,subcounty_exact,KE006023,Taveta
TAITA TAVETA,wundanyi,WERUGHA,11904.0,Werugha Health Centre,Level 3,Operational,-3.382949,38.346901,4,17000,0.73,0.09603196472857536,0.0,semi_arid,1.0,0.0,,,,,,,,,,,,,,,,,0.0,0,5000,100.0,,1,,subcounty_exact,KE006024,Wundanyi
TAITA TAVETA,mwatate,CHAWIA,11415.0,Horesha Medicalicare,Level 2,Operational,-3.485,38.403695,2,14300,0.73,0.10330736926481607,1.719,semi_arid,1.0,0.0,,,,,,,,,,,,,,,,,1.0,0,5000,100.0,,0,,subcounty_exact,KE006025,Mwatate
TAITA TAVETA,voi,MBOLOLO,11817.0,St Joseph's Shelter of Hope,Level 2,Operational,-3.380171,38.534275,2,12100,0.73,0.11063781749764817,2.102,semi_arid,1.0,0.0,,,,,,,,,,,,,,,,,1.0,0,5000,100.0,,0,,subcounty_exact,KE006026,Voi
TAITA TAVETA,wundanyi,WUMINGU/KISHUSHE,11299.0,Dawida Maternity Nursing Home,Level 4,Operational,-3.361737,38.387499,6,17000,0.73,0.09603196472857536,0.0,semi_arid,1.0,0.0,,,,,,,,,,,,,,,,,0.0,0,5000,100.0,,0,,subcounty_exact,KE006024,Wundanyi
TAITA TAVETA,wundanyi,WUMINGU/KISHUSHE,11201.0,Afya Clinic,Level 2,Operational,-3.363568,38.391533,2,17000,0.73,0.09603196472857536,0.492,semi_arid,1.0,0.0,,,,,,,,,,,,,,,,,0.0,0,5000,100.0,,0,,subcounty_exact,KE006024,Wundanyi
TAITA TAVETA,mwatate,MWATATE,11694.0,Mwatate Sisal Estate Clinic,Level 2,Operational,-3.502589,38.372934,2,16800,0.73,0.10330736926481607,1.239,semi_arid,1.0,0.0,,,,,,,,,,,,,,,,,1.0,0,5000,100.0,,0,,subcounty_exact,KE006025,Mwatate
TAITA TAVETA,wundanyi,WUNDANYI/MBALE,11680.0,Mvono Clinic,Level 2,Operational,-3.400131,38.369662,2,18200,0.73,0.09603196472857536,0.558,semi_arid,1.0,0.0,,,,,,,,,,,,,,,,,0.0,0,5000,100.0,,0,,subcounty_exact,KE006024,Wundanyi
TAITA TAVETA,voi,KALOLENI,11757.0,Riflot Medical Centre,Level 4,Operational,-3.395532,38.565132,6,17000,0.73,0.11063781749764817,0.0,semi_arid,1.0,0.0,,,,,,,,,,,,,,,,,1.0,0,5000,100.0,,0,,subcounty_exact,KE006026,Voi
TAITA TAVETA,voi,KALOLENI,11647.0,Mount View Nursing & Maternity Home,Level 4,Operational,-3.38971,38.555909,6,17000,0.73,0.11063781749764817,0.0,semi_arid,1.0,0.0,,,,,,,,,,,,,,,,,1.0,0,5000,100.0,,0,,subcounty_exact,KE006026,Voi
TAITA TAVETA,mwatate,MWATATE,11441.0,Joy Medical Clinic (Mwatate),Level 2,Operational,-3.500951,38.389221,2,16800,0.73,0.10330736926481607,1.224,semi_arid,1.0,0.0,,,,,,,,,,,,,,,,,1.0,0,5000,100.0,,0,,subcounty_exact,KE006025,Mwatate
TAITA TAVETA,mwatate,BURA(MWATATE),11265.0,Bura Mission Clinic,Level 2,Operational,-3.476799,38.319867,2,16800,0.73,0.10330736926481607,2.345,semi_arid,1.0,0.0,,,,,,,,,,,,,,,,,1.0,0,5000,100.0,,0,,subcounty_exact,KE006025,Mwatate
TAITA TAVETA,mwatate,BURA(MWATATE),16554.0,Mwashuma Dispensary (CDF),Level 2,Operational,-3.49221,38.317516,2,16800,0.73,0.10330736926481607,2.457,semi_arid,1.0,0.0,,,,,,,,,,,,,,,,,1.0,0,5000,100.0,,0,,subcounty_exact,KE006025,Mwatate
TAITA TAVETA,taveta,CHALA,11278.0,Challa Dispensary,Level 2,Operational,-3.351167,37.716094,2,11200,0.73,0.11634539339665599,1.438,semi_arid,1.0,0.0,,,,,,,,,,,,,,,,,1.0,0,5000,100.0,,0,,subcounty_exact,KE006023,Taveta
TAITA TAVETA,voi,KALOLENI,11705.0,Ndovu Health Centre,Level 3,Operational,-3.390113,38.565671,4,17000,0.73,0.11063781749764817,0.0,semi_arid,1.0,0.0,,,,,,,,,,,,,,,,,1.0,0,5000,100.0,,1,,subcounty_exact,KE006026,Voi
TAITA TAVETA,taveta,CHALA,11915.0,Ziwani Dispensary,Level 2,Operational,-3.353842,37.721122,2,11200,0.73,0.11634539339665599,1.973,semi_arid,1.0,0.0,,,,,,,,,,,,,,,,,1.0,0,5000,100.0,,0,,subcounty_exact,KE006023,Taveta
TAITA TAVETA,voi,MARUNGU,11195.0,Acode Medical Clinic Maungu,Level 2,Operational,-3.505626,38.73959,2,14300,0.73,0.11063781749764817,1.541,semi_arid,1.0,0.0,,,,,,,,,,,,,,,,,1.0,0,5000,100.0,,0,,subcounty_exact,KE006026,Voi
TAITA TAVETA,taveta,BOMANI,11745.0,Ndongo Purple Clinic,Level 2,Operational,-3.394675,37.68727,2,17000,0.73,0.11634539339665599,1.519,semi_arid,1.0,0.0,,,,,,,,,,,,,,,,,1.0,0,5000,100.0,,0,,subcounty_exact,KE006023,Taveta
TAITA TAVETA,mwatate,RONGE,11656.0,Msau Dispensary,Level 2,Operational,-3.43003,38.47307,2,11200,0.73,0.10330736926481607,6.237,semi_arid,1.0,0.0,,,,,,,,,,,,,,,,,1.0,0,5000,100.0,,0,,subcounty_exact,KE006025,Mwatate
TAITA TAVETA,taveta,MBOGHONI,11365.0,Divine Mercy Eldoro (Catholic) Dispensary,Level 2,Operational,-3.397978,37.685312,2,17000,0.73,0.11634539339665599,1.256,semi_arid,1.0,0.0,,,,,,,,,,,,,,,,,1.0,0,5000,100.0,,0,,subcounty_exact,KE006023,Taveta
TAITA TAVETA,taveta,MBOGHONI,11841.0,Taveta Meditech Centre,Level 2,Operational,-3.401715,37.695631,2,17000,0.73,0.11634539339665599,2.436,semi_arid,1.0,0.0,,,,,,,,,,,,,,,,,1.0,0,5000,100.0,,0,,subcounty_exact,KE006023,Taveta
TAITA TAVETA,wundanyi,MWANDA/MGANGE,11769.0,Sangekoro Dispensary,Level 2,Operational,-3.393945,38.359331,2,17000,0.73,0.09603196472857536,0.877,semi_arid,1.0,0.0,,,,,,,,,,,,,,,,,0.0,0,5000,100.0,,0,,subcounty_exact,KE006024,Wundanyi
TAITA TAVETA,mwatate,BURA(MWATATE),11763.0,Sagaighu Dispensary,Level 2,Operational,-3.480486,38.314067,2,16800,0.73,0.10330736926481607,1.673,semi_arid,1.0,0.0,,,,,,,,,,,,,,,,,1.0,0,5000,100.0,,2,,subcounty_exact,KE006025,Mwatate
TAITA TAVETA,mwatate,BURA(MWATATE),11652.0,Mrughua Dispensary,Level 2,Operational,-3.476304,38.311363,2,16800,0.73,0.10330736926481607,1.436,semi_arid,1.0,0.0,,,,,,,,,,,,,,,,,1.0,0,5000,100.0,,0,,subcounty_exact,KE006025,Mwatate
TAITA TAVETA,mwatate,RONGE,11469.0,Kighombo Dispensary,Level 2,Operational,-3.439555,38.477911,2,11200,0.73,0.10330736926481607,5.448,semi_arid,1.0,0.0,,,,,,,,,,,,,,,,,1.0,0,5000,100.0,,0,,subcounty_exact,KE006025,Mwatate
TAITA TAVETA,taveta,MBOGHONI,11477.0,Kimorigho Dispensary,Level 2,Operational,-3.41122,37.693639,2,17000,0.73,0.11634539339665599,2.629,semi_arid,1.0,0.0,,,,,,,,,,,,,,,,,1.0,0,5000,100.0,,1,,subcounty_exact,KE006023,Taveta
TAITA TAVETA,voi,KASIGAU,11262.0,Bughuta Health Centre,Level 3,Operational,-3.40872,38.557301,4,17000,0.73,0.11063781749764817,0.0,semi_arid,1.0,0.0,,,,,,,,,,,,,,,,,1.0,0,5000,100.0,,1,,subcounty_exact,KE006026,Voi
TAITA TAVETA,voi,KASIGAU,11455.0,Kasigau Rdch,Level 3,Operational,-3.395143,38.551408,4,17000,0.73,0.11063781749764817,0.0,semi_arid,1.0,0.0,,,,,,,,,,,,,,,,,1.0,0,5000,100.0,,0,,subcounty_exact,KE006026,Voi
TAITA TAVETA,voi,SAGALA,11451.0,Kajire Dispensary,Level 2,Operational,-3.454571,38.512306,2,12100,0.73,0.11063781749764817,1.699,semi_arid,1.0,0.0,,,,,,,,,,,,,,,,,1.0,0,5000,100.0,,1,,subcounty_exact,KE006026,Voi
TAITA TAVETA,mwatate,CHAWIA,11463.0,Kiangachinyi Dispensary,Level 2,Operational,-3.479338,38.397644,2,14300,0.73,0.10330736926481607,1.519,semi_arid,1.0,0.0,,,,,,,,,,,,,,,,,1.0,0,5000,100.0,,0,,subcounty_exact,KE006025,Mwatate
TAITA TAVETA,voi,MBOLOLO,11457.0,David Kayanda Dispensary,Level 2,Operational,-3.364234,38.539781,2,12100,0.73,0.11063781749764817,1.877,semi_arid,1.0,0.0,,,,,,,,,,,,,,,,,1.0,0,5000,100.0,,1,,subcounty_exact,KE006026,Voi
TAITA TAVETA,voi,MARUNGU,11572.0,Marungu Health Centre,Level 3,Operational,-3.500934,38.752882,4,14300,0.73,0.11063781749764817,0.0,semi_arid,1.0,0.0,,,,,,,,,,,,,,,,,1.0,0,5000,100.0,,1,,subcounty_exact,KE006026,Voi
TAITA TAVETA,mwatate,RONGE,11686.0,Mwambirwa Dispensary,Level 2,Operational,-3.42711,38.455519,2,11200,0.73,0.10330736926481607,8.191,semi_arid,1.0,0.0,,,,,,,,,,,,,,,,,1.0,0,5000,100.0,,2,,subcounty_exact,KE006025,Mwatate
TAITA TAVETA,wundanyi,MWANDA/MGANGE,11688.0,Mwanda Health Centre (Taita Taveta),Level 3,Operational,-3.401823,38.358977,4,17000,0.73,0.09603196472857536,0.0,semi_arid,1.0,0.0,,,,,,,,,,,,,,,,,0.0,0,5000,100.0,,0,,subcounty_exact,KE006024,Wundanyi
TAITA TAVETA,voi,NGOLIA,11704.0,Ndome Dispensary (Taita),Level 2,Operational,-3.407163,38.551483,2,17000,0.73,0.11063781749764817,0.669,semi_arid,1.0,0.0,,,,,,,,,,,,,,,,,1.0,0,5000,100.0,,0,,subcounty_exact,KE006026,Voi
TAITA TAVETA,mwatate,BURA(MWATATE),11508.0,Kwa-Mnegwa Dispensary,Level 2,Operational,-3.480415,38.320041,2,16800,0.73,0.10330736926481607,2.336,semi_arid,1.0,0.0,,,,,,,,,,,,,,,,,1.0,0,5000,100.0,,0,,subcounty_exact,KE006025,Mwatate
TAITA TAVETA,voi,NGOLIA,11561.0,Manyani Dispensary,Level 2,Operational,-3.396145,38.560187,2,17000,0.73,0.11063781749764817,0.489,semi_arid,1.0,0.0,,,,,,,,,,,,,,,,,1.0,0,5000,100.0,,0,,subcounty_exact,KE006026,Voi
TAITA TAVETA,mwatate,WUSI/KISHAMBA,11300.0,Dawson Mwanyumba Dispensary,Level 2,Operational,-3.512057,38.369727,2,17000,0.73,0.10330736926481607,1.255,semi_arid,1.0,0.0,,,,,,,,,,,,,,,,,1.0,0,5000,100.0,,0,,subcounty_exact,KE006025,Mwatate
TAITA TAVETA,voi,NGOLIA,11390.0,Ghazi Dispensary,Level 2,Operational,-3.401235,38.550769,2,17000,0.73,0.11063781749764817,0.681,semi_arid,1.0,0.0,,,,,,,,,,,,,,,,,1.0,0,5000,100.0,,1,,subcounty_exact,KE006026,Voi
TAITA TAVETA,mwatate,WUSI/KISHAMBA,11302.0,Dembwa Dispensary,Level 2,Operational,-3.509783,38.36665,2,17000,0.73,0.10330736926481607,1.584,semi_arid,1.0,0.0,,,,,,,,,,,,,,,,,1.0,0,5000,100.0,,0,,subcounty_exact,KE006025,Mwatate
TAITA TAVETA,taveta,MBOGHONI,11491.0,Kitobo Dispensary (Taveta),Level 2,Operational,-3.412237,37.701195,2,17000,0.73,0.11634539339665599,3.409,semi_arid,1.0,0.0,,,,,,,,,,,,,,,,,1.0,0,5000,100.0,,1,,subcounty_exact,KE006023,Taveta
TAITA TAVETA,wundanyi,WUMINGU/KISHUSHE,11488.0,Kishushe Dispensary,Level 2,Operational,-3.363888,38.389181,2,17000,0.73,0.09603196472857536,0.303,semi_arid,1.0,0.0,,,,,,,,,,,,,,,,,0.0,0,5000,100.0,,1,,subcounty_exact,KE006024,Wundanyi
TAITA TAVETA,voi,NGOLIA,11591.0,Mbulia Dispensary,Level 2,Operational,-3.392757,38.564926,2,17000,0.73,0.11063781749764817,0.305,semi_arid,1.0,0.0,,,,,,,,,,,,,,,,,1.0,0,5000,100.0,,0,,subcounty_exact,KE006026,Voi
TAITA TAVETA,voi,KALOLENI,11605.0,Miasenyi Dispensary,Level 2,Operational,-3.397531,38.553699,2,17000,0.73,0.11063781749764817,0.368,semi_arid,1.0,0.0,,,,,,,,,,,,,,,,,1.0,0,5000,100.0,,0,,subcounty_exact,KE006026,Voi
TAITA TAVETA,wundanyi,MWANDA/MGANGE,11603.0,Mgange Nyika Health Centre,Level 3,Operational,-3.406971,38.368524,4,17000,0.73,0.09603196472857536,0.0,semi_arid,1.0,0.0,,,,,,,,,,,,,,,,,0.0,0,5000,100.0,,0,,subcounty_exact,KE006024,Wundanyi
TAITA TAVETA,taveta,MBOGHONI,16203.0,Kiwalwa Dispensary,Level 2,Operational,-3.414032,37.68843,2,17000,0.73,0.11634539339665599,2.397,semi_arid,1.0,0.0,,,,,,,,,,,,,,,,,1.0,0,5000,100.0,,1,,subcounty_exact,KE006023,Taveta
TAITA TAVETA,voi,NGOLIA,12018.0,Suleman Farooq Memorial Centre,Level 4,Operational,-3.390206,38.560177,6,17000,0.73,0.11063781749764817,0.0,semi_arid,1.0,0.0,,,,,,,,,,,,,,,,,1.0,0,5000,100.0,,0,,subcounty_exact,KE006026,Voi
TAITA TAVETA,taveta,MBOGHONI,11840.0,Taveta District Hospital,Level 4,Operational,-3.398,37.674,6,17000,0.73,0.11634539339665599,0.0,semi_arid,1.0,0.0,,,,,,,,,,,,,,,,,1.0,0,5000,100.0,,1,,subcounty_exact,KE006023,Taveta
TAITA TAVETA,wundanyi,MWANDA/MGANGE,11602.0,Mgange Dawida Dispensary,Level 2,Operational,-3.398449,38.355231,2,17000,0.73,0.09603196472857536,0.56,semi_arid,1.0,0.0,,,,,,,,,,,,,,,,,0.0,0,5000,100.0,,0,,subcounty_exact,KE006024,Wundanyi
TAITA TAVETA,voi,KASIGAU,11552.0,Makwasinyi Dispensary,Level 2,Operational,-3.401735,38.554892,2,17000,0.73,0.11063781749764817,0.816,semi_arid,1.0,0.0,,,,,,,,,,,,,,,,,1.0,0,5000,100.0,,1,,subcounty_exact,KE006026,Voi
TAITA TAVETA,voi,NGOLIA,11509.0,KWS Dispensary,Level 2,Operational,-3.402307,38.552412,2,17000,0.73,0.11063781749764817,0.804,semi_arid,1.0,0.0,,,,,,,,,,,,,,,,,1.0,0,5000,100.0,,0,,subcounty_exact,KE006026,Voi
TAITA TAVETA,voi,SAGALA,11760.0,Rumangao Dispensary,Level 2,Operational,-3.448068,38.511331,2,12100,0.73,0.11063781749764817,1.653,semi_arid,1.0,0.0,,,,,,,,,,,,,,,,,1.0,0,5000,100.0,,0,,subcounty_exact,KE006026,Voi
TAITA TAVETA,mwatate,WUSI/KISHAMBA,11909.0,Wusi-Wutesia (ACK) Dispensary,Level 2,Operational,-3.49898,38.382279,2,17000,0.73,0.10330736926481607,1.253,semi_arid,1.0,0.0,,,,,,,,,,,,,,,,,1.0,0,5000,100.0,,1,,subcounty_exact,KE006025,Mwatate
TAITA TAVETA,mwatate,WUSI/KISHAMBA,11650.0,Mpinzinyi Health Centre,Level 3,Operational,-3.510384,38.380912,4,17000,0.73,0.10330736926481607,0.0,semi_arid,1.0,0.0,,,,,,,,,,,,,,,,,1.0,0,5000,100.0,,0,,subcounty_exact,KE006025,Mwatate
TAITA TAVETA,wundanyi,WUNDANYI/MBALE,11908.0,Wundanyi Sub-District Hospital,Level 4,Operational,-3.402,38.365,6,18200,0.73,0.09603196472857536,0.0,semi_arid,1.0,0.0,,,,,,,,,,,,,,,,,0.0,0,5000,100.0,,0,,subcounty_exact,KE006024,Wundanyi
TAITA TAVETA,voi,SAGALA,11764.0,Sagala Health Centre,Level 3,Operational,-3.44821,38.526226,4,12100,0.73,0.11063781749764817,0.0,semi_arid,1.0,0.0,,,,,,,,,,,,,,,,,1.0,0,5000,100.0,,2,,subcounty_exact,KE006026,Voi
TAITA TAVETA,taveta,CHALA,11718.0,Njukini Health Centre,Level 3,Operational,-3.33932,37.710906,4,11200,0.73,0.11634539339665599,0.0,semi_arid,1.0,0.0,,,,,,,,,,,,,,,,,1.0,0,5000,100.0,,1,,subcounty_exact,KE006023,Taveta
TAITA TAVETA,wundanyi,WUMINGU/KISHUSHE,11720.0,Nyache Health Centre,Level 3,Operational,-3.350095,38.38453,4,17000,0.73,0.09603196472857536,0.0,semi_arid,1.0,0.0,,,,,,,,,,,,,,,,,0.0,0,5000,100.0,,0,,subcounty_exact,KE006024,Wundanyi
TAITA TAVETA,wundanyi,WUNDANYI/MBALE,11589.0,Mbale Health Centre,Level 3,Operational,-3.406862,38.360861,4,18200,0.73,0.09603196472857536,0.0,semi_arid,1.0,0.0,,,,,,,,,,,,,,,,,0.0,0,5000,100.0,,1,,subcounty_exact,KE006024,Wundanyi
TAITA TAVETA,voi,MBOLOLO,11839.0,Tausa Health Centre,Level 3,Operational,-3.375273,38.552568,4,12100,0.73,0.11063781749764817,0.0,semi_arid,1.0,0.0,,,,,,,,,,,,,,,,,1.0,0,5000,100.0,,0,,subcounty_exact,KE006026,Voi
TAITA TAVETA,wundanyi,WUNDANYI/MBALE,11906.0,Wesu District Hospital,Level 4,Operational,-3.40915,38.342224,6,18200,0.73,0.09603196472857536,0.0,semi_arid,1.0,0.0,,,,,,,,,,,,,,,,,0.0,0,5000,100.0,,0,,subcounty_exact,KE006024,Wundanyi
TAITA TAVETA,voi,MBOLOLO,11641.0,Moi District Hospital Voi,Level 4,Operational,-3.3945,38.5561,6,12100,0.73,0.11063781749764817,0.0,semi_arid,1.0,0.0,,,,,,,,,,,,,,,,,1.0,0,5000,100.0,,0,,subcounty_exact,KE006026,Voi
TAITA TAVETA,mwatate,CHAWIA,11695.0,Mwatate Sub-District Hospital,Level 4,Operational,-3.489948,38.389023,6,14300,0.73,0.10330736926481607,0.0,semi_arid,1.0,0.0,,,,,,,,,,,,,,,,,1.0,0,5000,100.0,,3,,subcounty_exact,KE006025,Mwatate
